Rent,Deposit,Furnishing,Size,Preferred Tenants,Available From,Build Up,Area,Parking
5000.0,15000,Unfurnished,1 RK,All,Ready to Move,150 sqft,banashankari,nop
4500.0,40000,Semi Furnished,1 RK,Bachelor,09-Dec-24,160 sqft,banashankari,nop
9000.0,100000,Semi Furnished,1 BHK,All,01-Jan-25,400 sqft,banashankari,nop
11000.0,100000,Semi Furnished,2 BHK,Family,14-Jan-25,600 sqft,banashankari,nop
7500.0,75000,Semi Furnished,1 RK,All,Ready to Move,200 sqft,banashankari,nop
5000.0,50000,Unfurnished,1 BHK,All,Ready to Move,300 sqft,banashankari,nop
5000.0,50004,Semi Furnished,1 BHK,All,Ready to Move,325 sqft,banashankari,nop
6500.0,40000,Unfurnished,1 BHK,Family,Ready to Move,500 sqft,banashankari,nop
15000.0,30000,Fully Furnished,1 RK,All,Ready to Move,200 sqft,banashankari,nop
3000.0,20000,Unfurnished,1 RK,Family,Ready to Move,250 sqft,banashankari,nop
20000.0,200000,Unfurnished,2 BHK,Family,Ready to Move,"1,000 sqft",banashankari,nop
3500.0,50000,Unfurnished,1 RK,All,Ready to Move,400 sqft,banashankari,nop
8500.0,80000,Unfurnished,1 BHK,Family,Ready to Move,300 sqft,banashankari,nop
6000.0,30000,Unfurnished,1 BHK,Family,10-Dec-24,500 sqft,banashankari,nop
3000.0,25000,Unfurnished,1 RK,All,Ready to Move,200 sqft,banashankari,nop
26000.0,115000,Unfurnished,2 BHK,Family,Ready to Move,"1,200 sqft",banashankari,nop
5500.0,35000,Unfurnished,1 BHK,All,Ready to Move,350 sqft,banashankari,nop
5500.0,40000,Unfurnished,1 BHK,Family,Ready to Move,400 sqft,banashankari,nop
28000.0,300000,Semi Furnished,2 BHK,All,Ready to Move,"1,500 sqft",banashankari,nop
30000.0,300000,Semi Furnished,3 BHK,Family,Ready to Move,800 sqft,banashankari,nop
14000.0,100000,Semi Furnished,1 BHK,Family,Ready to Move,500 sqft,banashankari,nop
10000.0,100000,Unfurnished,2 BHK,Family,Ready to Move,500 sqft,banashankari,nop
4500.0,40000,Unfurnished,1 RK,All,Ready to Move,200 sqft,banashankari,nop
14000.0,130000,Semi Furnished,1 BHK,Family,Ready to Move,800 sqft,banashankari,nop
4500.0,30000,Unfurnished,1 BHK,All,Ready to Move,400 sqft,banashankari,nop
10000.0,100000,Unfurnished,2 BHK,All,15-Dec-24,600 sqft,banashankari,nop
10000.0,100000,Unfurnished,2 BHK,Family,05-Dec-24,"1,000 sqft",banashankari,nop
8000.0,60000,Semi Furnished,1 BHK,All,Ready to Move,600 sqft,banashankari,nop
12000.0,100000,Semi Furnished,2 BHK,Family,Ready to Move,702 sqft,banashankari,nop
11000.0,30000,Semi Furnished,1 RK,Bachelor,Ready to Move,300 sqft,banashankari,nop
3500.0,20000,Semi Furnished,1 RK,Bachelor,Ready to Move,250 sqft,banashankari,nop
6500.0,40000,Unfurnished,1 RK,Bachelor,Ready to Move,300 sqft,banashankari,nop
8000.0,60000,Unfurnished,1 BHK,Family,Ready to Move,400 sqft,banashankari,nop
5500.0,50000,Unfurnished,1 RK,All,Ready to Move,120 sqft,banashankari,nop
8000.0,50000,Unfurnished,2 BHK,Family,Ready to Move,600 sqft,banashankari,nop
3500.0,20000,Unfurnished,1 RK,All,30-Nov-24,250 sqft,banashankari,nop
6000.0,50000,Unfurnished,1 RK,All,Ready to Move,200 sqft,banashankari,nop
6000.0,50000,Unfurnished,1 BHK,Family,01-Jan-25,400 sqft,banashankari,nop
6000.0,60000,Unfurnished,1 RK,Family,Ready to Move,300 sqft,banashankari,nop
6000.0,30000,Unfurnished,1 BHK,Bachelor,Ready to Move,300 sqft,banashankari,nop
8000.0,80000,Unfurnished,1 BHK,All,Ready to Move,225 sqft,banashankari,nop
4500.0,25000,Unfurnished,1 BHK,All,Ready to Move,500 sqft,banashankari,nop
10000.0,40000,Unfurnished,1 RK,All,Ready to Move,120 sqft,banashankari,nop
4000.0,20000,Unfurnished,1 RK,Family,Ready to Move,180 sqft,banashankari,nop
5500.0,30000,Unfurnished,1 BHK,Family,Ready to Move,300 sqft,banashankari,nop
6000.0,60000,Unfurnished,1 BHK,Family,Ready to Move,500 sqft,banashankari,nop
23000.0,150000,Unfurnished,2 BHK,Family,Ready to Move,"1,200 sqft",banashankari,nop
3000.0,20000,Unfurnished,1 RK,All,Ready to Move,100 sqft,banashankari,nop
7500.0,80000,Unfurnished,1 BHK,Family,20-Jan-25,300 sqft,banashankari,nop
3500.0,30000,Unfurnished,1 RK,All,01-Dec-24,300 sqft,banashankari,nop
14700.0,70000,Semi Furnished,2 BHK,Family,15-Jan-25,800 sqft,banashankari,nop
5000.0,25000,Unfurnished,1 RK,Bachelor,Ready to Move,150 sqft,banashankari,nop
25000.0,200000,Fully Furnished,3 BHK,Family,Ready to Move,"1,100 sqft",banashankari,nop
12000.0,100000,Unfurnished,2 BHK,Family,Ready to Move,"1,000 sqft",banashankari,nop
10000.0,100000,Unfurnished,1 BHK,Bachelor,Ready to Move,400 sqft,banashankari,nop
6000.0,40000,Unfurnished,1 RK,Company,07-Dec-24,300 sqft,banashankari,nop
3300.0,20000,Unfurnished,1 RK,All,Ready to Move,200 sqft,banashankari,nop
4500.0,40000,Unfurnished,1 RK,Family,Ready to Move,200 sqft,banashankari,nop
7000.0,80000,Unfurnished,1 BHK,Family,Ready to Move,300 sqft,banashankari,nop
8000.0,100000,Semi Furnished,1 BHK,All,01-Jan-25,400 sqft,banashankari,nop
8000.0,100000,Unfurnished,2 BHK,All,Ready to Move,600 sqft,banashankari,nop
2500.0,20000,Unfurnished,1 RK,Bachelor,Ready to Move,250 sqft,banashankari,nop
10000.0,30000,Semi Furnished,1 BHK,Bachelor,Ready to Move,510 sqft,banashankari,nop
4000.0,20000,Unfurnished,1 RK,All,Ready to Move,150 sqft,banashankari,nop
7000.0,50000,Semi Furnished,1 BHK,All,Ready to Move,400 sqft,banashankari,nop
5000.0,60000,Semi Furnished,1 BHK,All,01-Jan-25,500 sqft,banashankari,nop
7000.0,50000,Unfurnished,2 BHK,Family,Ready to Move,800 sqft,banashankari,nop
6000.0,30000,Semi Furnished,1 BHK,All,Ready to Move,350 sqft,banashankari,nop
7500.0,50000,Unfurnished,1 BHK,Family,Ready to Move,600 sqft,banashankari,nop
5000.0,50000,Unfurnished,1 RK,All,01-Jan-25,200 sqft,banashankari,nop
6000.0,60000,Semi Furnished,1 BHK,Family,Ready to Move,462 sqft,banashankari,nop
8000.0,30000,Unfurnished,1 BHK,Family,Ready to Move,400 sqft,banashankari,nop
3600.0,25000,Unfurnished,1 RK,All,Ready to Move,300 sqft,banashankari,nop
7000.0,40000,Unfurnished,1 BHK,Family,10-Dec-24,500 sqft,banashankari,nop
10000.0,80000,Unfurnished,2 BHK,Family,15-Dec-24,900 sqft,banashankari,nop
3000.0,15000,Unfurnished,1 RK,Bachelor,Ready to Move,150 sqft,banashankari,nop
8500.0,75000,Unfurnished,1 BHK,Family,05-Dec-24,500 sqft,banashankari,nop
25000.0,200000,Unfurnished,3 BHK,All,Ready to Move,"1,200 sqft",banashankari,nop
5000.0,20000,Unfurnished,1 BHK,All,Ready to Move,400 sqft,banashankari,nop
5000.0,100000,Semi Furnished,1 RK,Family,Ready to Move,250 sqft,banashankari,nop
4800.0,40000,Unfurnished,1 RK,Family,Ready to Move,200 sqft,banashankari,nop
9000.0,50000,Unfurnished,1 BHK,Family,Ready to Move,500 sqft,banashankari,nop
5000.0,40000,Semi Furnished,1 RK,Bachelor,Ready to Move,200 sqft,banashankari,nop
6000.0,60000,Unfurnished,1 BHK,Family,Ready to Move,400 sqft,banashankari,nop
6000.0,50000,Unfurnished,1 BHK,Family,Ready to Move,500 sqft,banashankari,nop
3000.0,20000,Unfurnished,1 RK,All,01-Dec-24,300 sqft,banashankari,nop
4000.0,25000,Unfurnished,1 RK,Bachelor,Ready to Move,100 sqft,banashankari,nop
4000.0,20000,Unfurnished,1 RK,Family,Ready to Move,250 sqft,banashankari,nop
6500.0,25000,Unfurnished,1 BHK,Family,Ready to Move,500 sqft,banashankari,nop
4000.0,40000,Unfurnished,1 BHK,All,Ready to Move,250 sqft,banashankari,nop
7000.0,30000,Unfurnished,1 BHK,All,Ready to Move,500 sqft,banashankari,nop
3500.0,25000,Unfurnished,1 RK,Family,Ready to Move,150 sqft,banashankari,nop
5000.0,50000,Unfurnished,1 BHK,All,Ready to Move,520 sqft,banashankari,nop
3000.0,20000,Unfurnished,1 RK,All,Ready to Move,150 sqft,banashankari,nop
5500.0,50000,Unfurnished,1 BHK,Family,01-Jan-25,400 sqft,banashankari,nop
6000.0,60000,Unfurnished,1 BHK,Bachelor,Ready to Move,300 sqft,banashankari,nop
4000.0,40000,Unfurnished,1 RK,All,Ready to Move,250 sqft,banashankari,nop
3000.0,15000,Unfurnished,1 RK,Family,Ready to Move,250 sqft,banashankari,nop
5000.0,30000,Unfurnished,1 BHK,All,Ready to Move,500 sqft,banashankari,nop
6000.0,40000,Unfurnished,1 BHK,All,Ready to Move,600 sqft,banashankari,nop
6499.0,40000,Unfurnished,1 BHK,All,Ready to Move,500 sqft,banashankari,nop
7500.0,50000,Unfurnished,1 BHK,All,Ready to Move,300 sqft,banashankari,nop
10000.0,75000,Unfurnished,2 BHK,Family,Ready to Move,600 sqft,banashankari,nop
10000.0,100000,Semi Furnished,1 BHK,Family,Ready to Move,400 sqft,banashankari,nop
9000.0,90000,Unfurnished,1 BHK,All,Ready to Move,500 sqft,banashankari,nop
7000.0,50000,Unfurnished,1 BHK,Family,30-Dec-24,352 sqft,banashankari,nop
25000.0,200000,Semi Furnished,2 BHK,All,Ready to Move,800 sqft,banashankari,nop
15000.0,150000,Semi Furnished,2 BHK,All,Ready to Move,900 sqft,banashankari,nop
4500.0,25000,Semi Furnished,1 RK,All,Ready to Move,400 sqft,banashankari,nop
8000.0,75000,Unfurnished,2 BHK,Family,Ready to Move,600 sqft,banashankari,nop
8000.0,100000,Semi Furnished,1 BHK,Family,01-Jan-25,350 sqft,banashankari,nop
10000.0,100000,Semi Furnished,2 BHK,Bachelor,Ready to Move,690 sqft,banashankari,nop
8000.0,100000,Unfurnished,1 RK,Family,Ready to Move,450 sqft,banashankari,nop
7000.0,50000,Unfurnished,1 BHK,Family,Ready to Move,350 sqft,banashankari,nop
8000.0,200000,Semi Furnished,2 BHK,All,Ready to Move,800 sqft,banashankari,nop
4500.0,40000,Unfurnished,1 BHK,All,Ready to Move,500 sqft,banashankari,nop
22000.0,200000,Semi Furnished,2 BHK,Family,Ready to Move,"1,200 sqft",banashankari,nop
8500.0,100000,Unfurnished,1 BHK,Family,Ready to Move,400 sqft,banashankari,nop
26000.0,150000,Semi Furnished,2 BHK,Family,Ready to Move,900 sqft,banashankari,nop
10000.0,60000,Unfurnished,1 RK,Family,Ready to Move,300 sqft,banashankari,nop
6000.0,50000,Unfurnished,1 RK,Bachelor,Ready to Move,150 sqft,banashankari,nop
8000.0,80000,Unfurnished,1 BHK,Family,Ready to Move,600 sqft,banashankari,nop
4500.0,25000,Unfurnished,1 RK,All,Ready to Move,150 sqft,banashankari,nop
7500.0,75000,Semi Furnished,1 BHK,Family,Ready to Move,350 sqft,banashankari,nop
4500.0,30000,Unfurnished,1 BHK,All,Ready to Move,600 sqft,banashankari,nop
4000.0,20000,Unfurnished,1 RK,Family,Ready to Move,300 sqft,banashankari,nop
3000.0,30000,Unfurnished,1 RK,Family,Ready to Move,250 sqft,banashankari,nop
10000.0,100000,Unfurnished,2 BHK,All,Ready to Move,800 sqft,banashankari,nop
9000.0,90000,Unfurnished,2 BHK,Family,Ready to Move,650 sqft,banashankari,nop
7000.0,25000,Unfurnished,1 RK,All,Ready to Move,250 sqft,banashankari,nop
5000.0,40000,Unfurnished,1 RK,Family,Ready to Move,250 sqft,banashankari,nop
13000.0,99998,Unfurnished,1 RK,All,Ready to Move,200 sqft,banashankari,nop
5500.0,50000,Unfurnished,1 BHK,All,Ready to Move,500 sqft,banashankari,nop
12000.0,120000,Semi Furnished,1 BHK,Family,Ready to Move,400 sqft,banashankari,nop
5000.0,10000,Unfurnished,1 RK,All,Ready to Move,250 sqft,banashankari,nop
5000.0,40000,Unfurnished,1 BHK,All,Ready to Move,500 sqft,banashankari,nop
15000.0,100000,Unfurnished,1 BHK,Family,30-Nov-24,400 sqft,banashankari,nop
15500.0,90000,Unfurnished,1 BHK,Family,Ready to Move,950 sqft,banashankari,nop
6000.0,50000,Unfurnished,1 RK,Bachelor,Ready to Move,250 sqft,banashankari,nop
5500.0,25000,Semi Furnished,1 RK,Bachelor,Ready to Move,200 sqft,banashankari,nop
4000.0,40000,Unfurnished,1 BHK,All,Ready to Move,450 sqft,banashankari,nop
10000.0,50000,Unfurnished,1 BHK,All,Ready to Move,500 sqft,banashankari,nop
8000.0,50000,Unfurnished,1 BHK,All,Ready to Move,450 sqft,banashankari,nop
7500.0,50000,Unfurnished,1 BHK,Family,Ready to Move,300 sqft,banashankari,nop
3500.0,19998,Unfurnished,1 RK,All,Ready to Move,400 sqft,banashankari,nop
6000.0,50000,Unfurnished,1 BHK,All,Ready to Move,320 sqft,banashankari,nop
6500.0,35000,Semi Furnished,1 BHK,All,Ready to Move,600 sqft,banashankari,nop
48000.0,450000,Fully Furnished,2 BHK,All,29-Nov-24,"1,200 sqft",banashankari,nop
10000.0,100000,Unfurnished,1 BHK,Bachelor,Ready to Move,600 sqft,banashankari,nop
17000.0,200000,Semi Furnished,1 BHK,Family,Ready to Move,720 sqft,banashankari,nop
8500.0,50000,Semi Furnished,1 BHK,All,Ready to Move,500 sqft,banashankari,nop
5000.0,40000,Unfurnished,1 BHK,Family,Ready to Move,400 sqft,banashankari,nop
5500.0,25000,Unfurnished,1 RK,Bachelor,Ready to Move,250 sqft,banashankari,nop
25000.0,300000,Fully Furnished,2 BHK,Family,Ready to Move,800 sqft,banashankari,nop
4000.0,40000,Unfurnished,1 BHK,All,Ready to Move,400 sqft,banashankari,nop
30000.0,180000,Unfurnished,1 RK,All,Ready to Move,800 sqft,banashankari,nop
9500.0,95000,Unfurnished,1 BHK,Family,10-Dec-24,450 sqft,banashankari,nop
6500.0,40000,Unfurnished,1 BHK,Family,Ready to Move,300 sqft,banashankari,nop
12500.0,150000,Semi Furnished,1 BHK,Family,Ready to Move,500 sqft,banashankari,nop
12000.0,100000,Semi Furnished,1 BHK,All,15-Jan-25,600 sqft,banashankari,nop
13000.0,80000,Semi Furnished,2 BHK,All,Ready to Move,"1,200 sqft",banashankari,nop
15000.0,150000,Semi Furnished,2 BHK,All,10-Dec-24,700 sqft,banashankari,nop
6000.0,30000,Unfurnished,1 RK,All,Ready to Move,220 sqft,banashankari,nop
7500.0,50000,Unfurnished,1 BHK,All,01-Jan-25,300 sqft,banashankari,nop
4500.0,45000,Unfurnished,1 RK,All,Ready to Move,300 sqft,banashankari,nop
8000.0,50000,Unfurnished,1 BHK,All,30-Dec-24,550 sqft,banashankari,nop
9000.0,70000,Unfurnished,2 BHK,Bachelor,01-Jan-25,800 sqft,banashankari,nop
4000.0,20000,Unfurnished,1 RK,All,Ready to Move,180 sqft,banashankari,nop
7500.0,70000,Unfurnished,1 BHK,Family,10-Dec-24,450 sqft,banashankari,nop
12000.0,100000,Unfurnished,2 BHK,Family,01-Dec-24,850 sqft,banashankari,nop
16000.0,200000,Semi Furnished,2 BHK,Family,Ready to Move,"1,000 sqft",banashankari,nop
38000.0,300000,Semi Furnished,2 BHK,Family,29-Nov-24,"1,600 sqft",banashankari,nop
8500.0,100000,Unfurnished,1 BHK,Family,Ready to Move,450 sqft,banashankari,nop
22000.0,100000,Semi Furnished,3 BHK,Family,Ready to Move,900 sqft,banashankari,nop
16000.0,100000,Semi Furnished,3 BHK,All,Ready to Move,"1,000 sqft",banashankari,nop
7000.0,50000,Semi Furnished,1 BHK,All,01-Jan-25,500 sqft,banashankari,nop
6000.0,50000,Unfurnished,1 BHK,Bachelor,Ready to Move,500 sqft,banashankari,nop
5000.0,25000,Unfurnished,1 RK,All,Ready to Move,500 sqft,banashankari,nop
7000.0,30000,Semi Furnished,1 RK,Bachelor,Ready to Move,150 sqft,banashankari,nop
14000.0,150000,Unfurnished,1 RK,Family,Ready to Move,200 sqft,banashankari,nop
5500.0,40000,Unfurnished,1 BHK,Family,Ready to Move,300 sqft,banashankari,nop
6500.0,100000,Unfurnished,1 BHK,Family,Ready to Move,400 sqft,banashankari,nop
8000.0,70000,Semi Furnished,1 BHK,All,Ready to Move,550 sqft,banashankari,nop
15000.0,200000,Unfurnished,2 BHK,All,Ready to Move,"1,000 sqft",banashankari,nop
5000.0,20000,Unfurnished,1 RK,All,Ready to Move,200 sqft,banashankari,nop
7000.0,100000,Unfurnished,1 BHK,Family,Ready to Move,500 sqft,banashankari,nop
35000.0,400000,Semi Furnished,3 BHK,All,Ready to Move,"1,900 sqft",banashankari,nop
8000.0,50000,Unfurnished,1 BHK,All,10-Dec-24,500 sqft,banashankari,nop
12500.0,100000,Unfurnished,2 BHK,Family,Ready to Move,675 sqft,banashankari,nop
6500.0,50000,Unfurnished,1 BHK,All,30-Nov-24,500 sqft,banashankari,nop
7000.0,70000,Unfurnished,1 BHK,All,Ready to Move,400 sqft,banashankari,nop
5000.0,50000,Unfurnished,1 RK,Family,Ready to Move,250 sqft,banashankari,nop
8000.0,50000,Unfurnished,1 BHK,Family,Ready to Move,300 sqft,banashankari,nop
20000.0,120000,Semi Furnished,2 BHK,Family,Ready to Move,"1,200 sqft",banashankari,nop
9000.0,100000,Unfurnished,1 BHK,Family,Ready to Move,400 sqft,banashankari,nop
20000.0,200000,Semi Furnished,2 BHK,Family,Ready to Move,"1,100 sqft",banashankari,nop
4500.0,45000,Semi Furnished,1 RK,Family,Ready to Move,150 sqft,banashankari,nop
8000.0,50000,Unfurnished,1 RK,All,01-Dec-24,250 sqft,banashankari,nop
10050.0,80000,Fully Furnished,1 BHK,All,Ready to Move,450 sqft,banashankari,2w
10000.0,60000,Semi Furnished,2 BHK,All,01-Dec-24,550 sqft,banashankari,2w
10000.0,100000,Unfurnished,2 BHK,"Family, Bachelor",Ready to Move,550 sqft,banashankari,2w
41200.0,300000,Semi Furnished,3 BHK,"Family, Company",01-Jan-25,"1,460 sqft",banashankari,2w
6000.0,40000,Unfurnished,1 BHK,Family,Ready to Move,500 sqft,banashankari,2w
17000.0,160000,Semi Furnished,2 BHK,All,30-Nov-24,600 sqft,banashankari,2w
10500.0,30000,Semi Furnished,1 BHK,Male,Ready to Move,510 sqft,banashankari,2w
8000.0,80000,Semi Furnished,1 BHK,All,Ready to Move,700 sqft,banashankari,2w
28000.0,300000,Semi Furnished,2 BHK,Family,Ready to Move,"1,350 sqft",banashankari,2w
20800.0,150000,Semi Furnished,2 BHK,Family,Ready to Move,"1,200 sqft",banashankari,2w
5500.0,35000,Unfurnished,1 BHK,Family,Ready to Move,400 sqft,banashankari,2w
12500.0,100000,Semi Furnished,2 BHK,Family,28-Nov-24,650 sqft,banashankari,2w
11000.0,110000,Semi Furnished,1 BHK,Female,Ready to Move,800 sqft,banashankari,2w
25000.0,150000,Semi Furnished,2 BHK,All,28-Nov-24,"1,100 sqft",banashankari,2w
14000.0,84000,Unfurnished,1 BHK,Family,Ready to Move,"1,000 sqft",banashankari,2w
11500.0,110000,Fully Furnished,1 BHK,"Family, Bachelor",Ready to Move,450 sqft,banashankari,2w
3000.0,20000,Unfurnished,1 RK,Bachelor,Ready to Move,300 sqft,banashankari,2w
9500.0,95000,Semi Furnished,1 BHK,Family,Ready to Move,800 sqft,banashankari,2w
16500.0,165000,Unfurnished,2 BHK,Family,20-Jan-25,800 sqft,banashankari,2w
17500.0,1,Unfurnished,2 BHK,All,Ready to Move,800 sqft,banashankari,2w
7000.0,30000,Unfurnished,1 BHK,Family,Ready to Move,500 sqft,banashankari,2w
4500.0,30000,Unfurnished,1 RK,All,Ready to Move,600 sqft,banashankari,2w
10000.0,80000,Unfurnished,1 BHK,Company,Ready to Move,750 sqft,banashankari,2w
8000.0,50000,Semi Furnished,2 BHK,"Family, Company",Ready to Move,600 sqft,banashankari,2w
12000.0,100000,Semi Furnished,2 BHK,All,Ready to Move,750 sqft,banashankari,2w
5000.0,50000,Unfurnished,1 BHK,Family,Ready to Move,350 sqft,banashankari,2w
20000.0,200000,Unfurnished,2 BHK,Family,26-Jan-25,600 sqft,banashankari,2w
17001.0,100000,Semi Furnished,3 BHK,Family,Ready to Move,900 sqft,banashankari,2w
8000.0,70000,Semi Furnished,1 BHK,Family,Ready to Move,600 sqft,banashankari,2w
8000.0,25000,Unfurnished,1 RK,Bachelor,Ready to Move,150 sqft,banashankari,2w
12000.0,100000,Semi Furnished,1 BHK,Family,Ready to Move,500 sqft,banashankari,2w
4000.0,30000,Unfurnished,1 RK,All,Ready to Move,200 sqft,banashankari,2w
8500.0,75000,Fully Furnished,1 BHK,All,Ready to Move,600 sqft,banashankari,2w
20000.0,100000,Semi Furnished,2 BHK,Family,Ready to Move,700 sqft,banashankari,2w
21000.0,200000,Semi Furnished,2 BHK,All,Ready to Move,950 sqft,banashankari,2w
10000.0,100000,Semi Furnished,2 BHK,Family,Ready to Move,850 sqft,banashankari,2w
9500.0,100000,Semi Furnished,1 BHK,Family,30-Nov-24,700 sqft,banashankari,2w
15500.0,100000,Semi Furnished,2 BHK,"Family, Female",Ready to Move,600 sqft,banashankari,2w
20250.0,150000,Semi Furnished,2 BHK,Family,Ready to Move,"1,200 sqft",banashankari,2w
10000.0,60000,Unfurnished,2 BHK,Family,Ready to Move,800 sqft,banashankari,2w
10000.0,50000,Unfurnished,2 BHK,Family,Ready to Move,600 sqft,banashankari,2w
3500.0,35000,Semi Furnished,1 RK,Bachelor,Ready to Move,200 sqft,banashankari,2w
17500.0,150000,Fully Furnished,2 BHK,Family,Ready to Move,700 sqft,banashankari,2w
10800.0,80000,Unfurnished,2 BHK,All,Ready to Move,500 sqft,banashankari,2w
4500.0,30000,Unfurnished,1 RK,All,Ready to Move,300 sqft,banashankari,2w
12000.0,70000,Semi Furnished,1 RK,"Family, Bachelor",Ready to Move,350 sqft,banashankari,2w
14000.0,200000,Semi Furnished,2 BHK,Family,Ready to Move,800 sqft,banashankari,2w
25000.0,250000,Semi Furnished,3 BHK,All,Ready to Move,"2,200 sqft",banashankari,2w
19600.0,190000,Semi Furnished,2 BHK,Family,Ready to Move,"1,000 sqft",banashankari,2w
9000.0,100000,Unfurnished,1 BHK,All,Ready to Move,500 sqft,banashankari,2w
8000.0,40000,Semi Furnished,1 BHK,Family,Ready to Move,600 sqft,banashankari,2w
12000.0,100000,Semi Furnished,2 BHK,Family,Ready to Move,750 sqft,banashankari,2w
8000.0,60000,Unfurnished,1 BHK,Family,05-Dec-24,500 sqft,banashankari,2w
9000.0,70000,Semi Furnished,1 BHK,Family,16-Dec-24,500 sqft,banashankari,2w
13000.0,150000,Unfurnished,2 BHK,Family,Ready to Move,850 sqft,banashankari,2w
18000.0,200000,Unfurnished,2 BHK,Family,Ready to Move,"1,100 sqft",banashankari,2w
6000.0,30000,Unfurnished,1 BHK,Family,Ready to Move,675 sqft,banashankari,2w
10000.0,60000,Semi Furnished,1 RK,Bachelor,Ready to Move,450 sqft,banashankari,2w
5500.0,50000,Unfurnished,1 RK,Bachelor,Ready to Move,400 sqft,banashankari,2w
7000.0,60000,Unfurnished,1 BHK,Bachelor,Ready to Move,600 sqft,banashankari,2w
30000.0,240000,Semi Furnished,3 BHK,Family,Ready to Move,"1,200 sqft",banashankari,2w
6000.0,50000,Semi Furnished,1 BHK,All,10-Dec-24,550 sqft,banashankari,2w
14000.0,100000,Semi Furnished,2 BHK,All,Ready to Move,600 sqft,banashankari,2w
4500.0,20000,Semi Furnished,1 RK,Male,Ready to Move,500 sqft,banashankari,2w
20000.0,250000,Semi Furnished,2 BHK,All,Ready to Move,"1,200 sqft",banashankari,2w
24200.0,250000,Semi Furnished,3 BHK,Family,Ready to Move,900 sqft,banashankari,2w
4000.0,40000,Unfurnished,1 RK,Family,Ready to Move,200 sqft,banashankari,2w
8000.0,25000,Semi Furnished,1 BHK,All,10-Dec-24,300 sqft,banashankari,2w
9000.0,90000,Fully Furnished,1 RK,"Family, Bachelor",Ready to Move,400 sqft,banashankari,2w
7000.0,50000,Unfurnished,1 BHK,Family,Ready to Move,400 sqft,banashankari,2w
8000.0,100000,Semi Furnished,1 BHK,Family,Ready to Move,400 sqft,banashankari,2w
7500.0,75000,Semi Furnished,1 BHK,All,Ready to Move,400 sqft,banashankari,2w
7000.0,70000,Unfurnished,1 BHK,Family,Ready to Move,500 sqft,banashankari,2w
5000.0,50000,Semi Furnished,1 RK,Bachelor,Ready to Move,120 sqft,banashankari,2w
4500.0,20000,Semi Furnished,1 BHK,All,Ready to Move,400 sqft,banashankari,2w
8000.0,70000,Semi Furnished,1 BHK,All,Ready to Move,500 sqft,banashankari,2w
13000.0,80000,Semi Furnished,2 BHK,All,Ready to Move,700 sqft,banashankari,2w
7000.0,35000,Semi Furnished,1 BHK,All,Ready to Move,500 sqft,banashankari,2w
11000.0,80000,Unfurnished,2 BHK,Family,Ready to Move,650 sqft,banashankari,2w
12000.0,100000,Unfurnished,2 BHK,Family,Ready to Move,600 sqft,banashankari,2w
18000.0,150000,Semi Furnished,2 BHK,Family,Ready to Move,700 sqft,banashankari,2w
3000.0,20000,Unfurnished,1 BHK,All,Ready to Move,600 sqft,banashankari,2w
13000.0,100000,Fully Furnished,2 BHK,Family,01-Dec-24,603 sqft,banashankari,2w
19000.0,190000,Semi Furnished,2 BHK,Family,Ready to Move,"1,050 sqft",banashankari,2w
5500.0,50000,Semi Furnished,1 RK,Bachelor,Ready to Move,131 sqft,banashankari,2w
5000.0,30000,Unfurnished,1 BHK,Family,Ready to Move,500 sqft,banashankari,2w
12000.0,150000,Semi Furnished,1 BHK,Family,Ready to Move,450 sqft,banashankari,2w
8500.0,40000,Unfurnished,1 BHK,All,Ready to Move,600 sqft,banashankari,2w
8500.0,50000,Semi Furnished,1 BHK,Family,01-Dec-24,600 sqft,banashankari,2w
12500.0,70000,Semi Furnished,1 BHK,Family,Ready to Move,650 sqft,banashankari,2w
7500.0,75000,Unfurnished,1 BHK,Family,Ready to Move,300 sqft,banashankari,2w
15000.0,150000,Semi Furnished,2 BHK,All,Ready to Move,880 sqft,banashankari,2w
5000.0,40000,Unfurnished,1 RK,All,Ready to Move,300 sqft,banashankari,2w
13000.0,130000,Semi Furnished,2 BHK,Family,Ready to Move,630 sqft,banashankari,2w
12500.0,100000,Unfurnished,2 BHK,All,Ready to Move,580 sqft,banashankari,2w
20000.0,200000,Unfurnished,3 BHK,Family,Ready to Move,"1,500 sqft",banashankari,2w
6500.0,65000,Unfurnished,1 RK,All,Ready to Move,300 sqft,banashankari,2w
15000.0,150000,Semi Furnished,2 BHK,All,Ready to Move,"1,200 sqft",banashankari,2w
5000.0,30000,Unfurnished,1 RK,Family,Ready to Move,100 sqft,banashankari,2w
19000.0,100000,Unfurnished,1 BHK,All,Ready to Move,"1,500 sqft",banashankari,2w
10000.0,80000,Unfurnished,2 BHK,All,Ready to Move,500 sqft,banashankari,2w
5500.0,30000,Semi Furnished,1 RK,All,Ready to Move,360 sqft,banashankari,2w
7000.0,50000,Unfurnished,1 RK,All,Ready to Move,250 sqft,banashankari,2w
9000.0,90000,Semi Furnished,1 BHK,Company,Ready to Move,400 sqft,banashankari,2w
10000.0,69997,Unfurnished,2 BHK,All,Ready to Move,900 sqft,banashankari,2w
14000.0,100000,Semi Furnished,2 BHK,All,15-Dec-24,600 sqft,banashankari,2w
15000.0,150000,Semi Furnished,2 BHK,Family,Ready to Move,600 sqft,banashankari,2w
7000.0,700000,Unfurnished,1 BHK,All,Ready to Move,500 sqft,banashankari,2w
6000.0,40000,Semi Furnished,1 RK,Bachelor,Ready to Move,300 sqft,banashankari,2w
12000.0,100000,Unfurnished,1 BHK,Family,Ready to Move,450 sqft,banashankari,2w
6000.0,50000,Semi Furnished,1 BHK,Family,Ready to Move,600 sqft,banashankari,2w
5500.0,40000,Unfurnished,1 RK,Family,Ready to Move,400 sqft,banashankari,2w
6500.0,50000,Semi Furnished,1 BHK,All,Ready to Move,600 sqft,banashankari,2w
7500.0,70000,Unfurnished,1 BHK,All,Ready to Move,500 sqft,banashankari,2w
25000.0,250000,Semi Furnished,2 BHK,Family,Ready to Move,"1,500 sqft",banashankari,2w
8000.0,70000,Semi Furnished,1 BHK,All,Ready to Move,800 sqft,banashankari,2w
22000.0,150000,Unfurnished,3 BHK,Family,Ready to Move,"1,600 sqft",banashankari,2w
8800.0,50000,Semi Furnished,1 BHK,Family,Ready to Move,500 sqft,banashankari,2w
6000.0,50000,Semi Furnished,1 RK,Family,Ready to Move,250 sqft,banashankari,2w
9000.0,90000,Semi Furnished,2 BHK,Family,01-Jan-25,500 sqft,banashankari,2w
25000.0,150000,Semi Furnished,2 BHK,Family,Ready to Move,950 sqft,banashankari,2w
3000.0,20000,Unfurnished,1 RK,All,Ready to Move,300 sqft,banashankari,2w
10000.0,50000,Semi Furnished,1 BHK,All,15-Dec-24,550 sqft,banashankari,2w
6000.0,60000,Unfurnished,1 RK,Bachelor,01-Jan-25,500 sqft,banashankari,2w
10000.0,100000,Semi Furnished,1 BHK,All,Ready to Move,500 sqft,banashankari,2w
13000.0,100000,Unfurnished,2 BHK,Family,Ready to Move,"1,100 sqft",banashankari,2w
7000.0,40000,Semi Furnished,1 RK,Bachelor,Ready to Move,250 sqft,banashankari,2w
8000.0,50000,Semi Furnished,1 BHK,All,Ready to Move,600 sqft,banashankari,2w
7000.0,50000,Semi Furnished,1 BHK,Family,10-Dec-24,500 sqft,banashankari,2w
10800.0,100000,Unfurnished,1 BHK,Family,Ready to Move,500 sqft,banashankari,2w
14000.0,140000,Semi Furnished,2 BHK,Family,01-Jan-25,"1,000 sqft",banashankari,2w
12000.0,75000,Semi Furnished,1 BHK,Company,01-Dec-24,540 sqft,banashankari,2w
7000.0,70000,Unfurnished,1 RK,All,Ready to Move,600 sqft,banashankari,2w
14000.0,100000,Semi Furnished,2 BHK,All,15-Jan-25,700 sqft,banashankari,2w
4800.0,30000,Unfurnished,1 RK,Bachelor,Ready to Move,130 sqft,banashankari,2w
8000.0,40000,Unfurnished,1 BHK,Family,30-Nov-24,600 sqft,banashankari,2w
5000.0,50000,Semi Furnished,1 BHK,Family,Ready to Move,600 sqft,banashankari,2w
12500.0,60000,Semi Furnished,2 BHK,All,Ready to Move,600 sqft,banashankari,2w
3500.0,20000,Unfurnished,1 RK,Family,Ready to Move,350 sqft,banashankari,2w
3000.0,10000,Semi Furnished,1 BHK,Family,Ready to Move,500 sqft,banashankari,2w
18000.0,180000,Semi Furnished,2 BHK,Family,Ready to Move,950 sqft,banashankari,2w
22000.0,220000,Unfurnished,2 BHK,All,Ready to Move,"1,200 sqft",banashankari,2w
7500.0,75000,Unfurnished,1 BHK,Family,Ready to Move,500 sqft,banashankari,2w
12000.0,100000,Unfurnished,2 BHK,Family,Ready to Move,750 sqft,banashankari,2w
5550.0,20000,Semi Furnished,1 RK,Bachelor,10-Jan-25,175 sqft,banashankari,2w
15000.0,100000,Semi Furnished,2 BHK,Family,15-Jan-25,600 sqft,banashankari,2w
13500.0,135000,Semi Furnished,1 BHK,Family,Ready to Move,600 sqft,banashankari,2w
7000.0,50000,Semi Furnished,1 RK,Bachelor,15-Dec-24,800 sqft,banashankari,2w
7500.0,50000,Unfurnished,1 BHK,All,20-Jan-25,600 sqft,banashankari,2w
11000.0,100000,Semi Furnished,1 BHK,All,01-Dec-24,550 sqft,banashankari,2w
15000.0,150000,Semi Furnished,2 BHK,Family,01-Dec-24,750 sqft,banashankari,2w
10000.0,80000,Semi Furnished,1 BHK,All,Ready to Move,500 sqft,banashankari,2w
10000.0,50000,Semi Furnished,2 BHK,Family,01-Jan-25,950 sqft,banashankari,2w
22000.0,200000,Semi Furnished,2 BHK,Family,Ready to Move,800 sqft,banashankari,2w
10000.0,100000,Semi Furnished,1 BHK,All,29-Nov-24,650 sqft,banashankari,2w
4000.0,1,Unfurnished,1 RK,Family,Ready to Move,200 sqft,banashankari,2w
5000.0,50000,Unfurnished,1 BHK,All,Ready to Move,600 sqft,banashankari,2w
7000.0,50000,Unfurnished,1 BHK,Family,30-Nov-24,500 sqft,banashankari,2w
7500.0,60000,Semi Furnished,1 BHK,All,Ready to Move,300 sqft,banashankari,2w
22000.0,200000,Semi Furnished,2 BHK,Family,Ready to Move,"1,100 sqft",banashankari,2w
14000.0,100000,Unfurnished,2 BHK,Family,Ready to Move,"1,000 sqft",banashankari,2w
10000.0,80000,Semi Furnished,1 RK,Family,Ready to Move,400 sqft,banashankari,2w
7000.0,60000,Unfurnished,1 RK,All,Ready to Move,200 sqft,banashankari,2w
12000.0,70000,Fully Furnished,1 RK,"Company, Bachelor",Ready to Move,350 sqft,banashankari,2w
8500.0,85000,Semi Furnished,1 BHK,All,10-Dec-24,400 sqft,banashankari,2w
16003.0,100000,Semi Furnished,2 BHK,All,Ready to Move,800 sqft,banashankari,2w
6000.0,50000,Unfurnished,1 BHK,Family,Ready to Move,400 sqft,banashankari,2w
14500.0,100000,Semi Furnished,2 BHK,Family,Ready to Move,900 sqft,banashankari,2w
10000.0,100000,Semi Furnished,2 BHK,Family,28-Nov-24,400 sqft,banashankari,2w
8000.0,100000,Semi Furnished,1 BHK,Family,Ready to Move,500 sqft,banashankari,2w
12000.0,120000,Semi Furnished,2 BHK,All,30-Dec-24,860 sqft,banashankari,2w
12000.0,120000,Unfurnished,1 BHK,All,Ready to Move,400 sqft,banashankari,2w
6000.0,60000,Unfurnished,1 RK,Family,Ready to Move,400 sqft,banashankari,2w
11000.0,80000,Unfurnished,1 BHK,Family,15-Dec-24,600 sqft,banashankari,2w
6000.0,50000,Semi Furnished,1 RK,All,Ready to Move,200 sqft,banashankari,2w
4500.0,20000,Semi Furnished,1 RK,All,Ready to Move,300 sqft,banashankari,2w
12200.0,50000,Semi Furnished,1 BHK,All,01-Dec-24,360 sqft,banashankari,2w
17500.0,175000,Unfurnished,2 BHK,Family,Ready to Move,"1,000 sqft",banashankari,2w
4500.0,40000,Unfurnished,1 RK,All,Ready to Move,300 sqft,banashankari,2w
6500.0,50000,Semi Furnished,1 BHK,All,Ready to Move,500 sqft,banashankari,2w
6500.0,50000,Unfurnished,1 RK,Family,Ready to Move,250 sqft,banashankari,2w
10000.0,100000,Semi Furnished,2 BHK,Family,15-Jan-25,"1,000 sqft",banashankari,2w
25000.0,250000,Fully Furnished,3 BHK,Family,Ready to Move,"1,200 sqft",banashankari,2w
11000.0,100000,Semi Furnished,2 BHK,All,Ready to Move,"1,040 sqft",banashankari,2w
7000.0,70000,Unfurnished,1 RK,All,01-Dec-24,300 sqft,banashankari,2w
7000.0,50000,Semi Furnished,1 BHK,All,Ready to Move,450 sqft,banashankari,2w
15000.0,100000,Unfurnished,2 BHK,Family,Ready to Move,800 sqft,banashankari,2w
20250.0,150000,Semi Furnished,2 BHK,All,Ready to Move,975 sqft,banashankari,2w
6000.0,60000,Semi Furnished,1 BHK,All,15-Dec-24,550 sqft,banashankari,2w
12000.0,100000,Unfurnished,2 BHK,Family,Ready to Move,800 sqft,banashankari,2w
5000.0,50000,Semi Furnished,1 RK,Bachelor,Ready to Move,350 sqft,banashankari,2w
12000.0,120000,Unfurnished,2 BHK,Family,Ready to Move,800 sqft,banashankari,2w
10000.0,80000,Semi Furnished,1 BHK,All,01-Dec-24,800 sqft,banashankari,2w
4000.0,25000,Unfurnished,1 RK,Family,Ready to Move,150 sqft,banashankari,2w
6000.0,40000,Unfurnished,1 RK,All,Ready to Move,300 sqft,banashankari,2w
25000.0,300000,Fully Furnished,2 BHK,Family,Ready to Move,"1,350 sqft",banashankari,2w
21500.0,200000,Semi Furnished,3 BHK,All,30-Nov-24,"1,200 sqft",banashankari,2w
10000.0,50000,Unfurnished,2 BHK,All,31-Dec-24,800 sqft,banashankari,2w
5000.0,50000,Semi Furnished,1 RK,Family,Ready to Move,300 sqft,banashankari,2w
25000.0,250000,Semi Furnished,2 BHK,All,Ready to Move,900 sqft,banashankari,2w
11000.0,80000,Unfurnished,1 BHK,Family,06-Dec-24,800 sqft,banashankari,2w
7000.0,50000,Semi Furnished,1 BHK,All,Ready to Move,600 sqft,banashankari,2w
10500.0,30000,Semi Furnished,1 BHK,Male,Ready to Move,500 sqft,banashankari,2w
13500.0,75000,Semi Furnished,2 BHK,All,01-Dec-24,788 sqft,banashankari,2w
6000.0,30000,Unfurnished,1 RK,Family,Ready to Move,300 sqft,banashankari,2w
6500.0,65000,Semi Furnished,1 RK,Company,Ready to Move,400 sqft,banashankari,2w
15500.0,180000,Unfurnished,2 BHK,Family,Ready to Move,800 sqft,banashankari,2w
19000.0,76000,Semi Furnished,2 BHK,Family,Ready to Move,900 sqft,banashankari,2w
10000.0,100000,Unfurnished,1 RK,All,Ready to Move,250 sqft,banashankari,2w
6000.0,50000,Unfurnished,1 BHK,Family,Ready to Move,450 sqft,banashankari,2w
15000.0,90000,Semi Furnished,2 BHK,Family,Ready to Move,"1,134 sqft",banashankari,2w
7000.0,70000,Semi Furnished,1 RK,All,Ready to Move,250 sqft,banashankari,2w
7000.0,50000,Semi Furnished,1 BHK,All,31-Dec-24,350 sqft,banashankari,2w
12000.0,100000,Unfurnished,2 BHK,All,Ready to Move,600 sqft,banashankari,2w
10000.0,100000,Semi Furnished,1 BHK,All,01-Jan-25,600 sqft,banashankari,2w
3000.0,20000,Unfurnished,1 RK,Bachelor,Ready to Move,150 sqft,banashankari,2w
5500.0,35000,Unfurnished,1 BHK,All,Ready to Move,400 sqft,banashankari,2w
15000.0,75000,Semi Furnished,2 BHK,All,01-Dec-24,600 sqft,banashankari,2w
13500.0,100000,Semi Furnished,1 BHK,All,Ready to Move,600 sqft,banashankari,2w
7500.0,50000,Unfurnished,1 BHK,All,Ready to Move,800 sqft,banashankari,2w
20000.0,150000,Unfurnished,2 BHK,Family,Ready to Move,"1,200 sqft",banashankari,2w
3500.0,20000,Unfurnished,1 RK,Family,20-Dec-24,300 sqft,banashankari,2w
5000.0,40000,Unfurnished,1 BHK,Family,14-Jan-25,400 sqft,banashankari,2w
15000.0,120000,Fully Furnished,1 BHK,All,Ready to Move,400 sqft,banashankari,2w
5000.0,50000,Unfurnished,1 RK,All,Ready to Move,220 sqft,banashankari,2w
21000.0,200000,Unfurnished,2 BHK,"Family, Bachelor",Ready to Move,"1,200 sqft",banashankari,2w
14000.0,100000,Semi Furnished,2 BHK,All,01-Dec-24,850 sqft,banashankari,2w
11000.0,100000,Unfurnished,1 BHK,All,30-Nov-24,500 sqft,banashankari,2w
7800.0,50000,Unfurnished,1 BHK,All,04-Jan-25,560 sqft,banashankari,2w
3000.0,15000,Unfurnished,1 BHK,Family,Ready to Move,300 sqft,banashankari,2w
13500.0,100000,Semi Furnished,2 BHK,Family,Ready to Move,"1,000 sqft",banashankari,2w
7000.0,50000,Unfurnished,1 BHK,All,Ready to Move,350 sqft,banashankari,2w
7500.0,100000,Semi Furnished,1 BHK,Family,Ready to Move,500 sqft,banashankari,2w
15500.0,150000,Unfurnished,2 BHK,Family,Ready to Move,600 sqft,banashankari,2w
10000.0,100000,Unfurnished,1 BHK,Family,30-Nov-24,600 sqft,banashankari,2w
7000.0,25000,Unfurnished,1 BHK,All,10-Jan-25,600 sqft,banashankari,2w
16000.0,150000,Unfurnished,2 BHK,All,01-Dec-24,"1,200 sqft",banashankari,2w
12000.0,100000,Unfurnished,2 BHK,All,01-Dec-24,800 sqft,banashankari,2w
11000.0,100000,Semi Furnished,2 BHK,All,15-Dec-24,800 sqft,banashankari,2w
3800.0,30000,Unfurnished,1 RK,All,30-Nov-24,200 sqft,banashankari,2w
20000.0,200000,Semi Furnished,2 BHK,Family,Ready to Move,"1,000 sqft",banashankari,2w
7500.0,70000,Semi Furnished,1 RK,Female,Ready to Move,100 sqft,banashankari,2w
8500.0,80000,Semi Furnished,2 BHK,Family,Ready to Move,"1,200 sqft",banashankari,2w
20000.0,200000,Semi Furnished,3 BHK,Family,Ready to Move,"1,500 sqft",banashankari,2w
6200.0,20000,Unfurnished,1 RK,Bachelor,Ready to Move,350 sqft,banashankari,2w
5500.0,60000,Unfurnished,1 BHK,Family,10-Dec-24,400 sqft,banashankari,2w
5500.0,50000,Unfurnished,1 RK,All,15-Dec-24,300 sqft,banashankari,2w
6500.0,50000,Semi Furnished,1 BHK,Family,01-Dec-24,"1,000 sqft",banashankari,2w
6500.0,30000,Unfurnished,1 BHK,Family,Ready to Move,500 sqft,banashankari,2w
25000.0,150000,Unfurnished,2 BHK,All,Ready to Move,950 sqft,banashankari,2w
6000.0,40000,Semi Furnished,1 BHK,Family,Ready to Move,600 sqft,banashankari,2w
20000.0,200000,Unfurnished,2 BHK,Family,Ready to Move,"1,150 sqft",banashankari,2w
10000.0,100000,Unfurnished,1 BHK,Family,Ready to Move,400 sqft,banashankari,2w
5800.0,40000,Unfurnished,1 BHK,Family,Ready to Move,500 sqft,banashankari,2w
8000.0,80000,Unfurnished,1 BHK,All,Ready to Move,300 sqft,banashankari,2w
29500.0,200000,Semi Furnished,3 BHK,Family,Ready to Move,"1,650 sqft",banashankari,2w
7500.0,70000,Unfurnished,1 RK,Family,Ready to Move,300 sqft,banashankari,2w
5500.0,40000,Unfurnished,1 BHK,Family,Ready to Move,240 sqft,banashankari,2w
21000.0,210000,Semi Furnished,2 BHK,All,Ready to Move,800 sqft,banashankari,2w
12000.0,120000,Semi Furnished,2 BHK,All,15-Dec-24,650 sqft,banashankari,2w
6000.0,60000,Unfurnished,1 BHK,All,Ready to Move,462 sqft,banashankari,2w
4500.0,30000,Unfurnished,1 RK,All,Ready to Move,400 sqft,banashankari,2w
7500.0,40000,Unfurnished,1 BHK,Family,Ready to Move,500 sqft,banashankari,2w
5000.0,40000,Semi Furnished,1 RK,Bachelor,Ready to Move,120 sqft,banashankari,2w
8000.0,50000,Semi Furnished,1 BHK,Family,Ready to Move,400 sqft,banashankari,2w
12000.0,100000,Semi Furnished,2 BHK,Family,Ready to Move,800 sqft,banashankari,2w
10000.0,100000,Semi Furnished,2 BHK,Family,15-Dec-24,500 sqft,banashankari,2w
10500.0,100000,Semi Furnished,1 BHK,Family,10-Dec-24,300 sqft,banashankari,2w
15000.0,150000,Semi Furnished,2 BHK,Family,Ready to Move,"1,000 sqft",banashankari,2w
10000.0,100000,Unfurnished,2 BHK,Family,Ready to Move,800 sqft,banashankari,2w
7000.0,50000,Unfurnished,1 BHK,Family,Ready to Move,450 sqft,banashankari,2w
5500.0,50000,Unfurnished,1 BHK,All,20-Dec-24,300 sqft,banashankari,2w
2500.0,20000,Unfurnished,1 RK,All,Ready to Move,250 sqft,banashankari,2w
22000.0,220000,Semi Furnished,2 BHK,Family,01-Dec-24,"1,200 sqft",banashankari,2w
6000.0,40000,Unfurnished,1 BHK,All,Ready to Move,400 sqft,banashankari,2w
20000.0,200000,Unfurnished,2 BHK,All,Ready to Move,600 sqft,banashankari,2w
6500.0,40000,Unfurnished,1 RK,Company,Ready to Move,400 sqft,banashankari,2w
10000.0,100000,Unfurnished,1 BHK,Family,30-Nov-24,550 sqft,banashankari,2w
20000.0,150000,Semi Furnished,2 BHK,Family,Ready to Move,900 sqft,banashankari,2w
4000.0,40000,Unfurnished,1 BHK,All,Ready to Move,600 sqft,banashankari,2w
6000.0,70000,Unfurnished,1 BHK,Family,Ready to Move,500 sqft,banashankari,2w
6000.0,50000,Unfurnished,1 BHK,All,Ready to Move,500 sqft,banashankari,2w
15700.0,150000,Semi Furnished,2 BHK,Family,Ready to Move,500 sqft,banashankari,2w
40000.0,120000,Unfurnished,2 BHK,Family,Ready to Move,900 sqft,banashankari,2w
11000.0,100000,Semi Furnished,1 BHK,All,Ready to Move,700 sqft,banashankari,2w
4500.0,20000,Unfurnished,1 RK,All,Ready to Move,150 sqft,banashankari,2w
8000.0,50000,Unfurnished,2 BHK,Family,01-Jan-25,800 sqft,banashankari,2w
15000.0,200000,Semi Furnished,2 BHK,Family,01-Jan-25,800 sqft,banashankari,2w
8000.0,50000,Unfurnished,1 BHK,All,Ready to Move,500 sqft,banashankari,2w
6000.0,60000,Unfurnished,1 RK,All,Ready to Move,300 sqft,banashankari,2w
9500.0,95000,Semi Furnished,1 BHK,All,Ready to Move,400 sqft,banashankari,2w
6250.0,60000,Fully Furnished,1 RK,Bachelor,Ready to Move,250 sqft,banashankari,2w
14100.0,100000,Unfurnished,2 BHK,Family,Ready to Move,600 sqft,banashankari,2w
18000.0,200000,Unfurnished,2 BHK,Family,Ready to Move,"1,000 sqft",banashankari,2w
25500.0,180000,Semi Furnished,3 BHK,Family,28-Nov-24,"1,000 sqft",banashankari,2w
7500.0,50000,Unfurnished,1 BHK,All,Ready to Move,500 sqft,banashankari,2w
13000.0,100000,Unfurnished,2 BHK,Family,Ready to Move,900 sqft,banashankari,2w
5000.0,50000,Unfurnished,1 RK,Family,Ready to Move,300 sqft,banashankari,2w
8000.0,80000,Unfurnished,1 BHK,Family,Ready to Move,500 sqft,banashankari,2w
7000.0,60000,Unfurnished,1 BHK,Family,30-Nov-24,450 sqft,banashankari,2w
8000.0,70000,Unfurnished,1 BHK,Family,Ready to Move,500 sqft,banashankari,2w
10000.0,80000,Unfurnished,2 BHK,Family,Ready to Move,800 sqft,banashankari,2w
9500.0,100000,Unfurnished,1 BHK,Family,Ready to Move,500 sqft,banashankari,2w
15000.0,75000,Unfurnished,2 BHK,Family,Ready to Move,"1,000 sqft",banashankari,2w
7500.0,50000,Semi Furnished,1 BHK,Family,20-Dec-24,400 sqft,banashankari,2w
10000.0,100000,Unfurnished,1 BHK,All,Ready to Move,600 sqft,banashankari,2w
12000.0,120000,Unfurnished,1 BHK,Family,Ready to Move,750 sqft,banashankari,2w
7000.0,70000,Semi Furnished,1 BHK,Family,Ready to Move,300 sqft,banashankari,2w
22000.0,200000,Unfurnished,2 BHK,Family,Ready to Move,"1,200 sqft",banashankari,2w
12000.0,50000,Semi Furnished,1 BHK,Family,Ready to Move,450 sqft,banashankari,2w
15000.0,150000,Semi Furnished,2 BHK,Family,Ready to Move,800 sqft,banashankari,2w
9000.0,50000,Unfurnished,1 BHK,All,Ready to Move,550 sqft,banashankari,2w
10000.0,100000,Semi Furnished,2 BHK,All,Ready to Move,685 sqft,banashankari,2w
16000.0,100000,Unfurnished,2 BHK,Family,Ready to Move,700 sqft,banashankari,2w
4000.0,40000,Unfurnished,1 RK,Family,Ready to Move,250 sqft,banashankari,2w
15000.0,150000,Unfurnished,2 BHK,Family,29-Nov-24,"1,000 sqft",banashankari,2w
30000.0,300000,Fully Furnished,2 BHK,Family,Ready to Move,"1,000 sqft",banashankari,2w
6000.0,60000,Semi Furnished,1 RK,All,01-Dec-24,270 sqft,banashankari,2w
80000.0,100000,Unfurnished,1 BHK,Family,30-Dec-24,650 sqft,banashankari,2w
25000.0,220000,Semi Furnished,3 BHK,Family,14-Dec-24,"1,200 sqft",banashankari,2w
10000.0,100000,Semi Furnished,1 BHK,Male,01-Dec-24,550 sqft,banashankari,2w
11000.0,100000,Unfurnished,1 BHK,Family,Ready to Move,620 sqft,banashankari,2w
15000.0,150000,Semi Furnished,2 BHK,Family,Ready to Move,"1,100 sqft",banashankari,2w
4000.0,50000,Unfurnished,1 RK,Family,Ready to Move,250 sqft,banashankari,2w
5300.0,30000,Unfurnished,1 RK,Company,Ready to Move,450 sqft,banashankari,2w
14500.0,100000,Semi Furnished,2 BHK,All,01-Dec-24,"1,500 sqft",banashankari,2w
6000.0,50000,Unfurnished,1 BHK,All,Ready to Move,400 sqft,banashankari,2w
20000.0,200000,Unfurnished,3 BHK,All,Ready to Move,"1,500 sqft",banashankari,2w
6000.0,66000,Unfurnished,1 BHK,Family,Ready to Move,600 sqft,banashankari,2w
14000.0,140000,Semi Furnished,1 BHK,Family,Ready to Move,450 sqft,banashankari,2w
4000.0,40000,Unfurnished,1 RK,All,Ready to Move,300 sqft,banashankari,2w
10000.0,150000,Unfurnished,2 BHK,Family,Ready to Move,600 sqft,banashankari,2w
8000.0,35000,Unfurnished,1 RK,Bachelor,Ready to Move,120 sqft,banashankari,2w
10000.0,100000,Unfurnished,1 BHK,Family,Ready to Move,500 sqft,banashankari,2w
7000.0,42000,Unfurnished,1 RK,Bachelor,Ready to Move,120 sqft,banashankari,2w
10000.0,60000,Unfurnished,1 RK,Bachelor,Ready to Move,275 sqft,banashankari,2w
4000.0,20000,Unfurnished,1 RK,All,Ready to Move,350 sqft,banashankari,2w
12000.0,100000,Semi Furnished,2 BHK,Family,01-Dec-24,640 sqft,banashankari,2w
5000.0,30000,Semi Furnished,1 RK,All,20-Dec-24,250 sqft,banashankari,2w
6000.0,40000,Unfurnished,1 BHK,All,Ready to Move,500 sqft,banashankari,2w
10000.0,50000,Unfurnished,1 BHK,All,Ready to Move,400 sqft,banashankari,2w
8500.0,50000,Semi Furnished,1 BHK,Bachelor,Ready to Move,500 sqft,banashankari,2w
11000.0,50000,Unfurnished,1 BHK,Family,Ready to Move,400 sqft,banashankari,2w
18000.0,180000,Unfurnished,2 BHK,All,Ready to Move,"1,000 sqft",banashankari,2w
12000.0,100000,Semi Furnished,2 BHK,Family,30-Nov-24,480 sqft,banashankari,2w
9000.0,19000,Unfurnished,1 BHK,Family,Ready to Move,500 sqft,banashankari,2w
6500.0,65000,Unfurnished,1 BHK,All,Ready to Move,300 sqft,banashankari,2w
8000.0,70000,Unfurnished,1 BHK,All,Ready to Move,400 sqft,banashankari,2w
20000.0,100000,Semi Furnished,2 BHK,Family,Ready to Move,"1,000 sqft",banashankari,2w
5000.0,50000,Unfurnished,1 BHK,Family,Ready to Move,400 sqft,banashankari,2w
9000.0,70000,Unfurnished,2 BHK,All,Ready to Move,800 sqft,banashankari,2w
6000.0,30000,Unfurnished,1 BHK,Family,30-Nov-24,600 sqft,banashankari,2w
10000.0,70000,Unfurnished,1 RK,All,Ready to Move,250 sqft,banashankari,2w
8000.0,50000,Semi Furnished,1 BHK,Company,16-Dec-24,400 sqft,banashankari,2w
9000.0,100000,Semi Furnished,1 BHK,Family,01-Dec-24,450 sqft,banashankari,2w
10000.0,50000,Unfurnished,2 BHK,All,Ready to Move,800 sqft,banashankari,2w
7000.0,70000,Semi Furnished,1 BHK,All,Ready to Move,580 sqft,banashankari,2w
15000.0,100000,Unfurnished,2 BHK,Family,Ready to Move,"1,200 sqft",banashankari,2w
10000.0,100000,Semi Furnished,2 BHK,All,Ready to Move,800 sqft,banashankari,2w
12000.0,75000,Fully Furnished,1 BHK,Family,Ready to Move,550 sqft,banashankari,2w
14000.0,140000,Semi Furnished,2 BHK,All,Ready to Move,600 sqft,banashankari,2w
4000.0,40000,Semi Furnished,1 RK,Bachelor,Ready to Move,250 sqft,banashankari,2w
6000.0,20000,Semi Furnished,1 RK,Bachelor,Ready to Move,150 sqft,banashankari,2w
14000.0,140000,Semi Furnished,2 BHK,All,Ready to Move,900 sqft,banashankari,2w
4500.0,45000,Semi Furnished,1 BHK,All,Ready to Move,400 sqft,banashankari,2w
10000.0,100000,Unfurnished,1 BHK,Family,Ready to Move,450 sqft,banashankari,2w
14000.0,150000,Semi Furnished,2 BHK,All,Ready to Move,800 sqft,banashankari,2w
12000.0,130000,Unfurnished,2 BHK,Family,Ready to Move,"1,203 sqft",banashankari,2w
10000.0,100000,Semi Furnished,2 BHK,All,Ready to Move,700 sqft,banashankari,2w
19000.0,190000,Semi Furnished,2 BHK,Family,Ready to Move,900 sqft,banashankari,2w
16000.0,48000,Unfurnished,1 BHK,Family,Ready to Move,600 sqft,banashankari,2w
10000.0,100000,Unfurnished,2 BHK,All,Ready to Move,"1,000 sqft",banashankari,2w
32000.0,250000,Semi Furnished,3 BHK,All,Ready to Move,"1,500 sqft",banashankari,2w
15000.0,100000,Unfurnished,2 BHK,All,Ready to Move,780 sqft,banashankari,2w
7500.0,70000,Unfurnished,1 BHK,Family,Ready to Move,400 sqft,banashankari,2w
35000.0,200000,Fully Furnished,2 BHK,All,Ready to Move,"1,200 sqft",banashankari,2w
9000.0,80000,Semi Furnished,1 BHK,Family,Ready to Move,800 sqft,banashankari,2w
15000.0,150000,Semi Furnished,2 BHK,Family,Ready to Move,625 sqft,banashankari,2w
13000.0,100000,Semi Furnished,1 BHK,Family,Ready to Move,"1,000 sqft",banashankari,2w
34500.0,300000,Semi Furnished,3 BHK,Family,Ready to Move,"1,450 sqft",banashankari,2w
8500.0,60000,Semi Furnished,1 BHK,All,01-Jan-25,420 sqft,banashankari,2w
32500.0,300000,Semi Furnished,3 BHK,Family,Ready to Move,"1,500 sqft",banashankari,2w
27000.0,250000,Semi Furnished,3 BHK,Family,25-Dec-24,"1,200 sqft",banashankari,2w
16000.0,150000,Semi Furnished,2 BHK,Family,Ready to Move,900 sqft,banashankari,2w
25000.0,250000,Semi Furnished,2 BHK,Family,Ready to Move,800 sqft,banashankari,2w
45000.0,449997,Unfurnished,3 BHK,Family,Ready to Move,"1,600 sqft",banashankari,2w
30000.0,250000,Semi Furnished,2 BHK,Family,10-Dec-24,700 sqft,banashankari,2w
12000.0,120000,Semi Furnished,2 BHK,All,Ready to Move,"1,000 sqft",banashankari,2w
21000.0,200000,Semi Furnished,2 BHK,All,Ready to Move,900 sqft,banashankari,2w
16000.0,150000,Semi Furnished,1 BHK,Family,Ready to Move,602 sqft,banashankari,2w
30800.0,330000,Fully Furnished,3 BHK,All,01-Dec-24,900 sqft,banashankari,2w
20000.0,180000,Fully Furnished,2 BHK,Family,Ready to Move,"1,000 sqft",banashankari,2w
38000.0,380000,Unfurnished,3 BHK,Family,Ready to Move,"1,700 sqft",banashankari,2w
38500.0,150000,Semi Furnished,3 BHK,All,Ready to Move,"1,200 sqft",banashankari,2w
61000.0,500000,Semi Furnished,3 BHK,Family,Ready to Move,"1,400 sqft",banashankari,2w
31000.0,100000,Semi Furnished,3 BHK,All,Ready to Move,"1,600 sqft",banashankari,2w
18500.0,180000,Semi Furnished,2 BHK,All,20-Dec-24,650 sqft,banashankari,2w
9000.0,100000,Unfurnished,2 BHK,All,Ready to Move,"1,600 sqft",banashankari,2w
15000.0,100000,Semi Furnished,1 BHK,Family,Ready to Move,500 sqft,banashankari,2w
16000.0,160000,Semi Furnished,2 BHK,Family,Ready to Move,700 sqft,banashankari,2w
24000.0,150000,Semi Furnished,2 BHK,All,Ready to Move,900 sqft,banashankari,2w
19100.0,200000,Semi Furnished,2 BHK,Family,Ready to Move,"1,250 sqft",banashankari,2w
17000.0,150000,Unfurnished,2 BHK,Family,01-Jan-25,780 sqft,banashankari,2w
14800.0,120000,Semi Furnished,2 BHK,All,Ready to Move,800 sqft,banashankari,2w
6000.0,60000,Unfurnished,1 BHK,Family,Ready to Move,550 sqft,banashankari,2w
7000.0,65000,Unfurnished,1 BHK,Family,Ready to Move,350 sqft,banashankari,2w
15750.0,150000,Unfurnished,2 BHK,Family,Ready to Move,800 sqft,banashankari,2w
9600.0,50000,Unfurnished,1 BHK,All,Ready to Move,350 sqft,banashankari,2w
24000.0,150000,Semi Furnished,2 BHK,Family,Ready to Move,980 sqft,banashankari,2w
16000.0,100000,Semi Furnished,2 BHK,Family,01-Dec-24,900 sqft,banashankari,2w
9000.0,50000,Semi Furnished,1 BHK,All,Ready to Move,500 sqft,banashankari,2w
25000.0,250000,Semi Furnished,2 BHK,Family,Ready to Move,"1,100 sqft",banashankari,2w
3500.0,30000,Unfurnished,1 RK,All,Ready to Move,150 sqft,banashankari,2w
18000.0,180000,Semi Furnished,2 BHK,Family,Ready to Move,800 sqft,banashankari,2w
7500.0,70000,Unfurnished,1 BHK,All,Ready to Move,430 sqft,banashankari,2w
7000.0,70000,Unfurnished,1 BHK,All,Ready to Move,600 sqft,banashankari,2w
13000.0,50000,Unfurnished,1 BHK,Family,Ready to Move,600 sqft,banashankari,2w
14000.0,75000,Semi Furnished,2 BHK,Family,Ready to Move,800 sqft,banashankari,2w
13000.0,150000,Semi Furnished,2 BHK,All,Ready to Move,468 sqft,banashankari,2w
25000.0,220000,Fully Furnished,2 BHK,All,Ready to Move,"1,050 sqft",banashankari,2w
21000.0,42000,Fully Furnished,1 RK,Male,Ready to Move,200 sqft,banashankari,2w
16000.0,100000,Semi Furnished,1 BHK,All,Ready to Move,600 sqft,banashankari,2w
25000.0,150000,Semi Furnished,2 BHK,Family,Ready to Move,700 sqft,banashankari,2w
18000.0,150000,Semi Furnished,2 BHK,Family,Ready to Move,750 sqft,banashankari,2w
8000.0,60000,Semi Furnished,1 BHK,Family,Ready to Move,500 sqft,banashankari,2w
16500.0,120000,Semi Furnished,2 BHK,All,Ready to Move,900 sqft,banashankari,2w
4000.0,20000,Unfurnished,1 RK,Bachelor,Ready to Move,150 sqft,banashankari,2w
5000.0,30000,Unfurnished,1 RK,All,Ready to Move,150 sqft,banashankari,2w
6000.0,50000,Unfurnished,1 RK,All,Ready to Move,350 sqft,banashankari,2w
10500.0,100000,Semi Furnished,1 BHK,All,Ready to Move,600 sqft,banashankari,2w
18300.0,170000,Semi Furnished,2 BHK,All,Ready to Move,950 sqft,banashankari,2w
8500.0,30000,Unfurnished,1 BHK,"Family, Bachelor",01-Dec-24,400 sqft,banashankari,2w
6500.0,50000,Unfurnished,1 RK,All,01-Dec-24,200 sqft,banashankari,2w
12500.0,80000,Semi Furnished,1 BHK,All,01-Dec-24,750 sqft,banashankari,2w
8000.0,50000,Unfurnished,1 BHK,All,Ready to Move,400 sqft,banashankari,2w
5000.0,30000,Unfurnished,1 RK,Family,Ready to Move,200 sqft,banashankari,2w
15000.0,100000,Fully Furnished,1 BHK,All,Ready to Move,650 sqft,banashankari,2w
6000.0,100000,Unfurnished,1 BHK,Family,Ready to Move,500 sqft,banashankari,2w
10000.0,100000,Unfurnished,2 BHK,All,Ready to Move,550 sqft,banashankari,2w
12000.0,100000,Unfurnished,2 BHK,All,Ready to Move,800 sqft,banashankari,2w
4500.0,30000,Unfurnished,1 RK,Family,01-Jan-25,200 sqft,banashankari,2w
14000.0,140000,Semi Furnished,2 BHK,Company,Ready to Move,750 sqft,banashankari,2w
6500.0,50000,Unfurnished,2 BHK,All,Ready to Move,400 sqft,banashankari,2w
6000.0,60000,Semi Furnished,1 BHK,All,Ready to Move,500 sqft,banashankari,2w
22000.0,250000,Semi Furnished,3 BHK,Family,23-Jan-25,800 sqft,banashankari,2w
7500.0,50000,Semi Furnished,1 BHK,All,Ready to Move,300 sqft,banashankari,2w
8000.0,50000,Semi Furnished,1 BHK,All,Ready to Move,500 sqft,banashankari,2w
6000.0,50000,Unfurnished,1 BHK,All,Ready to Move,560 sqft,banashankari,2w
3500.0,30000,Unfurnished,1 RK,Bachelor,10-Dec-24,200 sqft,banashankari,2w
18000.0,100000,Unfurnished,2 BHK,Family,Ready to Move,"1,100 sqft",banashankari,2w
7500.0,50000,Unfurnished,1 BHK,Family,01-Jan-25,500 sqft,banashankari,2w
8000.0,80000,Semi Furnished,1 RK,Bachelor,01-Dec-24,150 sqft,banashankari,2w
7000.0,50000,Unfurnished,1 BHK,Family,15-Jan-25,286 sqft,banashankari,2w
32000.0,200000,Unfurnished,3 BHK,Family,20-Jan-25,"1,250 sqft",banashankari,2w
10000.0,100000,Unfurnished,2 BHK,Family,Ready to Move,600 sqft,banashankari,2w
5500.0,30000,Unfurnished,1 RK,All,Ready to Move,250 sqft,banashankari,2w
11500.0,28000,Semi Furnished,1 RK,Bachelor,Ready to Move,150 sqft,banashankari,2w
5500.0,30000,Semi Furnished,1 RK,Family,30-Nov-24,250 sqft,banashankari,2w
16000.0,200000,Unfurnished,2 BHK,All,Ready to Move,800 sqft,banashankari,2w
15000.0,100000,Unfurnished,2 BHK,All,Ready to Move,600 sqft,banashankari,2w
10000.0,100000,Semi Furnished,1 BHK,Family,Ready to Move,500 sqft,banashankari,2w
7500.0,60000,Unfurnished,1 BHK,Family,Ready to Move,350 sqft,banashankari,2w
10500.0,30000,Fully Furnished,1 BHK,Male,Ready to Move,510 sqft,banashankari,2w
7000.0,50000,Semi Furnished,1 BHK,All,10-Dec-24,500 sqft,banashankari,2w
15000.0,200000,Semi Furnished,2 BHK,Family,Ready to Move,800 sqft,banashankari,2w
12000.0,100000,Semi Furnished,2 BHK,Family,01-Jan-25,600 sqft,banashankari,2w
18000.0,100000,Semi Furnished,2 BHK,All,Ready to Move,700 sqft,banashankari,2w
15000.0,80000,Semi Furnished,2 BHK,Family,Ready to Move,800 sqft,banashankari,2w
15000.0,150000,Semi Furnished,2 BHK,Family,Ready to Move,850 sqft,banashankari,2w
5500.0,50000,Unfurnished,1 BHK,Bachelor,Ready to Move,700 sqft,banashankari,2w
25000.0,200000,Semi Furnished,2 BHK,Family,Ready to Move,800 sqft,banashankari,2w
12000.0,120000,Semi Furnished,2 BHK,All,01-Jan-25,600 sqft,banashankari,2w
17000.0,100000,Semi Furnished,2 BHK,Family,30-Nov-24,900 sqft,banashankari,2w
4000.0,20000,Unfurnished,1 RK,All,Ready to Move,200 sqft,banashankari,2w
10000.0,100000,Semi Furnished,1 BHK,Family,15-Jan-25,400 sqft,banashankari,2w
9500.0,100000,Semi Furnished,1 BHK,Family,Ready to Move,550 sqft,banashankari,2w
6500.0,50000,Unfurnished,1 RK,Family,01-Jan-25,250 sqft,banashankari,2w
13000.0,100000,Unfurnished,2 BHK,All,Ready to Move,600 sqft,banashankari,2w
6000.0,60000,Semi Furnished,1 RK,Bachelor,Ready to Move,200 sqft,banashankari,2w
16000.0,100000,Semi Furnished,2 BHK,Family,10-Jan-25,800 sqft,banashankari,2w
16500.0,200000,Semi Furnished,2 BHK,All,Ready to Move,600 sqft,banashankari,2w
14000.0,150000,Semi Furnished,2 BHK,All,Ready to Move,720 sqft,banashankari,2w
10000.0,100000,Semi Furnished,2 BHK,Family,Ready to Move,500 sqft,banashankari,2w
40000.0,150000,Semi Furnished,3 BHK,Family,Ready to Move,"1,500 sqft",banashankari,2w
7500.0,30000,Unfurnished,1 RK,Bachelor,Ready to Move,300 sqft,banashankari,2w
16000.0,100000,Semi Furnished,2 BHK,Family,01-Jan-25,800 sqft,banashankari,2w
8000.0,50000,Unfurnished,1 BHK,Family,Ready to Move,450 sqft,banashankari,2w
43000.0,430000,Semi Furnished,3 BHK,All,Ready to Move,"1,400 sqft",banashankari,2w
5500.0,40000,Unfurnished,1 RK,Bachelor,Ready to Move,250 sqft,banashankari,2w
8000.0,50000,Semi Furnished,1 BHK,Family,15-Jan-25,500 sqft,banashankari,2w
10250.0,100000,Semi Furnished,1 BHK,Family,Ready to Move,500 sqft,banashankari,2w
5000.0,30000,Unfurnished,1 RK,All,Ready to Move,300 sqft,banashankari,2w
12000.0,100000,Semi Furnished,1 BHK,All,Ready to Move,675 sqft,banashankari,2w
11000.0,120000,Semi Furnished,2 BHK,Family,01-Jan-25,"1,200 sqft",banashankari,2w
8000.0,75000,Semi Furnished,1 BHK,All,Ready to Move,800 sqft,banashankari,2w
5000.0,50000,Unfurnished,1 RK,All,Ready to Move,300 sqft,banashankari,2w
11000.0,100000,Unfurnished,2 BHK,Family,31-Dec-24,700 sqft,banashankari,2w
12000.0,75000,Unfurnished,2 BHK,Family,30-Nov-24,"1,000 sqft",banashankari,2w
17000.0,150000,Semi Furnished,2 BHK,All,Ready to Move,900 sqft,banashankari,2w
4500.0,30000,Unfurnished,1 RK,All,01-Jan-25,250 sqft,banashankari,2w
7700.0,70000,Semi Furnished,1 BHK,All,30-Nov-24,500 sqft,banashankari,2w
22000.0,220000,Fully Furnished,2 BHK,Family,Ready to Move,900 sqft,banashankari,2w
7500.0,50000,Fully Furnished,1 BHK,All,Ready to Move,500 sqft,banashankari,2w
6500.0,60000,Unfurnished,1 BHK,Family,Ready to Move,500 sqft,banashankari,2w
7500.0,50000,Semi Furnished,1 BHK,All,Ready to Move,400 sqft,banashankari,2w
4500.0,30000,Semi Furnished,1 RK,All,01-Jan-25,200 sqft,banashankari,2w
20000.0,200000,Semi Furnished,2 BHK,All,Ready to Move,900 sqft,banashankari,2w
25000.0,100000,Unfurnished,3 BHK,Family,Ready to Move,900 sqft,banashankari,2w
16500.0,165000,Semi Furnished,2 BHK,Family,Ready to Move,800 sqft,banashankari,2w
5000.0,25000,Unfurnished,1 RK,All,29-Dec-24,250 sqft,banashankari,2w
3500.0,30000,Unfurnished,1 RK,All,01-Jan-25,250 sqft,banashankari,2w
5500.0,25000,Semi Furnished,1 RK,Bachelor,30-Nov-24,125 sqft,banashankari,2w
13000.0,130000,Semi Furnished,1 BHK,Family,Ready to Move,630 sqft,banashankari,2w
18000.0,250000,Semi Furnished,2 BHK,Family,Ready to Move,700 sqft,banashankari,2w
3900.0,15000,Unfurnished,1 RK,All,14-Jan-25,400 sqft,banashankari,2w
17000.0,160000,Semi Furnished,2 BHK,Family,Ready to Move,800 sqft,banashankari,2w
10000.0,100000,Unfurnished,2 BHK,Family,15-Dec-24,850 sqft,banashankari,2w
7000.0,50000,Unfurnished,1 RK,All,10-Dec-24,300 sqft,banashankari,2w
8000.0,60000,Semi Furnished,1 BHK,All,Ready to Move,570 sqft,banashankari,2w
14250.0,140000,Semi Furnished,2 BHK,Family,Ready to Move,700 sqft,banashankari,2w
11000.0,79999,Semi Furnished,2 BHK,Family,30-Dec-24,451 sqft,banashankari,2w
13000.0,100000,Semi Furnished,2 BHK,Family,Ready to Move,600 sqft,banashankari,2w
6500.0,300000,Unfurnished,1 BHK,All,Ready to Move,400 sqft,banashankari,2w
7000.0,70000,Semi Furnished,1 BHK,All,Ready to Move,400 sqft,banashankari,2w
12000.0,120000,Unfurnished,2 BHK,All,Ready to Move,700 sqft,banashankari,2w
10000.0,70000,Semi Furnished,2 BHK,All,Ready to Move,"1,200 sqft",banashankari,2w
6000.0,30000,Semi Furnished,1 RK,Bachelor,Ready to Move,300 sqft,banashankari,2w
9000.0,100000,Unfurnished,1 BHK,All,Ready to Move,400 sqft,banashankari,2w
6500.0,50000,Unfurnished,1 BHK,Family,Ready to Move,350 sqft,banashankari,2w
6500.0,60000,Semi Furnished,1 BHK,All,Ready to Move,450 sqft,banashankari,2w
5000.0,50000,Unfurnished,1 RK,Bachelor,Ready to Move,200 sqft,banashankari,2w
14000.0,100000,Semi Furnished,2 BHK,All,Ready to Move,"1,000 sqft",banashankari,2w
5000.0,50000,Semi Furnished,1 RK,All,Ready to Move,300 sqft,banashankari,2w
7000.0,70000,Unfurnished,1 RK,Family,Ready to Move,300 sqft,banashankari,2w
10000.0,80000,Semi Furnished,1 BHK,All,01-Dec-24,400 sqft,banashankari,2w
14000.0,150000,Semi Furnished,2 BHK,Family,Ready to Move,750 sqft,banashankari,2w
16500.0,165000,Unfurnished,2 BHK,Family,Ready to Move,"1,000 sqft",banashankari,2w
11500.0,40000,Semi Furnished,1 BHK,Family,Ready to Move,500 sqft,banashankari,2w
13900.0,100000,Semi Furnished,1 BHK,Family,05-Dec-24,600 sqft,banashankari,2w
3000.0,20000,Unfurnished,1 RK,All,Ready to Move,200 sqft,banashankari,2w
10000.0,100000,Semi Furnished,2 BHK,Family,01-Jan-25,"1,000 sqft",banashankari,2w
4000.0,30000,Unfurnished,1 RK,All,Ready to Move,250 sqft,banashankari,2w
7500.0,750000,Semi Furnished,1 BHK,Family,Ready to Move,550 sqft,banashankari,2w
7500.0,25000,Semi Furnished,1 RK,All,Ready to Move,400 sqft,banashankari,2w
4000.0,30000,Unfurnished,1 RK,Family,Ready to Move,350 sqft,banashankari,2w
15000.0,130000,Semi Furnished,2 BHK,All,Ready to Move,900 sqft,banashankari,2w
12000.0,150000,Unfurnished,2 BHK,All,Ready to Move,800 sqft,banashankari,2w
13000.0,120000,Semi Furnished,2 BHK,All,Ready to Move,800 sqft,banashankari,2w
5500.0,30000,Semi Furnished,1 RK,Bachelor,Ready to Move,300 sqft,banashankari,2w
6000.0,40000,Semi Furnished,1 BHK,Family,Ready to Move,450 sqft,banashankari,2w
14300.0,140000,Unfurnished,2 BHK,Family,Ready to Move,800 sqft,banashankari,2w
10000.0,70000,Unfurnished,1 BHK,Bachelor,30-Dec-24,600 sqft,banashankari,2w
6000.0,50000,Semi Furnished,1 BHK,All,Ready to Move,600 sqft,banashankari,2w
10000.0,100000,Semi Furnished,1 BHK,All,01-Dec-24,450 sqft,banashankari,2w
12500.0,80000,Semi Furnished,2 BHK,Family,Ready to Move,650 sqft,banashankari,2w
8500.0,100000,Semi Furnished,1 BHK,Family,Ready to Move,400 sqft,banashankari,2w
16500.0,50000,Semi Furnished,1 RK,Company,Ready to Move,200 sqft,banashankari,2w
6500.0,50000,Unfurnished,1 BHK,All,Ready to Move,500 sqft,banashankari,2w
15000.0,150000,Semi Furnished,2 BHK,Family,Ready to Move,"1,200 sqft",banashankari,2w
5500.0,40000,Semi Furnished,1 RK,All,Ready to Move,300 sqft,banashankari,2w
10000.0,110000,Unfurnished,1 BHK,All,Ready to Move,400 sqft,banashankari,2w
5500.0,15000,Unfurnished,1 RK,Bachelor,Ready to Move,200 sqft,banashankari,2w
9000.0,30000,Semi Furnished,1 RK,Bachelor,30-Nov-24,200 sqft,banashankari,2w
5000.0,50000,Unfurnished,1 BHK,Family,01-Dec-24,300 sqft,banashankari,2w
7500.0,50000,Unfurnished,1 BHK,Family,Ready to Move,550 sqft,banashankari,2w
7500.0,60000,Semi Furnished,1 BHK,All,Ready to Move,500 sqft,banashankari,2w
6000.0,50000,Semi Furnished,1 BHK,All,Ready to Move,370 sqft,banashankari,2w
4500.0,45000,Unfurnished,1 RK,All,Ready to Move,250 sqft,banashankari,2w
7000.0,70000,Semi Furnished,1 BHK,All,Ready to Move,500 sqft,banashankari,2w
8000.0,50000,Unfurnished,1 BHK,Family,Ready to Move,400 sqft,banashankari,2w
7000.0,50000,Semi Furnished,1 BHK,All,01-Jan-25,400 sqft,banashankari,2w
7500.0,70000,Semi Furnished,1 BHK,All,Ready to Move,400 sqft,banashankari,2w
9000.0,50000,Unfurnished,2 BHK,Family,Ready to Move,600 sqft,banashankari,2w
4500.0,50000,Unfurnished,1 RK,All,Ready to Move,200 sqft,banashankari,2w
7500.0,60000,Unfurnished,1 BHK,Family,Ready to Move,500 sqft,banashankari,2w
11000.0,150000,Semi Furnished,2 BHK,All,Ready to Move,900 sqft,banashankari,2w
6500.0,50000,Semi Furnished,1 RK,Bachelor,Ready to Move,500 sqft,banashankari,2w
5500.0,50000,Unfurnished,1 BHK,All,01-Jan-25,500 sqft,banashankari,2w
5000.0,20000,Unfurnished,1 RK,Family,Ready to Move,300 sqft,banashankari,2w
7000.0,50000,Unfurnished,1 BHK,All,Ready to Move,500 sqft,banashankari,2w
6200.0,50000,Unfurnished,1 RK,Company,Ready to Move,350 sqft,banashankari,2w
4500.0,40000,Unfurnished,1 RK,All,Ready to Move,250 sqft,banashankari,2w
6000.0,60000,Unfurnished,1 RK,All,Ready to Move,280 sqft,banashankari,2w
6800.0,60000,Semi Furnished,1 BHK,All,Ready to Move,600 sqft,banashankari,2w
13500.0,200000,Unfurnished,2 BHK,Family,Ready to Move,"1,000 sqft",banashankari,2w
7500.0,50000,Semi Furnished,1 BHK,Family,13-Jan-25,400 sqft,banashankari,2w
5500.0,50000,Unfurnished,1 BHK,All,Ready to Move,400 sqft,banashankari,2w
6100.0,40000,Semi Furnished,1 RK,Bachelor,Ready to Move,250 sqft,banashankari,2w
8000.0,80000,Unfurnished,1 RK,All,Ready to Move,163 sqft,banashankari,2w
7000.0,50000,Unfurnished,1 BHK,All,Ready to Move,400 sqft,banashankari,2w
9000.0,90000,Unfurnished,1 BHK,Family,Ready to Move,500 sqft,banashankari,2w
9000.0,80000,Semi Furnished,2 BHK,All,Ready to Move,700 sqft,banashankari,2w
9000.0,90000,Semi Furnished,1 BHK,Family,15-Dec-24,500 sqft,banashankari,2w
12000.0,100000,Unfurnished,1 BHK,Family,Ready to Move,500 sqft,banashankari,2w
10000.0,80000,Unfurnished,2 BHK,All,01-Dec-24,"1,000 sqft",banashankari,2w
15000.0,140000,Semi Furnished,2 BHK,All,Ready to Move,800 sqft,banashankari,2w
7500.0,50000,Unfurnished,1 BHK,Family,Ready to Move,500 sqft,banashankari,2w
20000.0,200000,Unfurnished,2 BHK,All,Ready to Move,800 sqft,banashankari,2w
18000.0,180000,Semi Furnished,2 BHK,All,Ready to Move,859 sqft,banashankari,2w
5700.0,50000,Semi Furnished,1 RK,All,Ready to Move,250 sqft,banashankari,2w
17200.0,200000,Unfurnished,3 BHK,Family,Ready to Move,"2,140 sqft",banashankari,2w
7000.0,50000,Unfurnished,1 BHK,Family,02-Dec-24,350 sqft,banashankari,2w
7000.0,45000,Unfurnished,1 BHK,All,01-Jan-25,450 sqft,banashankari,2w
3000.0,25000,Unfurnished,1 RK,Family,Ready to Move,300 sqft,banashankari,2w
15000.0,150000,Unfurnished,2 BHK,Family,Ready to Move,850 sqft,banashankari,2w
7000.0,60000,Semi Furnished,1 BHK,Family,Ready to Move,500 sqft,banashankari,2w
7000.0,50000,Semi Furnished,1 BHK,Family,Ready to Move,800 sqft,banashankari,2w
7000.0,50000,Unfurnished,1 BHK,All,Ready to Move,300 sqft,banashankari,2w
4500.0,20000,Unfurnished,1 RK,Family,Ready to Move,150 sqft,banashankari,2w
15000.0,120000,Semi Furnished,2 BHK,Family,Ready to Move,600 sqft,banashankari,2w
14500.0,150000,Unfurnished,2 BHK,Family,Ready to Move,950 sqft,banashankari,2w
7500.0,100000,Semi Furnished,1 BHK,All,01-Dec-24,600 sqft,banashankari,2w
7000.0,80000,Unfurnished,1 BHK,All,20-Jan-25,500 sqft,banashankari,2w
14000.0,140000,Semi Furnished,2 BHK,Family,Ready to Move,"1,000 sqft",banashankari,2w
10500.0,75000,Semi Furnished,2 BHK,All,Ready to Move,"1,200 sqft",banashankari,2w
4000.0,20000,Semi Furnished,1 RK,Family,Ready to Move,400 sqft,banashankari,2w
4500.0,30000,Unfurnished,1 RK,All,Ready to Move,200 sqft,banashankari,2w
15000.0,151000,Semi Furnished,2 BHK,Family,Ready to Move,600 sqft,banashankari,2w
5000.0,30000,Unfurnished,1 RK,Family,10-Dec-24,250 sqft,banashankari,2w
14000.0,100000,Unfurnished,2 BHK,Family,Ready to Move,700 sqft,banashankari,2w
10000.0,110000,Semi Furnished,1 BHK,Family,Ready to Move,750 sqft,banashankari,2w
4200.0,40000,Semi Furnished,1 RK,All,Ready to Move,250 sqft,banashankari,2w
16000.0,100000,Semi Furnished,2 BHK,Family,Ready to Move,900 sqft,banashankari,2w
8500.0,60000,Unfurnished,1 BHK,Family,Ready to Move,400 sqft,banashankari,2w
10000.0,100000,Semi Furnished,2 BHK,Family,Ready to Move,"1,000 sqft",banashankari,2w
15000.0,100000,Semi Furnished,2 BHK,All,Ready to Move,600 sqft,banashankari,2w
7000.0,50000,Unfurnished,1 BHK,Family,Ready to Move,500 sqft,banashankari,2w
6500.0,50000,Unfurnished,1 BHK,Family,Ready to Move,400 sqft,banashankari,2w
11500.0,100000,Semi Furnished,1 BHK,Family,10-Dec-24,450 sqft,banashankari,2w
23000.0,230000,Semi Furnished,3 BHK,Family,01-Dec-24,"1,200 sqft",banashankari,2w
3500.0,25000,Unfurnished,1 RK,All,Ready to Move,300 sqft,banashankari,2w
3250.0,32000,Unfurnished,1 RK,Bachelor,Ready to Move,200 sqft,banashankari,2w
10001.0,100000,Unfurnished,1 BHK,All,Ready to Move,500 sqft,banashankari,2w
7500.0,100000,Unfurnished,1 BHK,All,Ready to Move,250 sqft,banashankari,2w
7500.0,70000,Semi Furnished,1 BHK,Family,Ready to Move,500 sqft,banashankari,2w
11000.0,100000,Semi Furnished,2 BHK,Family,01-Dec-24,800 sqft,banashankari,2w
18700.0,200000,Semi Furnished,2 BHK,Family,Ready to Move,"1,100 sqft",banashankari,2w
14000.0,140000,Semi Furnished,2 BHK,Family,Ready to Move,800 sqft,banashankari,2w
15000.0,100000,Semi Furnished,2 BHK,All,Ready to Move,"1,000 sqft",banashankari,2w
31000.0,200000,Semi Furnished,3 BHK,Family,05-Dec-24,"1,650 sqft",banashankari,2w
23000.0,200000,Semi Furnished,3 BHK,All,15-Jan-25,"1,225 sqft",banashankari,2w
14000.0,100000,Unfurnished,2 BHK,Family,Ready to Move,800 sqft,banashankari,2w
7000.0,50000,Unfurnished,1 BHK,All,01-Dec-24,350 sqft,banashankari,2w
11000.0,110000,Semi Furnished,1 BHK,All,Ready to Move,600 sqft,banashankari,2w
9000.0,50000,Semi Furnished,1 BHK,Family,05-Dec-24,400 sqft,banashankari,2w
6000.0,50000,Semi Furnished,1 RK,All,Ready to Move,500 sqft,banashankari,2w
6000.0,50000,Unfurnished,1 BHK,All,Ready to Move,350 sqft,banashankari,2w
6000.0,60000,Semi Furnished,1 RK,All,01-Dec-24,250 sqft,banashankari,2w
8200.0,70000,Unfurnished,1 BHK,Family,Ready to Move,500 sqft,banashankari,2w
6500.0,40000,Unfurnished,1 BHK,Family,Ready to Move,350 sqft,banashankari,2w
3850.0,30000,Semi Furnished,1 RK,"Female, Family",Ready to Move,200 sqft,banashankari,2w
8000.0,80000,Semi Furnished,1 BHK,All,Ready to Move,600 sqft,banashankari,2w
8000.0,50000,Semi Furnished,1 BHK,Family,Ready to Move,500 sqft,banashankari,2w
4500.0,25000,Unfurnished,1 BHK,Bachelor,Ready to Move,400 sqft,banashankari,2w
4000.0,20000,Unfurnished,1 RK,Family,Ready to Move,200 sqft,banashankari,2w
5500.0,50000,Unfurnished,1 BHK,All,Ready to Move,520 sqft,banashankari,2w
5000.0,50000,Unfurnished,1 BHK,Family,Ready to Move,550 sqft,banashankari,2w
5000.0,60000,Semi Furnished,1 RK,Family,Ready to Move,150 sqft,banashankari,2w
17000.0,170000,Semi Furnished,2 BHK,All,Ready to Move,900 sqft,banashankari,2w
28500.0,100000,Unfurnished,3 BHK,Family,01-Dec-24,"1,435 sqft",banashankari,2w
4000.0,40000,Unfurnished,1 BHK,Family,Ready to Move,300 sqft,banashankari,2w
8000.0,50000,Unfurnished,2 BHK,Family,Ready to Move,300 sqft,banashankari,2w
15000.0,120000,Semi Furnished,2 BHK,Family,Ready to Move,"1,200 sqft",banashankari,2w
75000.0,600000,Fully Furnished,3 BHK,All,Ready to Move,"2,378 sqft",banashankari,2w
80000.0,480000,Fully Furnished,3 BHK,All,26-Dec-24,"2,376 sqft",banashankari,2w
45000.0,200000,Semi Furnished,3 BHK,Family,01-Dec-24,"2,200 sqft",banashankari,2w
4000.0,25000,Unfurnished,1 RK,Bachelor,Ready to Move,250 sqft,banashankari,2w
10000.0,100000,Semi Furnished,2 BHK,Family,Ready to Move,600 sqft,banashankari,2w
11000.0,100000,Semi Furnished,2 BHK,All,Ready to Move,600 sqft,banashankari,2w
13000.0,100000,Semi Furnished,1 BHK,Family,Ready to Move,600 sqft,banashankari,2w
25000.0,250000,Semi Furnished,3 BHK,Family,Ready to Move,"1,700 sqft",banashankari,4w
55000.0,300000,Semi Furnished,3 BHK,Family,01-Dec-24,"3,000 sqft",banashankari,4w
38000.0,300000,Semi Furnished,3 BHK,Family,28-Nov-24,"1,650 sqft",banashankari,4w
40000.0,400000,Semi Furnished,3 BHK,Family,Ready to Move,"1,900 sqft",banashankari,4w
15000.0,150000,Semi Furnished,2 BHK,All,Ready to Move,800 sqft,banashankari,4w
10000.0,100000,Semi Furnished,2 BHK,Family,01-Dec-24,600 sqft,banashankari,4w
24000.0,150000,Semi Furnished,3 BHK,Family,Ready to Move,"1,200 sqft",banashankari,4w
22000.0,150000,Semi Furnished,3 BHK,All,Ready to Move,"1,200 sqft",banashankari,4w
31000.0,300000,Semi Furnished,3 BHK,Family,Ready to Move,"1,250 sqft",banashankari,4w
19000.0,100000,Semi Furnished,2 BHK,Family,15-Dec-24,"1,000 sqft",banashankari,4w
22000.0,200000,Semi Furnished,3 BHK,Family,01-Jan-25,"1,300 sqft",banashankari,4w
34500.0,300000,Semi Furnished,3 BHK,Family,Ready to Move,"1,000 sqft",banashankari,4w
22000.0,150000,Semi Furnished,2 BHK,Family,20-Jan-25,"1,200 sqft",banashankari,4w
10500.0,100000,Semi Furnished,1 BHK,Family,Ready to Move,750 sqft,banashankari,4w
20000.0,180000,Semi Furnished,2 BHK,Family,Ready to Move,700 sqft,banashankari,4w
9000.0,65000,Semi Furnished,1 BHK,"Male, Family",Ready to Move,"1,800 sqft",banashankari,4w
27000.0,260000,Semi Furnished,2 BHK,Family,Ready to Move,"1,500 sqft",banashankari,4w
12000.0,50000,Unfurnished,1 BHK,All,Ready to Move,500 sqft,banashankari,4w
30000.0,300000,Semi Furnished,2 BHK,"Family, Company",Ready to Move,800 sqft,banashankari,4w
30000.0,300000,Fully Furnished,2 BHK,Family,Ready to Move,"1,450 sqft",banashankari,4w
30000.0,300000,Semi Furnished,3 BHK,Family,28-Nov-24,"1,700 sqft",banashankari,4w
22000.0,200000,Semi Furnished,2 BHK,Family,Ready to Move,400 sqft,banashankari,4w
17000.0,100000,Semi Furnished,2 BHK,Family,01-Dec-24,856 sqft,banashankari,4w
28000.0,100000,Semi Furnished,2 BHK,All,Ready to Move,"1,350 sqft",banashankari,4w
33000.0,320000,Semi Furnished,2 BHK,Family,Ready to Move,"1,200 sqft",banashankari,4w
21000.0,100000,Semi Furnished,2 BHK,All,01-Jan-25,"1,300 sqft",banashankari,4w
9000.0,100000,Semi Furnished,1 BHK,Family,10-Dec-24,400 sqft,banashankari,4w
25000.0,250000,Semi Furnished,2 BHK,Company,01-Jan-25,750 sqft,banashankari,4w
34000.0,150000,Fully Furnished,2 BHK,All,07-Dec-24,"1,260 sqft",banashankari,4w
24500.0,150000,Semi Furnished,2 BHK,Family,Ready to Move,"1,100 sqft",banashankari,4w
10000.0,35000,Semi Furnished,1 RK,All,Ready to Move,250 sqft,banashankari,4w
34000.0,340000,Unfurnished,3 BHK,Family,Ready to Move,"1,650 sqft",banashankari,4w
37000.0,175000,Semi Furnished,2 BHK,Family,Ready to Move,"1,300 sqft",banashankari,4w
23000.0,120000,Semi Furnished,3 BHK,All,Ready to Move,"1,082 sqft",banashankari,4w
32500.0,250000,Fully Furnished,3 BHK,Family,01-Dec-24,"1,083 sqft",banashankari,4w
31000.0,300000,Semi Furnished,3 BHK,Family,15-Jan-25,"1,200 sqft",banashankari,4w
67000.0,450000,Semi Furnished,3 BHK,Family,Ready to Move,"2,250 sqft",banashankari,4w
10000.0,75000,Semi Furnished,2 BHK,All,Ready to Move,600 sqft,banashankari,4w
20000.0,100000,Semi Furnished,2 BHK,Family,30-Nov-24,800 sqft,banashankari,4w
45000.0,420000,Semi Furnished,3 BHK,Family,Ready to Move,"1,705 sqft",banashankari,4w
45000.0,500000,Semi Furnished,3 BHK,Family,Ready to Move,"1,250 sqft",banashankari,4w
21000.0,200000,Semi Furnished,2 BHK,All,30-Nov-24,"1,100 sqft",banashankari,4w
30000.0,300000,Semi Furnished,3 BHK,All,01-Dec-24,"1,500 sqft",banashankari,4w
16000.0,200000,Semi Furnished,2 BHK,Family,Ready to Move,900 sqft,banashankari,4w
5000.0,50000,Unfurnished,1 RK,All,Ready to Move,200 sqft,banashankari,4w
25000.0,100000,Semi Furnished,3 BHK,Family,01-Dec-24,"1,450 sqft",banashankari,4w
47500.0,450000,Unfurnished,3 BHK,All,Ready to Move,"1,600 sqft",banashankari,4w
10000.0,50000,Unfurnished,2 BHK,All,Ready to Move,"1,000 sqft",banashankari,4w
20000.0,100000,Semi Furnished,3 BHK,Family,Ready to Move,"1,500 sqft",banashankari,4w
15000.0,100000,Unfurnished,2 BHK,Family,05-Dec-24,920 sqft,banashankari,4w
40000.0,200000,Fully Furnished,3 BHK,Family,Ready to Move,"1,500 sqft",banashankari,4w
11000.0,70000,Fully Furnished,1 RK,Female,Ready to Move,700 sqft,banashankari,4w
11250.0,110000,Semi Furnished,1 BHK,Family,01-Dec-24,600 sqft,banashankari,4w
13000.0,100000,Semi Furnished,2 BHK,All,Ready to Move,900 sqft,banashankari,4w
35000.0,350000,Semi Furnished,2 BHK,Family,29-Nov-24,"1,700 sqft",banashankari,4w
18000.0,200000,Semi Furnished,2 BHK,All,Ready to Move,900 sqft,banashankari,4w
40000.0,200000,Semi Furnished,3 BHK,All,Ready to Move,"2,100 sqft",banashankari,4w
10000.0,100000,Unfurnished,1 BHK,All,Ready to Move,500 sqft,banashankari,4w
13000.0,100000,Unfurnished,2 BHK,Family,01-Jan-25,700 sqft,banashankari,4w
16000.0,100000,Semi Furnished,2 BHK,Family,Ready to Move,"1,000 sqft",banashankari,4w
8500.0,100000,Semi Furnished,1 BHK,All,Ready to Move,750 sqft,banashankari,4w
18000.0,180000,Semi Furnished,2 BHK,Family,Ready to Move,680 sqft,banashankari,4w
10000.0,150000,Unfurnished,2 BHK,All,Ready to Move,800 sqft,banashankari,4w
19001.0,180000,Semi Furnished,2 BHK,Family,Ready to Move,735 sqft,banashankari,4w
5000.0,50000,Unfurnished,1 RK,Bachelor,Ready to Move,100 sqft,banashankari,4w
15000.0,100000,Semi Furnished,2 BHK,Family,Ready to Move,680 sqft,banashankari,4w
5000.0,50000,Unfurnished,1 BHK,Family,Ready to Move,500 sqft,banashankari,4w
16000.0,100000,Semi Furnished,2 BHK,Family,Ready to Move,700 sqft,banashankari,4w
8500.0,75000,Unfurnished,1 BHK,All,Ready to Move,600 sqft,banashankari,4w
25000.0,250000,Semi Furnished,2 BHK,"Family, Company",31-Dec-24,"1,300 sqft",banashankari,4w
30000.0,300000,Semi Furnished,3 BHK,Family,Ready to Move,"1,700 sqft",banashankari,4w
6500.0,60000,Semi Furnished,1 RK,All,Ready to Move,100 sqft,banashankari,4w
30000.0,300000,Semi Furnished,2 BHK,Family,Ready to Move,"1,000 sqft",banashankari,4w
20000.0,80000,Semi Furnished,2 BHK,All,Ready to Move,"1,000 sqft",banashankari,4w
12500.0,100000,Semi Furnished,1 BHK,Family,Ready to Move,500 sqft,banashankari,4w
13500.0,100000,Semi Furnished,2 BHK,Family,01-Jan-25,800 sqft,banashankari,4w
30000.0,180000,Semi Furnished,2 BHK,Family,Ready to Move,800 sqft,banashankari,4w
8000.0,50000,Semi Furnished,1 BHK,Bachelor,Ready to Move,800 sqft,banashankari,4w
3000.0,15000,Semi Furnished,1 RK,Bachelor,Ready to Move,156 sqft,banashankari,4w
45000.0,450000,Unfurnished,3 BHK,Family,Ready to Move,"2,500 sqft",banashankari,4w
4500.0,30000,Unfurnished,1 RK,All,Ready to Move,250 sqft,banashankari,4w
12000.0,100000,Semi Furnished,1 BHK,Family,Ready to Move,400 sqft,banashankari,4w
10000.0,70000,Unfurnished,2 BHK,All,Ready to Move,600 sqft,banashankari,4w
12000.0,120000,Semi Furnished,1 BHK,"Family, Bachelor",01-Dec-24,600 sqft,banashankari,4w
15000.0,100000,Semi Furnished,2 BHK,All,Ready to Move,700 sqft,banashankari,4w
40000.0,200000,Semi Furnished,2 BHK,Family,Ready to Move,800 sqft,banashankari,4w
30000.0,300000,Semi Furnished,3 BHK,All,31-Dec-24,"1,500 sqft",banashankari,4w
10000.0,100000,Unfurnished,1 RK,All,Ready to Move,200 sqft,banashankari,4w
7000.0,50000,Unfurnished,1 BHK,Family,Ready to Move,650 sqft,banashankari,4w
20000.0,200000,Fully Furnished,2 BHK,Family,Ready to Move,"1,500 sqft",banashankari,4w
18000.0,180000,Semi Furnished,2 BHK,Family,Ready to Move,"1,000 sqft",banashankari,4w
6000.0,50000,Unfurnished,1 RK,All,Ready to Move,250 sqft,banashankari,4w
35000.0,350000,Semi Furnished,3 BHK,Family,Ready to Move,"1,800 sqft",banashankari,4w
5500.0,45000,Semi Furnished,2 BHK,All,Ready to Move,800 sqft,banashankari,4w
10500.0,1200000,Semi Furnished,1 BHK,Family,Ready to Move,650 sqft,banashankari,4w
6000.0,30000,Unfurnished,1 BHK,Family,Ready to Move,500 sqft,banashankari,4w
20000.0,200000,Unfurnished,2 BHK,All,Ready to Move,"1,200 sqft",banashankari,4w
6500.0,50000,Semi Furnished,1 BHK,Family,Ready to Move,500 sqft,banashankari,4w
12000.0,120000,Unfurnished,1 BHK,All,Ready to Move,500 sqft,banashankari,4w
35000.0,200000,Semi Furnished,2 BHK,Family,28-Nov-24,"1,500 sqft",banashankari,4w
36500.0,350000,Fully Furnished,2 BHK,Family,Ready to Move,"1,300 sqft",banashankari,4w
40000.0,150000,Unfurnished,3 BHK,All,Ready to Move,"1,500 sqft",banashankari,4w
27000.0,250000,Semi Furnished,3 BHK,Family,Ready to Move,"1,500 sqft",banashankari,4w
35000.0,350000,Semi Furnished,2 BHK,All,Ready to Move,900 sqft,banashankari,4w
25000.0,150000,Semi Furnished,2 BHK,All,Ready to Move,"1,800 sqft",banashankari,4w
14000.0,150000,Unfurnished,2 BHK,Family,Ready to Move,900 sqft,banashankari,4w
5000.0,30000,Unfurnished,1 RK,All,Ready to Move,200 sqft,banashankari,4w
16000.0,200000,Unfurnished,2 BHK,All,15-Dec-24,800 sqft,banashankari,4w
16000.0,160000,Semi Furnished,2 BHK,Family,Ready to Move,800 sqft,banashankari,4w
25000.0,250000,Semi Furnished,2 BHK,Family,Ready to Move,900 sqft,banashankari,4w
22000.0,200000,Semi Furnished,3 BHK,Family,14-Dec-24,"1,200 sqft",banashankari,4w
20000.0,200000,Semi Furnished,2 BHK,All,Ready to Move,"1,500 sqft",banashankari,4w
6000.0,60000,Semi Furnished,1 RK,Bachelor,Ready to Move,600 sqft,banashankari,4w
22000.0,220000,Unfurnished,2 BHK,Family,Ready to Move,800 sqft,banashankari,4w
20000.0,120000,Semi Furnished,3 BHK,Family,01-Dec-24,"1,300 sqft",banashankari,4w
47500.0,400000,Semi Furnished,3 BHK,All,30-Nov-24,"1,600 sqft",banashankari,4w
26500.0,250000,Semi Furnished,2 BHK,Family,Ready to Move,"1,100 sqft",banashankari,4w
39500.0,200000,Semi Furnished,2 BHK,Family,01-Dec-24,"1,150 sqft",banashankari,4w
8000.0,80000,Semi Furnished,1 BHK,All,Ready to Move,500 sqft,banashankari,4w
20000.0,100000,Semi Furnished,2 BHK,Family,Ready to Move,883 sqft,banashankari,4w
15600.0,500000,Semi Furnished,2 BHK,All,Ready to Move,"1,200 sqft",banashankari,4w
9000.0,50000,Semi Furnished,1 BHK,Male,Ready to Move,800 sqft,banashankari,4w
18000.0,150000,Semi Furnished,2 BHK,Family,11-Dec-24,900 sqft,banashankari,4w
28000.0,100000,Semi Furnished,2 BHK,All,01-Dec-24,"1,200 sqft",banashankari,4w
28000.0,200000,Semi Furnished,3 BHK,All,02-Dec-24,"1,200 sqft",banashankari,4w
3000.0,30000,Fully Furnished,1 BHK,All,Ready to Move,300 sqft,banashankari,4w
20000.0,100000,Semi Furnished,3 BHK,All,Ready to Move,"1,082 sqft",banashankari,4w
22000.0,220000,Semi Furnished,2 BHK,All,Ready to Move,"1,400 sqft",banashankari,4w
25000.0,250000,Semi Furnished,2 BHK,All,Ready to Move,820 sqft,banashankari,4w
9000.0,100000,Unfurnished,1 RK,Family,Ready to Move,206 sqft,banashankari,4w
6000.0,40000,Fully Furnished,2 BHK,All,Ready to Move,600 sqft,banashankari,4w
20000.0,200000,Semi Furnished,3 BHK,All,Ready to Move,"1,300 sqft",banashankari,4w
22000.0,220000,Semi Furnished,3 BHK,Family,Ready to Move,"1,200 sqft",banashankari,4w
40000.0,330000,Semi Furnished,3 BHK,Family,15-Dec-24,"1,150 sqft",banashankari,4w
15000.0,150000,Semi Furnished,2 BHK,Family,15-Dec-24,"1,000 sqft",banashankari,4w
8000.0,50000,Unfurnished,1 BHK,All,Ready to Move,550 sqft,banashankari,4w
46000.0,500000,Semi Furnished,3 BHK,Family,Ready to Move,"1,800 sqft",banashankari,4w
37000.0,350000,Semi Furnished,2 BHK,Family,Ready to Move,"1,200 sqft",banashankari,4w
37500.0,150000,Semi Furnished,3 BHK,All,30-Nov-24,"1,183 sqft",banashankari,4w
43000.0,430000,Semi Furnished,3 BHK,All,Ready to Move,"1,500 sqft",banashankari,4w
32000.0,250000,Semi Furnished,2 BHK,Family,01-Dec-24,950 sqft,banashankari,4w
16000.0,100000,Semi Furnished,2 BHK,All,10-Dec-24,"1,000 sqft",banashankari,4w
28000.0,200000,Unfurnished,3 BHK,Family,Ready to Move,"1,000 sqft",banashankari,4w
24000.0,200000,Fully Furnished,2 BHK,Family,01-Dec-24,752 sqft,banashankari,4w
18000.0,100000,Unfurnished,2 BHK,All,Ready to Move,883 sqft,banashankari,4w
21000.0,180000,Unfurnished,2 BHK,Family,Ready to Move,"1,200 sqft",banashankari,4w
30000.0,200000,Unfurnished,3 BHK,Family,Ready to Move,"1,300 sqft",banashankari,4w
33800.0,350000,Semi Furnished,2 BHK,Family,Ready to Move,"1,325 sqft",banashankari,4w
7000.0,30000,Unfurnished,1 BHK,Family,10-Jan-25,600 sqft,banashankari,4w
46000.0,46000,Semi Furnished,3 BHK,Family,Ready to Move,"2,200 sqft",banashankari,4w
20000.0,200000,Semi Furnished,2 BHK,All,Ready to Move,750 sqft,banashankari,4w
13500.0,120000,Fully Furnished,2 BHK,All,Ready to Move,"1,000 sqft",banashankari,4w
30700.0,250000,Semi Furnished,3 BHK,Family,17-Jan-25,"1,500 sqft",banashankari,4w
45500.0,400000,Fully Furnished,3 BHK,"Family, Company",31-Dec-24,"1,365 sqft",banashankari,4w
50000.0,500000,Semi Furnished,2 BHK,Family,31-Dec-24,"1,400 sqft",banashankari,4w
12000.0,80000,Unfurnished,2 BHK,All,10-Jan-25,550 sqft,banashankari,4w
40000.0,300000,Semi Furnished,3 BHK,Family,Ready to Move,"1,100 sqft",banashankari,4w
22000.0,200000,Semi Furnished,2 BHK,All,01-Dec-24,"1,000 sqft",banashankari,4w
11500.0,100000,Semi Furnished,1 BHK,Family,10-Jan-25,600 sqft,banashankari,4w
35000.0,200000,Semi Furnished,2 BHK,Family,Ready to Move,"1,500 sqft",banashankari,4w
12000.0,100000,Semi Furnished,2 BHK,Family,01-Dec-24,"1,200 sqft",banashankari,4w
27000.0,200000,Fully Furnished,3 BHK,All,Ready to Move,"1,600 sqft",banashankari,4w
6500.0,65000,Unfurnished,1 BHK,All,Ready to Move,450 sqft,banashankari,4w
6000.0,60000,Semi Furnished,1 BHK,Family,Ready to Move,650 sqft,banashankari,4w
22000.0,200000,Fully Furnished,2 BHK,All,30-Nov-24,"1,200 sqft",banashankari,4w
18000.0,200000,Semi Furnished,2 BHK,Family,Ready to Move,"1,020 sqft",banashankari,4w
82000.0,750000,Semi Furnished,3 BHK,Family,Ready to Move,"1,735 sqft",banashankari,4w
10000.0,50000,Semi Furnished,1 BHK,All,09-Dec-24,600 sqft,banashankari,4w
26000.0,250000,Unfurnished,2 BHK,Family,01-Jan-25,950 sqft,banashankari,4w
16000.0,100000,Semi Furnished,2 BHK,Company,09-Dec-24,750 sqft,banashankari,4w
15000.0,100000,Semi Furnished,2 BHK,Family,Ready to Move,800 sqft,banashankari,4w
25500.0,210000,Semi Furnished,2 BHK,Family,01-Jan-25,"1,200 sqft",banashankari,4w
17000.0,100000,Semi Furnished,2 BHK,Family,01-Dec-24,"1,200 sqft",banashankari,4w
10000.0,100000,Unfurnished,1 BHK,All,10-Jan-25,400 sqft,banashankari,4w
6500.0,50000,Unfurnished,1 BHK,Family,Ready to Move,500 sqft,banashankari,4w
10500.0,100000,Unfurnished,2 BHK,Family,Ready to Move,750 sqft,banashankari,4w
25000.0,250000,Semi Furnished,3 BHK,Family,Ready to Move,"1,765 sqft",banashankari,4w
30000.0,200000,Semi Furnished,3 BHK,All,Ready to Move,"1,800 sqft",banashankari,4w
18000.0,120000,Unfurnished,2 BHK,Family,Ready to Move,"1,200 sqft",banashankari,4w
39000.0,340000,Fully Furnished,3 BHK,All,Ready to Move,"1,700 sqft",banashankari,4w
13000.0,100000,Unfurnished,1 BHK,All,30-Nov-24,360 sqft,jayanagar,nop
40000.0,300000,Unfurnished,3 BHK,Family,28-Nov-24,"1,200 sqft",jayanagar,nop
12000.0,70000,Unfurnished,1 RK,Bachelor,Ready to Move,200 sqft,jayanagar,nop
50000.0,600000,Semi Furnished,2 BHK,All,Ready to Move,"1,300 sqft",jayanagar,nop
22100.0,175000,Semi Furnished,1 BHK,Family,Ready to Move,500 sqft,jayanagar,nop
25100.0,200000,Semi Furnished,1 BHK,Family,Ready to Move,600 sqft,jayanagar,nop
15000.0,100000,Semi Furnished,1 BHK,All,01-Dec-24,450 sqft,jayanagar,nop
10000.0,100000,Unfurnished,1 RK,All,Ready to Move,185 sqft,jayanagar,nop
16000.0,50000,Unfurnished,1 BHK,Family,01-Jan-25,440 sqft,jayanagar,nop
12500.0,50000,Semi Furnished,1 RK,Male,Ready to Move,200 sqft,jayanagar,nop
17000.0,170000,Semi Furnished,3 BHK,Family,Ready to Move,900 sqft,jayanagar,nop
15000.0,100000,Semi Furnished,1 BHK,Family,Ready to Move,500 sqft,jayanagar,nop
10000.0,100000,Unfurnished,1 BHK,Family,04-Dec-24,500 sqft,jayanagar,nop
30000.0,150000,Semi Furnished,2 BHK,All,Ready to Move,"1,200 sqft",jayanagar,nop
30500.0,250000,Semi Furnished,2 BHK,Family,01-Dec-24,"1,200 sqft",jayanagar,nop
15000.0,90000,Semi Furnished,1 RK,Bachelor,Ready to Move,150 sqft,jayanagar,nop
15000.0,50000,Semi Furnished,1 BHK,All,Ready to Move,400 sqft,jayanagar,nop
15000.0,100000,Semi Furnished,2 BHK,Company,Ready to Move,600 sqft,jayanagar,nop
20000.0,200000,Semi Furnished,3 BHK,Family,Ready to Move,"1,100 sqft",jayanagar,nop
8500.0,24000,Semi Furnished,1 RK,Company,Ready to Move,200 sqft,jayanagar,nop
10200.0,30000,Semi Furnished,1 RK,All,Ready to Move,200 sqft,jayanagar,nop
8500.0,85000,Unfurnished,2 BHK,All,Ready to Move,500 sqft,jayanagar,nop
29000.0,300000,Semi Furnished,2 BHK,Family,30-Dec-24,750 sqft,jayanagar,nop
9000.0,40000,Semi Furnished,1 RK,Bachelor,Ready to Move,300 sqft,jayanagar,nop
22000.0,300000,Semi Furnished,1 BHK,Family,Ready to Move,600 sqft,jayanagar,nop
13000.0,120000,Semi Furnished,1 RK,Family,Ready to Move,400 sqft,jayanagar,nop
20000.0,200000,Unfurnished,2 BHK,All,Ready to Move,900 sqft,jayanagar,nop
15000.0,100000,Unfurnished,1 BHK,All,Ready to Move,550 sqft,jayanagar,nop
9500.0,50000,Unfurnished,1 RK,Bachelor,Ready to Move,250 sqft,jayanagar,nop
12000.0,100000,Semi Furnished,1 BHK,Family,31-Dec-24,440 sqft,jayanagar,nop
12000.0,25000,Semi Furnished,1 RK,Bachelor,Ready to Move,250 sqft,jayanagar,nop
14000.0,140000,Semi Furnished,1 RK,All,01-Dec-24,200 sqft,jayanagar,nop
15000.0,100000,Semi Furnished,1 BHK,All,Ready to Move,900 sqft,jayanagar,nop
32000.0,300000,Unfurnished,2 BHK,Family,Ready to Move,"1,000 sqft",jayanagar,nop
9500.0,60000,Semi Furnished,1 RK,All,Ready to Move,200 sqft,jayanagar,nop
10000.0,30000,Semi Furnished,1 BHK,Bachelor,Ready to Move,510 sqft,jayanagar,nop
57500.0,500000,Semi Furnished,3 BHK,All,Ready to Move,"2,000 sqft",jayanagar,nop
20000.0,100000,Semi Furnished,2 BHK,All,10-Dec-24,"1,000 sqft",jayanagar,2w
20000.0,60000,Semi Furnished,2 BHK,All,Ready to Move,900 sqft,jayanagar,2w
35000.0,300000,Semi Furnished,3 BHK,All,07-Dec-24,"1,300 sqft",jayanagar,2w
29000.0,300000,Semi Furnished,3 BHK,All,Ready to Move,"1,500 sqft",jayanagar,2w
22000.0,200000,Semi Furnished,2 BHK,All,01-Dec-24,"1,000 sqft",jayanagar,2w
8000.0,40000,Semi Furnished,1 RK,Bachelor,30-Nov-24,400 sqft,jayanagar,2w
8500.0,85000,Unfurnished,1 RK,Male,Ready to Move,200 sqft,jayanagar,2w
3000.0,500000,Unfurnished,1 BHK,Family,05-Dec-24,600 sqft,jayanagar,2w
8000.0,80005,Semi Furnished,2 BHK,All,Ready to Move,"1,200 sqft",jayanagar,2w
10000.0,100000,Unfurnished,1 BHK,Family,Ready to Move,600 sqft,jayanagar,2w
25000.0,200000,Unfurnished,2 BHK,Family,Ready to Move,850 sqft,jayanagar,2w
7500.0,75000,Unfurnished,1 BHK,Family,Ready to Move,600 sqft,jayanagar,2w
25000.0,250000,Semi Furnished,2 BHK,Family,25-Dec-24,750 sqft,jayanagar,2w
13500.0,100000,Semi Furnished,1 BHK,Family,01-Jan-25,480 sqft,jayanagar,2w
18000.0,125000,Unfurnished,2 BHK,Family,Ready to Move,800 sqft,jayanagar,2w
11000.0,30000,Fully Furnished,1 RK,Bachelor,Ready to Move,250 sqft,jayanagar,2w
14000.0,140000,Semi Furnished,2 BHK,Family,Ready to Move,800 sqft,jayanagar,2w
8500.0,50000,Unfurnished,1 BHK,All,10-Dec-24,400 sqft,jayanagar,2w
13000.0,50000,Semi Furnished,1 BHK,Family,Ready to Move,400 sqft,jayanagar,2w
42000.0,400000,Semi Furnished,2 BHK,Family,Ready to Move,900 sqft,jayanagar,2w
8000.0,80000,Unfurnished,1 BHK,Family,Ready to Move,500 sqft,jayanagar,2w
5500.0,20000,Unfurnished,1 RK,"Company, Male",Ready to Move,200 sqft,jayanagar,2w
23000.0,150000,Semi Furnished,2 BHK,Family,Ready to Move,700 sqft,jayanagar,2w
10000.0,60000,Unfurnished,1 RK,Bachelor,Ready to Move,300 sqft,jayanagar,2w
25000.0,250000,Unfurnished,2 BHK,Family,Ready to Move,"1,000 sqft",jayanagar,2w
16500.0,150000,Semi Furnished,1 RK,All,Ready to Move,"1,000 sqft",jayanagar,2w
25000.0,250000,Semi Furnished,3 BHK,Family,Ready to Move,"1,200 sqft",jayanagar,2w
17000.0,300000,Unfurnished,2 BHK,Family,Ready to Move,800 sqft,jayanagar,2w
14000.0,100000,Unfurnished,2 BHK,Family,15-Dec-24,500 sqft,jayanagar,2w
10000.0,50000,Unfurnished,1 RK,Bachelor,02-Jan-25,200 sqft,jayanagar,2w
12500.0,100000,Unfurnished,1 BHK,Family,01-Jan-25,500 sqft,jayanagar,2w
6000.0,60000,Unfurnished,1 BHK,All,Ready to Move,350 sqft,jayanagar,2w
25000.0,150000,Semi Furnished,2 BHK,Family,28-Nov-24,"1,000 sqft",jayanagar,2w
25000.0,100000,Semi Furnished,2 BHK,Family,Ready to Move,800 sqft,jayanagar,2w
12500.0,100000,Semi Furnished,1 RK,All,Ready to Move,400 sqft,jayanagar,2w
28000.0,200000,Semi Furnished,2 BHK,Family,03-Dec-24,"1,200 sqft",jayanagar,2w
30000.0,300000,Semi Furnished,2 BHK,All,01-Jan-25,800 sqft,jayanagar,2w
20000.0,150000,Semi Furnished,1 BHK,Family,15-Jan-25,650 sqft,jayanagar,2w
8000.0,25000,Semi Furnished,1 RK,"Company, Bachelor",Ready to Move,130 sqft,jayanagar,2w
39000.0,370000,Semi Furnished,3 BHK,Family,Ready to Move,"1,600 sqft",jayanagar,2w
25000.0,180000,Semi Furnished,2 BHK,Family,27-Dec-24,"1,200 sqft",jayanagar,2w
15000.0,30000,Semi Furnished,1 RK,All,Ready to Move,240 sqft,jayanagar,2w
35000.0,350000,Semi Furnished,3 BHK,All,Ready to Move,"1,000 sqft",jayanagar,2w
15000.0,50000,Semi Furnished,1 RK,All,Ready to Move,430 sqft,jayanagar,2w
20000.0,150000,Semi Furnished,2 BHK,Family,Ready to Move,"1,000 sqft",jayanagar,2w
10000.0,100000,Semi Furnished,1 RK,Male,Ready to Move,400 sqft,jayanagar,2w
25500.0,250000,Semi Furnished,2 BHK,Family,Ready to Move,"1,000 sqft",jayanagar,2w
8500.0,8500,Unfurnished,1 BHK,All,Ready to Move,400 sqft,jayanagar,2w
8000.0,1500000,Unfurnished,3 BHK,Family,01-Dec-24,"1,200 sqft",jayanagar,2w
26000.0,200000,Semi Furnished,2 BHK,Family,01-Dec-24,800 sqft,jayanagar,2w
35000.0,250000,Semi Furnished,2 BHK,Family,Ready to Move,"1,200 sqft",jayanagar,2w
15000.0,100000,Unfurnished,1 BHK,All,Ready to Move,400 sqft,jayanagar,2w
36000.0,300000,Semi Furnished,3 BHK,All,Ready to Move,"1,100 sqft",jayanagar,2w
23000.0,230000,Semi Furnished,2 BHK,Family,Ready to Move,800 sqft,jayanagar,2w
19500.0,75000,Unfurnished,1 BHK,Family,Ready to Move,500 sqft,jayanagar,2w
14000.0,100000,Semi Furnished,2 BHK,Family,30-Nov-24,600 sqft,jayanagar,2w
20000.0,100000,Unfurnished,2 BHK,All,Ready to Move,600 sqft,jayanagar,2w
30000.0,175000,Fully Furnished,2 BHK,Family,01-Jan-25,"1,000 sqft",jayanagar,2w
40000.0,400000,Semi Furnished,3 BHK,Family,10-Dec-24,"1,100 sqft",jayanagar,2w
30900.0,300000,Fully Furnished,2 BHK,All,Ready to Move,"1,200 sqft",jayanagar,2w
16000.0,100000,Semi Furnished,2 BHK,All,15-Jan-25,950 sqft,jayanagar,2w
52500.0,400000,Semi Furnished,3 BHK,Family,Ready to Move,"1,400 sqft",jayanagar,2w
60000.0,500000,Semi Furnished,3 BHK,Family,Ready to Move,"1,800 sqft",jayanagar,2w
29500.0,150000,Semi Furnished,2 BHK,Family,28-Nov-24,"1,200 sqft",jayanagar,2w
32000.0,300000,Fully Furnished,2 BHK,Family,Ready to Move,900 sqft,jayanagar,2w
35000.0,350000,Semi Furnished,2 BHK,All,Ready to Move,"1,400 sqft",jayanagar,2w
28000.0,50000,Fully Furnished,2 BHK,Family,Ready to Move,700 sqft,jayanagar,2w
65000.0,500000,Fully Furnished,3 BHK,Family,Ready to Move,"1,800 sqft",jayanagar,2w
75000.0,750000,Semi Furnished,3 BHK,Family,Ready to Move,"2,400 sqft",jayanagar,2w
60000.0,300000,Semi Furnished,3 BHK,Family,Ready to Move,"1,500 sqft",jayanagar,2w
58000.0,550000,Semi Furnished,3 BHK,Company,Ready to Move,"1,300 sqft",jayanagar,2w
15000.0,50000,Semi Furnished,1 BHK,All,Ready to Move,550 sqft,jayanagar,2w
25000.0,200000,Semi Furnished,2 BHK,All,Ready to Move,800 sqft,jayanagar,2w
45000.0,600000,Semi Furnished,3 BHK,Family,Ready to Move,"1,400 sqft",jayanagar,2w
6000.0,40000,Unfurnished,1 RK,Bachelor,Ready to Move,200 sqft,jayanagar,2w
32000.0,300000,Semi Furnished,2 BHK,Family,Ready to Move,"1,000 sqft",jayanagar,2w
48000.0,240000,Semi Furnished,2 BHK,All,Ready to Move,"1,500 sqft",jayanagar,2w
25000.0,250000,Semi Furnished,2 BHK,All,01-Dec-24,800 sqft,jayanagar,2w
12000.0,120000,Unfurnished,1 BHK,All,Ready to Move,500 sqft,jayanagar,2w
9000.0,50000,Unfurnished,1 BHK,Family,25-Jan-25,400 sqft,jayanagar,2w
14500.0,100000,Unfurnished,2 BHK,Family,25-Jan-25,600 sqft,jayanagar,2w
21000.0,60000,Semi Furnished,2 BHK,All,Ready to Move,800 sqft,jayanagar,2w
15000.0,75000,Unfurnished,1 BHK,Family,Ready to Move,600 sqft,jayanagar,2w
9000.0,40000,Semi Furnished,1 RK,Bachelor,Ready to Move,200 sqft,jayanagar,2w
16000.0,100000,Semi Furnished,2 BHK,Family,Ready to Move,700 sqft,jayanagar,2w
18000.0,108000,Unfurnished,1 RK,All,Ready to Move,150 sqft,jayanagar,2w
25000.0,100000,Unfurnished,2 BHK,Family,Ready to Move,800 sqft,jayanagar,2w
8000.0,50000,Unfurnished,1 BHK,Family,Ready to Move,500 sqft,jayanagar,2w
24000.0,150000,Semi Furnished,2 BHK,All,Ready to Move,900 sqft,jayanagar,2w
10500.0,30000,Semi Furnished,1 BHK,Male,Ready to Move,500 sqft,jayanagar,2w
10500.0,30000,Semi Furnished,1 BHK,Male,Ready to Move,510 sqft,jayanagar,2w
10500.0,30000,Fully Furnished,1 BHK,Male,Ready to Move,510 sqft,jayanagar,2w
6500.0,50000,Semi Furnished,1 BHK,All,Ready to Move,600 sqft,jayanagar,2w
21000.0,42000,Fully Furnished,1 RK,Male,Ready to Move,200 sqft,jayanagar,2w
22000.0,200000,Semi Furnished,3 BHK,All,Ready to Move,"1,300 sqft",jayanagar,2w
18500.0,100000,Unfurnished,1 BHK,Family,18-Jan-25,"1,000 sqft",jayanagar,2w
17000.0,150000,Unfurnished,2 BHK,Family,01-Jan-25,780 sqft,jayanagar,2w
14000.0,84000,Unfurnished,1 BHK,Family,Ready to Move,"1,000 sqft",jayanagar,2w
22000.0,200000,Unfurnished,2 BHK,Family,Ready to Move,750 sqft,jayanagar,2w
20000.0,200000,Semi Furnished,1 BHK,All,Ready to Move,600 sqft,jayanagar,2w
59500.0,300000,Semi Furnished,3 BHK,All,01-Dec-24,"1,350 sqft",jayanagar,4w
26000.0,150000,Semi Furnished,2 BHK,Family,01-Dec-24,"1,100 sqft",jayanagar,4w
35000.0,350000,Semi Furnished,3 BHK,All,30-Nov-24,"1,100 sqft",jayanagar,4w
34000.0,250000,Semi Furnished,3 BHK,Family,20-Dec-24,"1,200 sqft",jayanagar,4w
18000.0,300000,Semi Furnished,2 BHK,All,01-Dec-24,850 sqft,jayanagar,4w
49000.0,399996,Semi Furnished,3 BHK,Family,15-Jan-25,"1,260 sqft",jayanagar,4w
25000.0,200000,Semi Furnished,2 BHK,Company,Ready to Move,900 sqft,jayanagar,4w
28000.0,200000,Semi Furnished,2 BHK,Family,Ready to Move,"1,000 sqft",jayanagar,4w
35000.0,350000,Unfurnished,2 BHK,All,Ready to Move,"1,600 sqft",jayanagar,4w
52000.0,200000,Fully Furnished,2 BHK,Family,29-Nov-24,"2,000 sqft",jayanagar,4w
28000.0,250000,Semi Furnished,2 BHK,Family,Ready to Move,800 sqft,jayanagar,4w
40000.0,400000,Semi Furnished,3 BHK,Company,Ready to Move,"1,500 sqft",jayanagar,4w
42000.0,420000,Semi Furnished,3 BHK,Family,Ready to Move,"1,500 sqft",jayanagar,4w
39000.0,250000,Semi Furnished,2 BHK,Family,Ready to Move,"1,300 sqft",jayanagar,4w
40200.0,400000,Semi Furnished,3 BHK,Family,Ready to Move,"1,400 sqft",jayanagar,4w
36000.0,150000,Semi Furnished,2 BHK,Family,Ready to Move,"1,495 sqft",jayanagar,4w
37500.0,250000,Semi Furnished,2 BHK,"Family, Female",30-Nov-24,"1,200 sqft",jayanagar,4w
65000.0,600000,Semi Furnished,3 BHK,All,Ready to Move,"2,180 sqft",jayanagar,4w
15000.0,70000,Semi Furnished,1 RK,"Family, Bachelor",Ready to Move,800 sqft,jayanagar,4w
31000.0,250000,Semi Furnished,2 BHK,"Family, Female",28-Nov-24,"1,152 sqft",jayanagar,4w
73000.0,500000,Semi Furnished,3 BHK,Family,Ready to Move,"1,700 sqft",jayanagar,4w
50000.0,800000,Semi Furnished,3 BHK,Family,10-Jan-25,"1,180 sqft",jayanagar,4w
19400.0,180000,Semi Furnished,2 BHK,All,08-Dec-24,860 sqft,jayanagar,4w
36000.0,200000,Semi Furnished,2 BHK,Family,Ready to Move,"1,200 sqft",jayanagar,4w
25000.0,100000,Semi Furnished,2 BHK,All,28-Nov-24,"1,200 sqft",jayanagar,4w
34000.0,100000,Semi Furnished,2 BHK,Family,Ready to Move,"1,300 sqft",jayanagar,4w
43000.0,350000,Semi Furnished,3 BHK,Family,Ready to Move,"1,200 sqft",jayanagar,4w
35000.0,350000,Semi Furnished,3 BHK,Family,30-Nov-24,"2,100 sqft",jayanagar,4w
83000.0,800000,Semi Furnished,3 BHK,Family,Ready to Move,800 sqft,jayanagar,4w
36000.0,200000,Unfurnished,2 BHK,Family,01-Dec-24,"1,100 sqft",jayanagar,4w
9000.0,50000,Semi Furnished,1 RK,All,Ready to Move,350 sqft,jayanagar,4w
70000.0,420000,Semi Furnished,3 BHK,Family,01-Dec-24,"2,800 sqft",jayanagar,4w
55000.0,500000,Semi Furnished,2 BHK,Family,Ready to Move,"1,100 sqft",jayanagar,4w
22000.0,220000,Semi Furnished,2 BHK,Family,Ready to Move,875 sqft,jayanagar,4w
42000.0,420000,Unfurnished,3 BHK,Company,Ready to Move,"1,800 sqft",jayanagar,4w
35000.0,300000,Unfurnished,2 BHK,Family,Ready to Move,"1,200 sqft",jayanagar,4w
14000.0,140000,Semi Furnished,1 BHK,Family,Ready to Move,450 sqft,jayanagar,4w
30000.0,200000,Semi Furnished,3 BHK,Family,20-Jan-25,"1,500 sqft",jayanagar,4w
42000.0,410000,Semi Furnished,3 BHK,All,Ready to Move,"1,600 sqft",jayanagar,4w
26000.0,250000,Semi Furnished,2 BHK,Family,25-Jan-25,"1,000 sqft",jayanagar,4w
25000.0,250000,Semi Furnished,2 BHK,All,Ready to Move,"1,200 sqft",jayanagar,4w
44000.0,440000,Semi Furnished,3 BHK,Family,01-Jan-25,"1,500 sqft",jayanagar,4w
55000.0,500000,Semi Furnished,3 BHK,"Family, Company",Ready to Move,"1,095 sqft",jayanagar,4w
21200.0,200000,Semi Furnished,2 BHK,Family,01-Dec-24,700 sqft,jayanagar,4w
33000.0,100000,Semi Furnished,2 BHK,All,Ready to Move,"1,200 sqft",jayanagar,4w
25000.0,125000,Fully Furnished,1 BHK,All,Ready to Move,"1,100 sqft",jayanagar,4w
40000.0,400000,Unfurnished,2 BHK,All,Ready to Move,"1,011 sqft",jayanagar,4w
25000.0,150000,Semi Furnished,1 BHK,Family,Ready to Move,600 sqft,jayanagar,4w
55000.0,550000,Semi Furnished,2 BHK,Family,Ready to Move,800 sqft,jayanagar,4w
14000.0,80000,Unfurnished,1 BHK,All,Ready to Move,800 sqft,jayanagar,4w
30000.0,300000,Semi Furnished,3 BHK,Family,Ready to Move,"1,350 sqft",jayanagar,4w
22500.0,0,Semi Furnished,3 BHK,All,28-Nov-24,"1,350 sqft",jayanagar,4w
40000.0,300000,Semi Furnished,3 BHK,Family,Ready to Move,"1,200 sqft",jayanagar,4w
37000.0,300000,Semi Furnished,2 BHK,Family,Ready to Move,"1,070 sqft",jayanagar,4w
40000.0,330000,Semi Furnished,3 BHK,Family,15-Dec-24,"1,150 sqft",jayanagar,4w
25000.0,250000,Semi Furnished,3 BHK,All,22-Dec-24,"1,100 sqft",jayanagar,4w
62000.0,400000,Fully Furnished,3 BHK,Family,Ready to Move,"2,080 sqft",jayanagar,4w
32000.0,200000,Semi Furnished,2 BHK,Family,Ready to Move,"1,200 sqft",jayanagar,4w
81000.0,600000,Semi Furnished,3 BHK,All,Ready to Move,"1,750 sqft",jayanagar,4w
33200.0,200000,Semi Furnished,2 BHK,Family,Ready to Move,"1,200 sqft",jayanagar,4w
34000.0,340000,Unfurnished,3 BHK,Family,Ready to Move,"1,650 sqft",jayanagar,4w
44000.0,400000,Unfurnished,2 BHK,All,Ready to Move,"1,343 sqft",jayanagar,4w
31000.0,300000,Semi Furnished,3 BHK,Family,Ready to Move,"1,250 sqft",jayanagar,4w
25000.0,250000,Semi Furnished,2 BHK,Family,Ready to Move,900 sqft,jayanagar,4w
30000.0,150000,Semi Furnished,3 BHK,Family,Ready to Move,"1,500 sqft",jayanagar,4w
30000.0,100000,Semi Furnished,2 BHK,All,Ready to Move,"1,000 sqft",jayanagar,4w
48000.0,500000,Semi Furnished,3 BHK,Family,Ready to Move,"1,500 sqft",jayanagar,4w
47500.0,400000,Semi Furnished,3 BHK,All,30-Nov-24,"1,600 sqft",jayanagar,4w
26000.0,100000,Semi Furnished,2 BHK,All,Ready to Move,840 sqft,jayanagar,4w
13000.0,80000,Semi Furnished,1 BHK,All,30-Nov-24,600 sqft,jayanagar,4w
49500.0,350000,Semi Furnished,2 BHK,Family,01-Dec-24,"1,380 sqft",jayanagar,4w
15800.0,100000,Semi Furnished,2 BHK,All,30-Nov-24,500 sqft,jp nagar,nop
6000.0,30000,Unfurnished,1 BHK,All,Ready to Move,500 sqft,jp nagar,nop
22000.0,100000,Semi Furnished,3 BHK,All,Ready to Move,"1,500 sqft",jp nagar,nop
7500.0,50000,Unfurnished,1 BHK,Family,Ready to Move,400 sqft,jp nagar,nop
9100.0,40000,Semi Furnished,1 BHK,All,Ready to Move,550 sqft,jp nagar,nop
7500.0,50000,Unfurnished,1 BHK,Family,Ready to Move,350 sqft,jp nagar,nop
11000.0,110000,Semi Furnished,2 BHK,All,Ready to Move,650 sqft,jp nagar,nop
4000.0,20000,Unfurnished,1 RK,Family,Ready to Move,225 sqft,jp nagar,nop
8500.0,50000,Unfurnished,1 BHK,Family,Ready to Move,500 sqft,jp nagar,nop
10000.0,100000,Semi Furnished,1 RK,Bachelor,01-Dec-24,180 sqft,jp nagar,nop
7500.0,50000,Unfurnished,1 BHK,Family,Ready to Move,500 sqft,jp nagar,nop
8700.0,50000,Fully Furnished,1 RK,Bachelor,Ready to Move,150 sqft,jp nagar,nop
7500.0,50000,Unfurnished,1 BHK,Family,05-Dec-24,400 sqft,jp nagar,nop
3500.0,20000,Unfurnished,1 RK,Bachelor,Ready to Move,200 sqft,jp nagar,nop
6000.0,50000,Unfurnished,1 BHK,Family,Ready to Move,450 sqft,jp nagar,nop
26000.0,240000,Semi Furnished,2 BHK,Family,01-Dec-24,"1,444 sqft",jp nagar,nop
7000.0,70000,Semi Furnished,1 BHK,All,Ready to Move,700 sqft,jp nagar,nop
20000.0,100000,Semi Furnished,2 BHK,All,Ready to Move,840 sqft,jp nagar,nop
7000.0,70000,Unfurnished,1 BHK,Family,Ready to Move,500 sqft,jp nagar,nop
7350.0,30000,Unfurnished,1 RK,All,10-Dec-24,250 sqft,jp nagar,nop
13000.0,80000,Semi Furnished,1 BHK,Family,01-Dec-24,400 sqft,jp nagar,nop
20000.0,200000,Unfurnished,2 BHK,All,30-Nov-24,850 sqft,jp nagar,nop
15000.0,100000,Semi Furnished,2 BHK,All,15-Dec-24,"1,200 sqft",jp nagar,nop
9000.0,60000,Unfurnished,1 BHK,Family,Ready to Move,600 sqft,jp nagar,nop
35000.0,300000,Semi Furnished,3 BHK,Family,01-Dec-24,"1,400 sqft",jp nagar,nop
17000.0,100000,Unfurnished,2 BHK,Family,Ready to Move,800 sqft,jp nagar,nop
4500.0,40000,Unfurnished,1 RK,Family,Ready to Move,200 sqft,jp nagar,nop
10000.0,70000,Fully Furnished,1 RK,Bachelor,Ready to Move,300 sqft,jp nagar,nop
30000.0,240000,Fully Furnished,3 BHK,Family,Ready to Move,"1,800 sqft",jp nagar,nop
10000.0,70000,Semi Furnished,1 BHK,All,Ready to Move,600 sqft,jp nagar,nop
25000.0,250000,Semi Furnished,2 BHK,Family,01-Jan-25,"1,200 sqft",jp nagar,nop
17000.0,100000,Semi Furnished,2 BHK,Company,Ready to Move,"1,100 sqft",jp nagar,nop
25000.0,100000,Unfurnished,2 BHK,All,30-Dec-24,"1,200 sqft",jp nagar,nop
19000.0,100000,Semi Furnished,2 BHK,Family,Ready to Move,800 sqft,jp nagar,nop
6500.0,50000,Unfurnished,1 BHK,All,Ready to Move,300 sqft,jp nagar,nop
3500.0,15000,Unfurnished,1 RK,Family,05-Jan-25,250 sqft,jp nagar,nop
15000.0,150000,Unfurnished,2 BHK,All,Ready to Move,800 sqft,jp nagar,nop
15000.0,80000,Semi Furnished,2 BHK,Family,Ready to Move,600 sqft,jp nagar,nop
20000.0,200000,Unfurnished,2 BHK,Family,Ready to Move,"1,000 sqft",jp nagar,nop
6001.0,50000,Unfurnished,1 BHK,Company,Ready to Move,550 sqft,jp nagar,nop
5500.0,50000,Unfurnished,1 BHK,Family,Ready to Move,300 sqft,jp nagar,nop
9000.0,35000,Semi Furnished,1 RK,Male,Ready to Move,200 sqft,jp nagar,nop
25000.0,100000,Semi Furnished,3 BHK,Family,Ready to Move,"1,500 sqft",jp nagar,nop
18000.0,100000,Unfurnished,2 BHK,Family,Ready to Move,900 sqft,jp nagar,nop
7000.0,50000,Semi Furnished,1 RK,Family,Ready to Move,200 sqft,jp nagar,nop
25000.0,200000,Unfurnished,2 BHK,All,30-Nov-24,"1,130 sqft",jp nagar,nop
30000.0,300000,Unfurnished,2 BHK,Family,Ready to Move,600 sqft,jp nagar,nop
20000.0,200000,Unfurnished,2 BHK,All,Ready to Move,800 sqft,jp nagar,nop
16000.0,50000,Semi Furnished,1 BHK,Female,01-Dec-24,400 sqft,jp nagar,nop
7000.0,35000,Unfurnished,1 BHK,Family,Ready to Move,400 sqft,jp nagar,nop
4000.0,20000,Unfurnished,1 RK,All,Ready to Move,200 sqft,jp nagar,nop
7500.0,50000,Semi Furnished,1 RK,Bachelor,Ready to Move,250 sqft,jp nagar,2w
12800.0,50000,Semi Furnished,1 BHK,All,Ready to Move,600 sqft,jp nagar,2w
7500.0,40000,Semi Furnished,1 RK,Male,Ready to Move,350 sqft,jp nagar,2w
12500.0,70000,Semi Furnished,1 BHK,"Family, Female",Ready to Move,800 sqft,jp nagar,2w
14000.0,60000,Unfurnished,2 BHK,All,Ready to Move,600 sqft,jp nagar,2w
20500.0,200000,Semi Furnished,2 BHK,Family,02-Dec-24,"1,200 sqft",jp nagar,2w
25500.0,150000,Semi Furnished,2 BHK,Family,01-Dec-24,900 sqft,jp nagar,2w
24000.0,220000,Semi Furnished,2 BHK,Family,28-Nov-24,"1,100 sqft",jp nagar,2w
15000.0,100000,Semi Furnished,2 BHK,Family,Ready to Move,600 sqft,jp nagar,2w
25000.0,250000,Semi Furnished,2 BHK,Family,Ready to Move,"1,200 sqft",jp nagar,2w
16000.0,100000,Semi Furnished,2 BHK,Family,30-Nov-24,750 sqft,jp nagar,2w
9000.0,85000,Semi Furnished,1 BHK,"Family, Female",Ready to Move,600 sqft,jp nagar,2w
25000.0,75000,Semi Furnished,2 BHK,All,28-Nov-24,"1,100 sqft",jp nagar,2w
6500.0,50000,Semi Furnished,1 RK,Bachelor,05-Dec-24,210 sqft,jp nagar,2w
6000.0,50000,Unfurnished,1 RK,All,01-Jan-25,250 sqft,jp nagar,2w
5000.0,50000,Unfurnished,1 BHK,Family,Ready to Move,350 sqft,jp nagar,2w
8000.0,50000,Unfurnished,1 BHK,Family,05-Dec-24,500 sqft,jp nagar,2w
19000.0,100000,Semi Furnished,2 BHK,All,01-Dec-24,"1,000 sqft",jp nagar,2w
15000.0,80000,Semi Furnished,2 BHK,All,01-Jan-25,500 sqft,jp nagar,2w
10000.0,60000,Semi Furnished,1 BHK,Family,Ready to Move,300 sqft,jp nagar,2w
10000.0,45000,Semi Furnished,1 BHK,"Male, Company",Ready to Move,750 sqft,jp nagar,2w
14000.0,70000,Semi Furnished,2 BHK,All,Ready to Move,600 sqft,jp nagar,2w
25000.0,125000,Semi Furnished,1 RK,Bachelor,Ready to Move,500 sqft,jp nagar,2w
17000.0,100000,Semi Furnished,2 BHK,Family,Ready to Move,"1,200 sqft",jp nagar,2w
6000.0,50000,Unfurnished,1 BHK,Family,Ready to Move,500 sqft,jp nagar,2w
5500.0,30000,Unfurnished,1 BHK,All,Ready to Move,500 sqft,jp nagar,2w
16300.0,100000,Unfurnished,2 BHK,All,Ready to Move,"1,200 sqft",jp nagar,2w
25000.0,200000,Semi Furnished,2 BHK,Family,Ready to Move,"1,000 sqft",jp nagar,2w
15000.0,100000,Semi Furnished,2 BHK,Company,Ready to Move,600 sqft,jp nagar,2w
16000.0,100000,Semi Furnished,1 BHK,All,Ready to Move,650 sqft,jp nagar,2w
10000.0,90000,Unfurnished,2 BHK,Male,Ready to Move,650 sqft,jp nagar,2w
4500.0,30000,Unfurnished,1 BHK,Family,Ready to Move,300 sqft,jp nagar,2w
11800.0,80000,Semi Furnished,1 BHK,Family,Ready to Move,500 sqft,jp nagar,2w
9500.0,50000,Semi Furnished,1 BHK,Family,Ready to Move,400 sqft,jp nagar,2w
5000.0,40000,Unfurnished,1 RK,Family,10-Dec-24,350 sqft,jp nagar,2w
5000.0,45000,Unfurnished,1 RK,Family,Ready to Move,100 sqft,jp nagar,2w
13000.0,100000,Semi Furnished,2 BHK,All,Ready to Move,650 sqft,jp nagar,2w
7000.0,70000,Semi Furnished,1 BHK,All,Ready to Move,500 sqft,jp nagar,2w
7500.0,60000,Unfurnished,1 BHK,All,Ready to Move,450 sqft,jp nagar,2w
11000.0,100000,Semi Furnished,2 BHK,All,Ready to Move,600 sqft,jp nagar,2w
3250.0,20000,Unfurnished,1 RK,Bachelor,Ready to Move,250 sqft,jp nagar,2w
5000.0,30000,Unfurnished,1 BHK,Family,Ready to Move,400 sqft,jp nagar,2w
8000.0,50000,Unfurnished,1 BHK,Family,Ready to Move,800 sqft,jp nagar,2w
12500.0,100000,Semi Furnished,2 BHK,Family,Ready to Move,600 sqft,jp nagar,2w
17000.0,125000,Unfurnished,2 BHK,"Family, Female",15-Dec-24,800 sqft,jp nagar,2w
7000.0,50000,Semi Furnished,1 RK,All,30-Nov-24,200 sqft,jp nagar,2w
10500.0,100000,Unfurnished,1 BHK,Company,Ready to Move,400 sqft,jp nagar,2w
12000.0,100000,Semi Furnished,2 BHK,Family,Ready to Move,900 sqft,jp nagar,2w
10000.0,50000,Fully Furnished,1 BHK,All,Ready to Move,500 sqft,jp nagar,2w
7000.0,10000,Semi Furnished,2 BHK,Family,Ready to Move,800 sqft,jp nagar,2w
8000.0,50000,Semi Furnished,1 BHK,Family,Ready to Move,500 sqft,jp nagar,2w
4500.0,70000,Unfurnished,1 RK,Family,Ready to Move,200 sqft,jp nagar,2w
18000.0,150000,Unfurnished,1 BHK,Family,Ready to Move,500 sqft,jp nagar,2w
12000.0,60000,Semi Furnished,2 BHK,Bachelor,Ready to Move,500 sqft,jp nagar,2w
10000.0,50000,Unfurnished,2 BHK,Family,Ready to Move,800 sqft,jp nagar,2w
12000.0,100000,Semi Furnished,1 BHK,Family,Ready to Move,500 sqft,jp nagar,2w
7150.0,30000,Semi Furnished,1 RK,Bachelor,Ready to Move,250 sqft,jp nagar,2w
5500.0,30000,Semi Furnished,1 RK,Bachelor,Ready to Move,120 sqft,jp nagar,2w
16000.0,150000,Semi Furnished,2 BHK,Family,Ready to Move,850 sqft,jp nagar,2w
14000.0,50000,Unfurnished,1 BHK,All,Ready to Move,650 sqft,jp nagar,2w
13000.0,100000,Unfurnished,2 BHK,Family,Ready to Move,750 sqft,jp nagar,2w
5800.0,5800,Semi Furnished,1 RK,Bachelor,Ready to Move,160 sqft,jp nagar,2w
30000.0,100000,Unfurnished,3 BHK,Family,Ready to Move,"1,400 sqft",jp nagar,2w
12000.0,100000,Unfurnished,1 BHK,All,01-Dec-24,400 sqft,jp nagar,2w
10000.0,50000,Unfurnished,1 RK,Family,Ready to Move,450 sqft,jp nagar,2w
15000.0,100000,Semi Furnished,2 BHK,All,Ready to Move,700 sqft,jp nagar,2w
18000.0,180000,Semi Furnished,2 BHK,Family,Ready to Move,700 sqft,jp nagar,2w
10000.0,100000,Unfurnished,1 BHK,Family,01-Dec-24,400 sqft,jp nagar,2w
18000.0,100000,Unfurnished,2 BHK,All,25-Jan-25,500 sqft,jp nagar,2w
15000.0,100000,Unfurnished,2 BHK,Family,Ready to Move,750 sqft,jp nagar,2w
25000.0,250000,Semi Furnished,2 BHK,Family,Ready to Move,700 sqft,jp nagar,2w
15000.0,50000,Semi Furnished,1 BHK,Bachelor,Ready to Move,700 sqft,jp nagar,2w
6000.0,50000,Unfurnished,1 BHK,All,Ready to Move,300 sqft,jp nagar,2w
21000.0,200000,Semi Furnished,1 BHK,All,Ready to Move,900 sqft,jp nagar,2w
7500.0,45000,Fully Furnished,1 RK,"Company, Bachelor",Ready to Move,350 sqft,jp nagar,2w
26000.0,200000,Semi Furnished,2 BHK,All,20-Jan-25,"1,000 sqft",jp nagar,2w
11000.0,110000,Unfurnished,2 BHK,Family,20-Jan-25,600 sqft,jp nagar,2w
11000.0,75000,Semi Furnished,2 BHK,All,Ready to Move,750 sqft,jp nagar,2w
27175.0,190000,Semi Furnished,1 BHK,"Family, Female, Company",Ready to Move,"1,192 sqft",jp nagar,2w
13500.0,50000,Unfurnished,1 BHK,Family,Ready to Move,"1,000 sqft",jp nagar,2w
20000.0,200000,Semi Furnished,2 BHK,Family,16-Dec-24,900 sqft,jp nagar,2w
7500.0,50000,Unfurnished,1 BHK,All,Ready to Move,700 sqft,jp nagar,2w
30000.0,300000,Unfurnished,2 BHK,Family,01-Jan-25,800 sqft,jp nagar,2w
11000.0,110000,Semi Furnished,1 BHK,Family,Ready to Move,400 sqft,jp nagar,2w
4500.0,20000,Unfurnished,1 RK,Family,15-Jan-25,300 sqft,jp nagar,2w
6500.0,50000,Unfurnished,1 BHK,All,01-Jan-25,500 sqft,jp nagar,2w
11600.0,70000,Semi Furnished,1 BHK,Female,Ready to Move,600 sqft,jp nagar,2w
8000.0,50000,Unfurnished,1 BHK,Family,25-Jan-25,500 sqft,jp nagar,2w
8500.0,60000,Unfurnished,1 BHK,All,01-Dec-24,350 sqft,jp nagar,2w
6000.0,30000,Unfurnished,1 RK,Bachelor,06-Dec-24,300 sqft,jp nagar,2w
18000.0,200000,Semi Furnished,2 BHK,Family,01-Dec-24,550 sqft,jp nagar,2w
6000.0,30000,Unfurnished,1 RK,All,20-Jan-25,221 sqft,jp nagar,2w
6500.0,50000,Unfurnished,1 BHK,Family,Ready to Move,300 sqft,jp nagar,2w
30000.0,150000,Semi Furnished,2 BHK,Family,Ready to Move,"1,000 sqft",jp nagar,2w
10000.0,50000,Semi Furnished,1 BHK,Bachelor,Ready to Move,600 sqft,jp nagar,2w
10001.0,50000,Semi Furnished,1 RK,All,Ready to Move,250 sqft,jp nagar,2w
20000.0,100000,Semi Furnished,2 BHK,All,Ready to Move,"1,200 sqft",jp nagar,2w
45000.0,300000,Semi Furnished,3 BHK,Family,Ready to Move,"1,800 sqft",jp nagar,2w
7000.0,30000,Fully Furnished,1 RK,Bachelor,Ready to Move,200 sqft,jp nagar,2w
6500.0,30000,Unfurnished,1 BHK,Family,Ready to Move,400 sqft,jp nagar,2w
8000.0,75000,Semi Furnished,1 BHK,Family,Ready to Move,600 sqft,jp nagar,2w
5500.0,30000,Semi Furnished,1 BHK,All,01-Dec-24,300 sqft,jp nagar,2w
30000.0,100000,Semi Furnished,2 BHK,Family,Ready to Move,"1,000 sqft",jp nagar,2w
5000.0,50000,Unfurnished,1 RK,Family,Ready to Move,300 sqft,jp nagar,2w
15000.0,150000,Unfurnished,2 BHK,Family,22-Jan-25,600 sqft,jp nagar,2w
16000.0,100000,Unfurnished,2 BHK,Family,Ready to Move,"1,000 sqft",jp nagar,2w
7000.0,20000,Semi Furnished,1 RK,All,Ready to Move,250 sqft,jp nagar,2w
12400.0,150000,Semi Furnished,2 BHK,Family,Ready to Move,700 sqft,jp nagar,2w
25000.0,300000,Semi Furnished,2 BHK,Family,01-Jan-25,600 sqft,jp nagar,2w
9000.0,30000,Fully Furnished,1 RK,Bachelor,01-Dec-24,300 sqft,jp nagar,2w
35000.0,300000,Semi Furnished,2 BHK,All,Ready to Move,"1,600 sqft",jp nagar,2w
14000.0,100000,Fully Furnished,1 BHK,Family,01-Dec-24,550 sqft,jp nagar,2w
11500.0,100000,Unfurnished,1 BHK,All,13-Jan-25,450 sqft,jp nagar,2w
3500.0,20000,Unfurnished,1 RK,All,Ready to Move,150 sqft,jp nagar,2w
22500.0,210000,Semi Furnished,2 BHK,Family,Ready to Move,700 sqft,jp nagar,2w
18000.0,180000,Unfurnished,2 BHK,All,Ready to Move,800 sqft,jp nagar,2w
18000.0,100000,Semi Furnished,1 BHK,Family,Ready to Move,450 sqft,jp nagar,2w
22000.0,100000,Semi Furnished,2 BHK,Family,01-Dec-24,"1,200 sqft",jp nagar,2w
20000.0,200000,Semi Furnished,2 BHK,All,Ready to Move,800 sqft,jp nagar,2w
10000.0,80000,Unfurnished,1 RK,All,Ready to Move,250 sqft,jp nagar,2w
8000.0,80000,Semi Furnished,1 BHK,Family,01-Jan-25,400 sqft,jp nagar,2w
17000.0,100000,Unfurnished,2 BHK,Family,Ready to Move,700 sqft,jp nagar,2w
12000.0,70000,Semi Furnished,1 BHK,Family,Ready to Move,600 sqft,jp nagar,2w
6000.0,20000,Unfurnished,1 RK,Bachelor,Ready to Move,140 sqft,jp nagar,2w
30000.0,300000,Semi Furnished,3 BHK,Family,01-Jan-25,"1,500 sqft",jp nagar,2w
8000.0,50000,Unfurnished,1 BHK,All,Ready to Move,400 sqft,jp nagar,2w
15000.0,150000,Semi Furnished,2 BHK,"Family, Company",Ready to Move,700 sqft,jp nagar,2w
8000.0,50000,Semi Furnished,1 BHK,Family,Ready to Move,450 sqft,jp nagar,2w
10000.0,50000,Fully Furnished,1 BHK,Family,Ready to Move,400 sqft,jp nagar,2w
40000.0,400000,Semi Furnished,3 BHK,All,02-Dec-24,800 sqft,jp nagar,2w
9800.0,60000,Semi Furnished,1 BHK,Family,30-Nov-24,700 sqft,jp nagar,2w
11700.0,100000,Semi Furnished,1 BHK,All,13-Jan-25,500 sqft,jp nagar,2w
7000.0,45000,Semi Furnished,1 RK,"Company, Bachelor",Ready to Move,350 sqft,jp nagar,2w
14000.0,78000,Semi Furnished,1 BHK,All,Ready to Move,525 sqft,jp nagar,2w
8000.0,70000,Semi Furnished,1 BHK,All,Ready to Move,600 sqft,jp nagar,2w
8000.0,80000,Unfurnished,1 RK,All,Ready to Move,170 sqft,jp nagar,2w
22000.0,200000,Semi Furnished,2 BHK,All,01-Dec-24,800 sqft,jp nagar,2w
4500.0,10000,Semi Furnished,1 RK,All,01-Jan-25,200 sqft,jp nagar,2w
8000.0,50000,Unfurnished,1 BHK,Family,Ready to Move,600 sqft,jp nagar,2w
12000.0,50000,Semi Furnished,1 RK,Family,Ready to Move,250 sqft,jp nagar,2w
10000.0,99999,Semi Furnished,1 BHK,Family,Ready to Move,700 sqft,jp nagar,2w
11000.0,50000,Unfurnished,1 BHK,All,Ready to Move,700 sqft,jp nagar,2w
8800.0,70000,Unfurnished,1 BHK,Family,Ready to Move,500 sqft,jp nagar,2w
10000.0,100000,Unfurnished,1 RK,All,Ready to Move,400 sqft,jp nagar,2w
13000.0,100000,Fully Furnished,1 BHK,Family,Ready to Move,424 sqft,jp nagar,2w
12200.0,80000,Semi Furnished,1 BHK,Family,Ready to Move,650 sqft,jp nagar,2w
15500.0,150000,Semi Furnished,2 BHK,Family,Ready to Move,600 sqft,jp nagar,2w
12000.0,150000,Semi Furnished,2 BHK,Family,Ready to Move,730 sqft,jp nagar,2w
10000.0,100000,Semi Furnished,1 BHK,All,Ready to Move,450 sqft,jp nagar,2w
35000.0,150000,Semi Furnished,3 BHK,Family,Ready to Move,"1,300 sqft",jp nagar,2w
8500.0,30000,Unfurnished,1 BHK,Family,Ready to Move,600 sqft,jp nagar,2w
12500.0,75000,Semi Furnished,2 BHK,Family,Ready to Move,600 sqft,jp nagar,2w
10000.0,50000,Fully Furnished,1 BHK,All,01-Dec-24,500 sqft,jp nagar,2w
10000.0,50000,Unfurnished,1 BHK,Family,Ready to Move,330 sqft,jp nagar,2w
15000.0,150000,Semi Furnished,2 BHK,Family,31-Dec-24,850 sqft,jp nagar,2w
3800.0,16000,Unfurnished,1 RK,Male,Ready to Move,200 sqft,jp nagar,2w
7500.0,50000,Unfurnished,1 BHK,Male,Ready to Move,300 sqft,jp nagar,2w
47000.0,450000,Unfurnished,2 BHK,Family,Ready to Move,"1,100 sqft",jp nagar,2w
22000.0,150000,Semi Furnished,2 BHK,Family,Ready to Move,"1,200 sqft",jp nagar,2w
6500.0,30000,Semi Furnished,1 BHK,All,Ready to Move,400 sqft,jp nagar,2w
9000.0,40000,Semi Furnished,1 BHK,All,Ready to Move,500 sqft,jp nagar,2w
11500.0,50000,Unfurnished,2 BHK,Family,Ready to Move,600 sqft,jp nagar,2w
6000.0,30000,Semi Furnished,1 RK,All,Ready to Move,120 sqft,jp nagar,2w
30000.0,1,Semi Furnished,2 BHK,Family,Ready to Move,"1,000 sqft",jp nagar,2w
17000.0,100000,Semi Furnished,1 BHK,Family,Ready to Move,650 sqft,jp nagar,2w
17500.0,100000,Unfurnished,2 BHK,Family,Ready to Move,"1,200 sqft",jp nagar,2w
22000.0,200000,Semi Furnished,2 BHK,Family,Ready to Move,600 sqft,jp nagar,2w
15000.0,165000,Semi Furnished,1 BHK,All,20-Dec-24,400 sqft,jp nagar,2w
24000.0,100000,Unfurnished,2 BHK,Family,Ready to Move,900 sqft,jp nagar,2w
22000.0,120000,Unfurnished,2 BHK,Family,Ready to Move,900 sqft,jp nagar,2w
13000.0,39000,Fully Furnished,1 RK,Bachelor,Ready to Move,450 sqft,jp nagar,2w
18000.0,100000,Semi Furnished,2 BHK,Family,17-Dec-24,"1,000 sqft",jp nagar,2w
15000.0,150000,Semi Furnished,2 BHK,Family,Ready to Move,"1,200 sqft",jp nagar,2w
14000.0,100000,Semi Furnished,1 BHK,Family,Ready to Move,750 sqft,jp nagar,2w
8000.0,60000,Unfurnished,1 RK,All,Ready to Move,420 sqft,jp nagar,2w
15500.0,80000,Semi Furnished,2 BHK,"Family, Bachelor",Ready to Move,600 sqft,jp nagar,2w
3500.0,25000,Unfurnished,1 RK,Family,Ready to Move,500 sqft,jp nagar,2w
9000.0,50000,Unfurnished,1 BHK,Family,Ready to Move,400 sqft,jp nagar,2w
26000.0,250000,Semi Furnished,1 BHK,Family,Ready to Move,400 sqft,jp nagar,2w
4500.0,20000,Unfurnished,1 RK,Family,Ready to Move,200 sqft,jp nagar,2w
14000.0,100000,Semi Furnished,2 BHK,Family,01-Dec-24,850 sqft,jp nagar,2w
6000.0,50000,Unfurnished,1 BHK,All,Ready to Move,450 sqft,jp nagar,2w
9400.0,60000,Semi Furnished,1 BHK,Family,01-Dec-24,400 sqft,jp nagar,2w
8000.0,80000,Unfurnished,1 BHK,Family,Ready to Move,330 sqft,jp nagar,2w
10000.0,100000,Semi Furnished,1 BHK,Bachelor,Ready to Move,600 sqft,jp nagar,2w
18500.0,170000,Semi Furnished,2 BHK,Family,Ready to Move,"1,050 sqft",jp nagar,2w
40000.0,300000,Fully Furnished,2 BHK,Family,Ready to Move,"1,008 sqft",jp nagar,2w
26000.0,100000,Semi Furnished,2 BHK,All,Ready to Move,840 sqft,jp nagar,2w
43000.0,200000,Semi Furnished,3 BHK,All,30-Nov-24,"1,645 sqft",jp nagar,2w
20500.0,150000,Semi Furnished,2 BHK,All,Ready to Move,"1,100 sqft",jp nagar,2w
31500.0,290000,Semi Furnished,3 BHK,All,01-Dec-24,"1,450 sqft",jp nagar,2w
41000.0,400000,Semi Furnished,2 BHK,Family,Ready to Move,"1,050 sqft",jp nagar,2w
73000.0,1500000,Unfurnished,3 BHK,Family,Ready to Move,"2,000 sqft",jp nagar,2w
26000.0,200000,Semi Furnished,2 BHK,All,Ready to Move,"1,350 sqft",jp nagar,2w
45000.0,400000,Semi Furnished,3 BHK,All,Ready to Move,"1,200 sqft",jp nagar,2w
37200.0,350000,Semi Furnished,3 BHK,Family,01-Jan-25,"1,449 sqft",jp nagar,2w
26000.0,100000,Semi Furnished,3 BHK,Family,Ready to Move,"1,500 sqft",jp nagar,2w
50000.0,300000,Fully Furnished,3 BHK,All,Ready to Move,"2,200 sqft",jp nagar,2w
6000.0,60000,Semi Furnished,1 RK,Bachelor,Ready to Move,300 sqft,jp nagar,2w
30000.0,300000,Semi Furnished,3 BHK,Family,Ready to Move,"1,300 sqft",jp nagar,2w
10000.0,100000,Semi Furnished,2 BHK,All,Ready to Move,600 sqft,jp nagar,2w
40000.0,350000,Semi Furnished,3 BHK,Family,Ready to Move,"1,500 sqft",jp nagar,2w
32000.0,250000,Semi Furnished,2 BHK,All,Ready to Move,"1,002 sqft",jp nagar,2w
15500.0,140000,Fully Furnished,2 BHK,All,Ready to Move,950 sqft,jp nagar,2w
26200.0,125000,Semi Furnished,3 BHK,Family,Ready to Move,"1,290 sqft",jp nagar,2w
66000.0,330000,Semi Furnished,3 BHK,Family,Ready to Move,"3,900 sqft",jp nagar,2w
38000.0,180000,Semi Furnished,2 BHK,All,Ready to Move,"1,243 sqft",jp nagar,2w
42500.0,400000,Semi Furnished,2 BHK,Family,Ready to Move,"1,750 sqft",jp nagar,2w
12000.0,100000,Unfurnished,1 BHK,All,Ready to Move,600 sqft,jp nagar,2w
16000.0,100000,Semi Furnished,2 BHK,Family,Ready to Move,900 sqft,jp nagar,2w
22000.0,80000,Semi Furnished,2 BHK,Female,01-Dec-24,770 sqft,jp nagar,2w
32000.0,200000,Semi Furnished,2 BHK,All,01-Jan-25,800 sqft,jp nagar,2w
29000.0,290000,Semi Furnished,3 BHK,Family,Ready to Move,"1,200 sqft",jp nagar,2w
20000.0,180000,Semi Furnished,2 BHK,All,Ready to Move,"1,000 sqft",jp nagar,2w
15000.0,100000,Semi Furnished,1 BHK,Family,Ready to Move,450 sqft,jp nagar,2w
12500.0,100000,Semi Furnished,1 BHK,All,01-Jan-25,800 sqft,jp nagar,2w
7000.0,50000,Semi Furnished,1 BHK,Family,Ready to Move,600 sqft,jp nagar,2w
16500.0,100000,Semi Furnished,1 BHK,Family,Ready to Move,550 sqft,jp nagar,2w
11000.0,100000,Semi Furnished,1 BHK,All,20-Jan-25,400 sqft,jp nagar,2w
15500.0,60000,Semi Furnished,1 BHK,Male,04-Dec-24,400 sqft,jp nagar,2w
7000.0,30000,Unfurnished,1 BHK,All,Ready to Move,500 sqft,jp nagar,2w
12000.0,80000,Semi Furnished,1 BHK,Family,26-Jan-25,600 sqft,jp nagar,2w
14000.0,80000,Semi Furnished,2 BHK,All,26-Jan-25,800 sqft,jp nagar,2w
5500.0,50000,Semi Furnished,1 RK,All,01-Jan-25,200 sqft,jp nagar,2w
15000.0,100000,Unfurnished,2 BHK,Family,Ready to Move,600 sqft,jp nagar,2w
11000.0,50000,Semi Furnished,2 BHK,All,Ready to Move,650 sqft,jp nagar,2w
12000.0,100000,Unfurnished,2 BHK,Family,Ready to Move,600 sqft,jp nagar,2w
14200.0,100000,Semi Furnished,1 BHK,Family,Ready to Move,"1,100 sqft",jp nagar,2w
7500.0,60000,Semi Furnished,1 BHK,All,Ready to Move,450 sqft,jp nagar,2w
16500.0,100000,Fully Furnished,1 BHK,Family,Ready to Move,550 sqft,jp nagar,2w
11750.0,75000,Semi Furnished,1 BHK,Family,Ready to Move,600 sqft,jp nagar,2w
33000.0,300000,Semi Furnished,2 BHK,All,Ready to Move,"1,200 sqft",jp nagar,2w
10250.0,50000,Semi Furnished,1 RK,All,Ready to Move,300 sqft,jp nagar,2w
27000.0,270000,Semi Furnished,1 BHK,All,05-Dec-24,"1,050 sqft",jp nagar,2w
15500.0,100000,Semi Furnished,2 BHK,All,Ready to Move,360 sqft,jp nagar,2w
6000.0,50000,Semi Furnished,1 RK,Family,01-Dec-24,300 sqft,jp nagar,2w
8000.0,40000,Unfurnished,1 RK,Bachelor,Ready to Move,100 sqft,jp nagar,2w
12500.0,100000,Semi Furnished,1 BHK,Family,Ready to Move,600 sqft,jp nagar,2w
8000.0,80000,Semi Furnished,1 BHK,All,02-Dec-24,600 sqft,jp nagar,2w
12700.0,60000,Semi Furnished,1 BHK,Family,Ready to Move,400 sqft,jp nagar,2w
7000.0,40000,Semi Furnished,1 RK,Bachelor,Ready to Move,150 sqft,jp nagar,2w
7000.0,30000,Unfurnished,1 RK,All,Ready to Move,200 sqft,jp nagar,2w
11000.0,50000,Unfurnished,1 BHK,All,Ready to Move,600 sqft,jp nagar,2w
10000.0,100000,Semi Furnished,1 BHK,All,10-Dec-24,400 sqft,jp nagar,2w
10500.0,100000,Unfurnished,1 BHK,Family,Ready to Move,500 sqft,jp nagar,2w
5000.0,20000,Fully Furnished,1 BHK,Family,Ready to Move,400 sqft,jp nagar,2w
14500.0,100000,Semi Furnished,1 BHK,All,01-Dec-24,600 sqft,jp nagar,2w
17000.0,125000,Semi Furnished,1 BHK,All,Ready to Move,600 sqft,jp nagar,2w
6500.0,50000,Unfurnished,1 BHK,Family,Ready to Move,550 sqft,jp nagar,2w
5000.0,40000,Unfurnished,1 BHK,Family,10-Dec-24,600 sqft,jp nagar,2w
9000.0,90000,Semi Furnished,1 BHK,Family,Ready to Move,500 sqft,jp nagar,2w
7000.0,30000,Unfurnished,1 RK,Bachelor,01-Dec-24,200 sqft,jp nagar,2w
22000.0,150000,Semi Furnished,2 BHK,Family,30-Nov-24,900 sqft,jp nagar,2w
8500.0,75000,Semi Furnished,1 BHK,Family,Ready to Move,500 sqft,jp nagar,2w
15000.0,140000,Semi Furnished,2 BHK,Family,Ready to Move,"1,000 sqft",jp nagar,2w
12000.0,100000,Semi Furnished,2 BHK,Family,01-Dec-24,"1,200 sqft",jp nagar,2w
15000.0,75000,Semi Furnished,2 BHK,All,Ready to Move,700 sqft,jp nagar,2w
13000.0,120000,Semi Furnished,1 BHK,All,Ready to Move,450 sqft,jp nagar,2w
8500.0,80000,Semi Furnished,1 BHK,All,Ready to Move,500 sqft,jp nagar,2w
20500.0,200000,Semi Furnished,2 BHK,All,Ready to Move,800 sqft,jp nagar,2w
16500.0,100000,Semi Furnished,2 BHK,Family,01-Dec-24,600 sqft,jp nagar,2w
7004.0,50000,Semi Furnished,1 BHK,All,01-Dec-24,500 sqft,jp nagar,2w
6200.0,40000,Unfurnished,1 BHK,Family,Ready to Move,500 sqft,jp nagar,2w
9700.0,50000,Semi Furnished,1 BHK,All,Ready to Move,450 sqft,jp nagar,2w
7700.0,50000,Semi Furnished,1 RK,All,Ready to Move,200 sqft,jp nagar,2w
28500.0,100000,Semi Furnished,2 BHK,Male,01-Jan-25,"1,000 sqft",jp nagar,2w
9500.0,50000,Semi Furnished,1 RK,Bachelor,Ready to Move,600 sqft,jp nagar,2w
15000.0,150000,Semi Furnished,2 BHK,All,10-Dec-24,900 sqft,jp nagar,2w
20000.0,100000,Semi Furnished,2 BHK,Family,Ready to Move,"1,200 sqft",jp nagar,2w
6500.0,30000,Semi Furnished,1 RK,All,Ready to Move,200 sqft,jp nagar,2w
7000.0,50000,Semi Furnished,1 RK,Family,Ready to Move,300 sqft,jp nagar,2w
15000.0,100000,Semi Furnished,1 BHK,All,Ready to Move,800 sqft,jp nagar,2w
13000.0,100000,Semi Furnished,2 BHK,Family,28-Nov-24,600 sqft,jp nagar,2w
25000.0,150000,Semi Furnished,2 BHK,All,Ready to Move,"1,000 sqft",jp nagar,2w
14000.0,140000,Semi Furnished,1 BHK,All,Ready to Move,500 sqft,jp nagar,2w
25000.0,150000,Semi Furnished,2 BHK,All,Ready to Move,"1,600 sqft",jp nagar,2w
15000.0,70000,Semi Furnished,1 BHK,Family,Ready to Move,400 sqft,jp nagar,2w
25000.0,200000,Semi Furnished,2 BHK,Family,Ready to Move,900 sqft,jp nagar,2w
16000.0,100000,Unfurnished,2 BHK,Family,20-Jan-25,800 sqft,jp nagar,2w
12000.0,100000,Semi Furnished,1 BHK,Family,25-Jan-25,450 sqft,jp nagar,2w
11000.0,50000,Semi Furnished,2 BHK,Family,Ready to Move,"1,000 sqft",jp nagar,2w
19000.0,100000,Unfurnished,2 BHK,All,31-Dec-24,600 sqft,jp nagar,2w
16000.0,30000,Semi Furnished,1 BHK,All,Ready to Move,500 sqft,jp nagar,2w
6000.0,30000,Semi Furnished,1 RK,All,Ready to Move,150 sqft,jp nagar,2w
1700.0,100000,Semi Furnished,2 BHK,Family,Ready to Move,"1,100 sqft",jp nagar,2w
8000.0,40000,Semi Furnished,1 RK,Family,Ready to Move,600 sqft,jp nagar,2w
22000.0,150000,Semi Furnished,2 BHK,Family,Ready to Move,"1,000 sqft",jp nagar,2w
9800.0,50000,Semi Furnished,1 RK,Family,Ready to Move,400 sqft,jp nagar,2w
8500.0,40000,Unfurnished,1 RK,All,Ready to Move,550 sqft,jp nagar,2w
13000.0,100000,Semi Furnished,2 BHK,Family,Ready to Move,700 sqft,jp nagar,2w
8000.0,50000,Fully Furnished,1 RK,All,Ready to Move,600 sqft,jp nagar,2w
17000.0,200000,Semi Furnished,1 BHK,Family,01-Dec-24,500 sqft,jp nagar,2w
28000.0,100000,Semi Furnished,2 BHK,All,Ready to Move,"1,200 sqft",jp nagar,2w
9600.0,50000,Semi Furnished,1 BHK,Family,05-Dec-24,400 sqft,jp nagar,2w
15000.0,150000,Semi Furnished,1 BHK,All,Ready to Move,600 sqft,jp nagar,2w
10000.0,90000,Unfurnished,1 RK,All,Ready to Move,400 sqft,jp nagar,2w
30000.0,330000,Semi Furnished,2 BHK,Family,Ready to Move,"1,500 sqft",jp nagar,2w
15000.0,100000,Unfurnished,1 BHK,All,Ready to Move,500 sqft,jp nagar,2w
5000.0,40000,Unfurnished,1 BHK,Family,Ready to Move,400 sqft,jp nagar,2w
11750.0,80000,Semi Furnished,1 BHK,All,01-Dec-24,500 sqft,jp nagar,2w
8500.0,50000,Unfurnished,1 BHK,Family,Ready to Move,400 sqft,jp nagar,2w
8000.0,40000,Unfurnished,1 BHK,All,Ready to Move,450 sqft,jp nagar,2w
25500.0,100000,Semi Furnished,2 BHK,Female,01-Dec-24,"1,280 sqft",jp nagar,2w
19000.0,80000,Unfurnished,2 BHK,Bachelor,Ready to Move,600 sqft,jp nagar,2w
6500.0,50000,Unfurnished,1 RK,Family,Ready to Move,600 sqft,jp nagar,2w
9000.0,50000,Semi Furnished,1 RK,Bachelor,Ready to Move,200 sqft,jp nagar,2w
10500.0,60000,Unfurnished,1 BHK,Family,03-Dec-24,600 sqft,jp nagar,2w
5000.0,20000,Unfurnished,1 RK,Family,Ready to Move,100 sqft,jp nagar,2w
16000.0,100000,Semi Furnished,2 BHK,All,01-Jan-25,800 sqft,jp nagar,2w
8800.0,70000,Semi Furnished,1 BHK,Family,Ready to Move,600 sqft,jp nagar,2w
32000.0,180000,Fully Furnished,2 BHK,All,Ready to Move,"1,200 sqft",jp nagar,2w
6500.0,50000,Unfurnished,1 BHK,Family,01-Jan-25,500 sqft,jp nagar,2w
15000.0,100000,Unfurnished,2 BHK,Family,05-Jan-25,550 sqft,jp nagar,2w
18000.0,100000,Semi Furnished,1 BHK,All,Ready to Move,600 sqft,jp nagar,2w
7300.0,50000,Unfurnished,1 BHK,All,Ready to Move,250 sqft,jp nagar,2w
13000.0,100000,Semi Furnished,1 BHK,Family,Ready to Move,500 sqft,jp nagar,2w
13000.0,30000,Semi Furnished,1 RK,Family,Ready to Move,250 sqft,jp nagar,2w
12000.0,100000,Semi Furnished,2 BHK,Family,Ready to Move,600 sqft,jp nagar,2w
8500.0,50000,Semi Furnished,1 BHK,All,01-Dec-24,440 sqft,jp nagar,2w
12000.0,50000,Unfurnished,1 RK,Bachelor,Ready to Move,120 sqft,jp nagar,2w
8500.0,50000,Semi Furnished,1 BHK,All,Ready to Move,500 sqft,jp nagar,2w
15000.0,100000,Semi Furnished,1 BHK,Family,30-Dec-24,450 sqft,jp nagar,2w
17000.0,170000,Unfurnished,2 BHK,Family,Ready to Move,900 sqft,jp nagar,2w
9000.0,40000,Semi Furnished,1 RK,All,Ready to Move,400 sqft,jp nagar,2w
42500.0,400000,Semi Furnished,3 BHK,All,Ready to Move,"1,200 sqft",jp nagar,2w
14500.0,100000,Semi Furnished,1 BHK,Family,Ready to Move,400 sqft,jp nagar,2w
6000.0,100000,Unfurnished,1 BHK,Family,Ready to Move,500 sqft,jp nagar,2w
20000.0,100000,Semi Furnished,1 BHK,Family,Ready to Move,600 sqft,jp nagar,2w
16000.0,160000,Semi Furnished,2 BHK,Family,Ready to Move,700 sqft,jp nagar,2w
9500.0,100000,Unfurnished,1 RK,All,Ready to Move,450 sqft,jp nagar,2w
25000.0,150000,Semi Furnished,2 BHK,All,Ready to Move,"1,450 sqft",jp nagar,2w
5000.0,100000,Semi Furnished,1 BHK,Company,Ready to Move,800 sqft,jp nagar,2w
13500.0,100000,Semi Furnished,1 BHK,Family,Ready to Move,500 sqft,jp nagar,2w
15000.0,150000,Semi Furnished,1 BHK,Family,Ready to Move,700 sqft,jp nagar,2w
6000.0,30000,Unfurnished,1 RK,All,Ready to Move,250 sqft,jp nagar,2w
12000.0,25000,Semi Furnished,1 RK,Bachelor,Ready to Move,250 sqft,jp nagar,2w
20000.0,100000,Unfurnished,2 BHK,All,01-Dec-24,700 sqft,jp nagar,2w
20000.0,150000,Semi Furnished,2 BHK,Family,Ready to Move,"1,000 sqft",jp nagar,2w
14000.0,100000,Semi Furnished,2 BHK,Family,30-Nov-24,600 sqft,jp nagar,2w
8001.0,80000,Semi Furnished,1 RK,Company,Ready to Move,450 sqft,jp nagar,2w
9600.0,40000,Fully Furnished,1 BHK,Bachelor,Ready to Move,400 sqft,jp nagar,2w
12200.0,50000,Semi Furnished,1 BHK,All,01-Dec-24,400 sqft,jp nagar,2w
13000.0,50000,Semi Furnished,1 BHK,Family,Ready to Move,400 sqft,jp nagar,2w
16501.0,200000,Semi Furnished,2 BHK,Company,Ready to Move,950 sqft,jp nagar,2w
12000.0,100000,Unfurnished,2 BHK,All,10-Jan-25,900 sqft,jp nagar,2w
15000.0,200000,Unfurnished,1 BHK,All,Ready to Move,500 sqft,jp nagar,2w
15000.0,60000,Semi Furnished,2 BHK,Family,Ready to Move,600 sqft,jp nagar,2w
18000.0,100000,Semi Furnished,2 BHK,Family,Ready to Move,"1,000 sqft",jp nagar,2w
15000.0,100000,Unfurnished,1 BHK,All,01-Dec-24,350 sqft,jp nagar,2w
10000.0,50000,Unfurnished,1 RK,All,01-Dec-24,250 sqft,jp nagar,2w
9500.0,60000,Semi Furnished,1 RK,All,Ready to Move,200 sqft,jp nagar,2w
9000.0,50000,Unfurnished,1 BHK,Family,Ready to Move,600 sqft,jp nagar,2w
15000.0,100000,Unfurnished,2 BHK,All,Ready to Move,"1,000 sqft",jp nagar,2w
15000.0,100000,Unfurnished,1 BHK,All,Ready to Move,550 sqft,jp nagar,2w
29000.0,300000,Semi Furnished,2 BHK,Family,30-Dec-24,750 sqft,jp nagar,2w
10000.0,50000,Unfurnished,1 RK,Bachelor,02-Jan-25,200 sqft,jp nagar,2w
19500.0,75000,Unfurnished,1 BHK,Family,Ready to Move,500 sqft,jp nagar,2w
25000.0,200000,Unfurnished,2 BHK,Family,Ready to Move,850 sqft,jp nagar,2w
5500.0,20000,Unfurnished,1 RK,"Company, Male",Ready to Move,200 sqft,jp nagar,2w
26000.0,200000,Semi Furnished,2 BHK,Family,01-Dec-24,800 sqft,jp nagar,2w
8000.0,50000,Semi Furnished,1 RK,All,Ready to Move,350 sqft,jp nagar,2w
26500.0,100000,Semi Furnished,3 BHK,Family,01-Dec-24,"1,200 sqft",jp nagar,2w
11000.0,100000,Unfurnished,2 BHK,All,Ready to Move,800 sqft,jp nagar,2w
8000.0,50000,Unfurnished,1 BHK,Family,Ready to Move,500 sqft,jp nagar,2w
27500.0,100000,Semi Furnished,2 BHK,All,Ready to Move,"1,200 sqft",jp nagar,2w
16000.0,100000,Semi Furnished,2 BHK,Family,Ready to Move,810 sqft,jp nagar,2w
4500.0,20000,Unfurnished,1 BHK,All,01-Jan-25,350 sqft,jp nagar,2w
16000.0,150000,Semi Furnished,2 BHK,Family,Ready to Move,"1,200 sqft",jp nagar,2w
8500.0,75000,Semi Furnished,1 RK,Company,Ready to Move,500 sqft,jp nagar,2w
22000.0,80000,Semi Furnished,2 BHK,Family,01-Dec-24,850 sqft,jp nagar,2w
14000.0,150000,Unfurnished,2 BHK,Family,Ready to Move,650 sqft,jp nagar,2w
12000.0,120000,Unfurnished,1 BHK,All,Ready to Move,500 sqft,jp nagar,2w
9000.0,40000,Semi Furnished,1 RK,Bachelor,Ready to Move,300 sqft,jp nagar,2w
13000.0,200000,Semi Furnished,3 BHK,Family,Ready to Move,"1,200 sqft",jp nagar,2w
18000.0,150000,Semi Furnished,2 BHK,Family,30-Nov-24,810 sqft,jp nagar,2w
18000.0,150000,Unfurnished,3 BHK,All,Ready to Move,"1,200 sqft",jp nagar,2w
17000.0,170000,Semi Furnished,2 BHK,Family,Ready to Move,625 sqft,jp nagar,2w
16000.0,100000,Unfurnished,2 BHK,All,Ready to Move,"1,000 sqft",jp nagar,2w
12000.0,72000,Fully Furnished,1 RK,Bachelor,Ready to Move,250 sqft,jp nagar,2w
22000.0,150000,Semi Furnished,2 BHK,Family,Ready to Move,650 sqft,jp nagar,2w
12000.0,100000,Semi Furnished,1 BHK,Family,Ready to Move,400 sqft,jp nagar,2w
12000.0,75000,Semi Furnished,1 BHK,All,Ready to Move,450 sqft,jp nagar,2w
20300.0,150000,Unfurnished,2 BHK,"Family, Bachelor",Ready to Move,"1,000 sqft",jp nagar,4w
22700.0,200000,Semi Furnished,2 BHK,All,Ready to Move,"1,200 sqft",jp nagar,4w
32500.0,280000,Semi Furnished,3 BHK,Family,Ready to Move,"1,350 sqft",jp nagar,4w
25000.0,100000,Semi Furnished,2 BHK,Family,Ready to Move,"1,200 sqft",jp nagar,4w
24900.0,200000,Semi Furnished,2 BHK,"Family, Male",Ready to Move,"1,100 sqft",jp nagar,4w
28000.0,250000,Semi Furnished,2 BHK,Family,01-Dec-24,"1,150 sqft",jp nagar,4w
14000.0,150000,Semi Furnished,2 BHK,All,01-Dec-24,700 sqft,jp nagar,4w
28000.0,175000,Semi Furnished,3 BHK,All,06-Dec-24,"1,400 sqft",jp nagar,4w
23000.0,200000,Semi Furnished,3 BHK,Family,Ready to Move,"1,000 sqft",jp nagar,4w
29000.0,250000,Semi Furnished,3 BHK,Family,21-Jan-25,"2,000 sqft",jp nagar,4w
23250.0,100000,Unfurnished,2 BHK,"Male, Family",31-Dec-24,900 sqft,jp nagar,4w
30000.0,200000,Fully Furnished,2 BHK,Family,07-Dec-24,"1,200 sqft",jp nagar,4w
32750.0,250000,Semi Furnished,3 BHK,Family,Ready to Move,"1,800 sqft",jp nagar,4w
37000.0,320000,Semi Furnished,3 BHK,Family,Ready to Move,"1,400 sqft",jp nagar,4w
32000.0,30000031,Semi Furnished,3 BHK,All,30-Dec-24,"1,350 sqft",jp nagar,4w
75000.0,750000,Semi Furnished,3 BHK,Company,Ready to Move,"3,500 sqft",jp nagar,4w
5000.0,50000,Semi Furnished,1 RK,Company,Ready to Move,750 sqft,jp nagar,4w
50000.0,200000,Unfurnished,2 BHK,Family,Ready to Move,"1,000 sqft",jp nagar,4w
35000.0,250000,Unfurnished,2 BHK,Family,Ready to Move,"1,200 sqft",jp nagar,4w
40000.0,350000,Semi Furnished,3 BHK,Family,Ready to Move,"2,200 sqft",jp nagar,4w
30000.0,300000,Unfurnished,3 BHK,Family,Ready to Move,"2,150 sqft",jp nagar,4w
35000.0,350000,Semi Furnished,2 BHK,Family,Ready to Move,"1,900 sqft",jp nagar,4w
6000.0,20000,Semi Furnished,1 RK,Company,Ready to Move,400 sqft,jp nagar,4w
75000.0,500000,Unfurnished,3 BHK,Family,Ready to Move,"2,900 sqft",jp nagar,4w
27000.0,150000,Semi Furnished,2 BHK,Family,Ready to Move,"1,200 sqft",jp nagar,4w
25000.0,250000,Semi Furnished,2 BHK,All,01-Dec-24,"1,350 sqft",jp nagar,4w
32500.0,150000,Semi Furnished,3 BHK,All,Ready to Move,"1,200 sqft",jp nagar,4w
32250.0,180000,Fully Furnished,3 BHK,Female,Ready to Move,"1,480 sqft",jp nagar,4w
27500.0,150000,Fully Furnished,2 BHK,All,Ready to Move,"1,150 sqft",jp nagar,4w
34000.0,200000,Semi Furnished,2 BHK,Family,Ready to Move,980 sqft,jp nagar,4w
13000.0,30000,Semi Furnished,1 BHK,All,Ready to Move,430 sqft,jp nagar,4w
23500.0,132000,Fully Furnished,2 BHK,Company,Ready to Move,"1,000 sqft",jp nagar,4w
32500.0,300000,Semi Furnished,2 BHK,Family,01-Dec-24,"1,200 sqft",jp nagar,4w
12400.0,100000,Fully Furnished,2 BHK,Company,01-Jan-25,850 sqft,jp nagar,4w
35540.0,200000,Semi Furnished,2 BHK,"Family, Female, Company",Ready to Move,"1,200 sqft",jp nagar,4w
18000.0,180000,Semi Furnished,1 BHK,Bachelor,15-Dec-24,451 sqft,jp nagar,4w
49500.0,350000,Semi Furnished,2 BHK,Family,01-Dec-24,"1,380 sqft",jp nagar,4w
22000.0,200000,Semi Furnished,2 BHK,Family,Ready to Move,"1,200 sqft",jp nagar,4w
20500.0,150000,Semi Furnished,2 BHK,Family,Ready to Move,972 sqft,jp nagar,4w
22000.0,120000,Unfurnished,2 BHK,All,30-Nov-24,740 sqft,jp nagar,4w
48000.0,150000,Semi Furnished,3 BHK,All,01-Dec-24,"1,810 sqft",jp nagar,4w
55000.0,200000,Semi Furnished,3 BHK,Family,05-Dec-24,"1,800 sqft",jp nagar,4w
33000.0,280000,Semi Furnished,3 BHK,Company,04-Dec-24,"1,470 sqft",jp nagar,4w
37000.0,300000,Unfurnished,3 BHK,All,Ready to Move,"1,700 sqft",jp nagar,4w
36500.0,120000,Fully Furnished,3 BHK,Family,28-Dec-24,"1,305 sqft",jp nagar,4w
15000.0,100000,Unfurnished,1 BHK,Family,Ready to Move,500 sqft,jp nagar,4w
29700.0,200000,Semi Furnished,3 BHK,Family,08-Dec-24,"1,350 sqft",jp nagar,4w
33000.0,120000,Semi Furnished,3 BHK,Family,31-Dec-24,"1,415 sqft",jp nagar,4w
31000.0,150000,Fully Furnished,3 BHK,All,Ready to Move,"1,500 sqft",jp nagar,4w
34000.0,200000,Fully Furnished,3 BHK,Family,Ready to Move,"1,400 sqft",jp nagar,4w
27000.0,100000,Semi Furnished,2 BHK,Family,01-Jan-25,"1,000 sqft",jp nagar,4w
28001.0,280000,Semi Furnished,2 BHK,Family,01-Dec-24,"1,200 sqft",jp nagar,4w
65000.0,300000,Fully Furnished,3 BHK,All,Ready to Move,"1,650 sqft",jp nagar,4w
45000.0,250000,Fully Furnished,2 BHK,All,Ready to Move,"1,200 sqft",jp nagar,4w
44000.0,250000,Semi Furnished,3 BHK,Family,Ready to Move,"1,540 sqft",jp nagar,4w
12000.0,100000,Semi Furnished,1 BHK,All,Ready to Move,600 sqft,jp nagar,4w
25000.0,100000,Semi Furnished,2 BHK,Family,08-Jan-25,"1,200 sqft",jp nagar,4w
20933.0,60000,Semi Furnished,3 BHK,Family,01-Jan-25,"1,200 sqft",jp nagar,4w
49000.0,400000,Fully Furnished,3 BHK,All,24-Dec-24,"1,950 sqft",jp nagar,4w
11000.0,35000,Unfurnished,1 RK,All,Ready to Move,250 sqft,jp nagar,4w
37800.0,200000,Semi Furnished,3 BHK,Family,Ready to Move,"1,422 sqft",jp nagar,4w
44700.0,200000,Fully Furnished,2 BHK,All,01-Jan-25,"1,195 sqft",jp nagar,4w
12000.0,50000,Fully Furnished,1 BHK,All,Ready to Move,400 sqft,jp nagar,4w
22500.0,100000,Semi Furnished,2 BHK,"Female, Family",Ready to Move,"1,000 sqft",jp nagar,4w
15000.0,200000,Semi Furnished,2 BHK,Family,15-Jan-25,"1,000 sqft",jp nagar,4w
39000.0,150000,Semi Furnished,3 BHK,All,Ready to Move,"1,845 sqft",jp nagar,4w
45000.0,200000,Semi Furnished,3 BHK,Family,13-Jan-25,"1,643 sqft",jp nagar,4w
55000.0,550000,Semi Furnished,3 BHK,Family,01-Dec-24,"1,630 sqft",jp nagar,4w
45700.0,300000,Semi Furnished,2 BHK,All,01-Jan-25,"1,508 sqft",jp nagar,4w
24000.0,100000,Semi Furnished,2 BHK,Family,31-Dec-24,"1,100 sqft",jp nagar,4w
47000.0,200000,Semi Furnished,3 BHK,Family,28-Nov-24,"1,700 sqft",jp nagar,4w
47000.0,250000,Fully Furnished,2 BHK,Family,Ready to Move,"1,200 sqft",jp nagar,4w
37500.0,350000,Semi Furnished,3 BHK,All,Ready to Move,"1,650 sqft",jp nagar,4w
15000.0,120000,Semi Furnished,2 BHK,All,01-Dec-24,750 sqft,jp nagar,4w
37800.0,200000,Semi Furnished,3 BHK,Family,Ready to Move,"1,300 sqft",jp nagar,4w
25000.0,200000,Unfurnished,2 BHK,Family,15-Dec-24,"1,000 sqft",jp nagar,4w
40000.0,258000,Semi Furnished,3 BHK,Family,28-Nov-24,"1,845 sqft",jp nagar,4w
43000.0,250000,Semi Furnished,3 BHK,Family,Ready to Move,"1,374 sqft",jp nagar,4w
36500.0,150000,Semi Furnished,3 BHK,All,28-Nov-24,"1,290 sqft",jp nagar,4w
34750.0,250000,Semi Furnished,3 BHK,Family,Ready to Move,"1,800 sqft",jp nagar,4w
22000.0,150000,Semi Furnished,2 BHK,All,Ready to Move,850 sqft,jp nagar,4w
41085.0,300000,Fully Furnished,2 BHK,Family,Ready to Move,"1,195 sqft",jp nagar,4w
28001.0,200000,Semi Furnished,2 BHK,Family,Ready to Move,750 sqft,jp nagar,4w
29000.0,200000,Semi Furnished,2 BHK,Family,Ready to Move,"1,200 sqft",jp nagar,4w
36000.0,300000,Semi Furnished,3 BHK,Family,01-Dec-24,"1,400 sqft",jp nagar,4w
37500.0,350000,Semi Furnished,3 BHK,All,Ready to Move,"1,700 sqft",jp nagar,4w
19000.0,60000,Semi Furnished,1 BHK,All,Ready to Move,700 sqft,jp nagar,4w
18600.0,80000,Semi Furnished,2 BHK,Family,01-Dec-24,"1,100 sqft",jp nagar,4w
10000.0,100000,Semi Furnished,2 BHK,Family,15-Jan-25,600 sqft,jp nagar,4w
22000.0,200000,Semi Furnished,2 BHK,Family,Ready to Move,"1,300 sqft",jp nagar,4w
10000.0,60000,Unfurnished,1 BHK,Family,15-Dec-24,500 sqft,jp nagar,4w
50000.0,400000,Fully Furnished,3 BHK,Family,Ready to Move,"3,000 sqft",jp nagar,4w
28000.0,200000,Fully Furnished,2 BHK,Family,Ready to Move,"1,100 sqft",jp nagar,4w
17200.0,100000,Unfurnished,1 BHK,Family,Ready to Move,700 sqft,jp nagar,4w
42000.0,320000,Semi Furnished,3 BHK,Family,03-Dec-24,"2,400 sqft",jp nagar,4w
22000.0,200000,Unfurnished,2 BHK,All,Ready to Move,"1,200 sqft",jp nagar,4w
8500.0,60000,Semi Furnished,1 BHK,Family,30-Nov-24,675 sqft,jp nagar,4w
35500.0,180000,Semi Furnished,2 BHK,Family,Ready to Move,"2,000 sqft",jp nagar,4w
36000.0,160000,Semi Furnished,3 BHK,Family,03-Dec-24,"1,200 sqft",jp nagar,4w
25000.0,250000,Unfurnished,2 BHK,Family,Ready to Move,900 sqft,jp nagar,4w
20000.0,200000,Semi Furnished,3 BHK,All,15-Dec-24,"1,000 sqft",jp nagar,4w
27000.0,150000,Fully Furnished,3 BHK,Family,01-Dec-24,"1,200 sqft",jp nagar,4w
5200.0,25000,Unfurnished,1 RK,All,03-Dec-24,200 sqft,jp nagar,4w
45000.0,100000,Fully Furnished,3 BHK,All,Ready to Move,"1,500 sqft",jp nagar,4w
45000.0,450000,Semi Furnished,3 BHK,Family,01-Dec-24,"2,000 sqft",jp nagar,4w
30000.0,300000,Semi Furnished,2 BHK,All,09-Dec-24,"1,100 sqft",jp nagar,4w
28000.0,270000,Semi Furnished,2 BHK,All,Ready to Move,900 sqft,jp nagar,4w
11000.0,100000,Semi Furnished,2 BHK,Family,Ready to Move,800 sqft,jp nagar,4w
16000.0,160000,Semi Furnished,2 BHK,Family,Ready to Move,800 sqft,jp nagar,4w
18500.0,170000,Semi Furnished,2 BHK,All,Ready to Move,900 sqft,jp nagar,4w
15000.0,100000,Semi Furnished,2 BHK,Family,15-Jan-25,800 sqft,jp nagar,4w
43000.0,200000,Semi Furnished,3 BHK,Family,01-Jan-25,"2,000 sqft",jp nagar,4w
75000.0,750000,Fully Furnished,3 BHK,All,Ready to Move,"1,800 sqft",jp nagar,4w
25000.0,300000,Semi Furnished,3 BHK,All,Ready to Move,"1,200 sqft",jp nagar,4w
12000.0,100000,Unfurnished,1 BHK,Male,Ready to Move,850 sqft,jp nagar,4w
45000.0,250000,Semi Furnished,3 BHK,All,Ready to Move,"2,000 sqft",jp nagar,4w
80000.0,680000,Semi Furnished,3 BHK,Family,Ready to Move,"2,400 sqft",jp nagar,4w
20000.0,200000,Semi Furnished,2 BHK,All,Ready to Move,"1,200 sqft",jp nagar,4w
18000.0,100000,Semi Furnished,2 BHK,All,16-Jan-25,750 sqft,jp nagar,4w
15000.0,25000,Fully Furnished,1 RK,All,Ready to Move,150 sqft,jp nagar,4w
39500.0,280000,Fully Furnished,2 BHK,Family,Ready to Move,"1,070 sqft",jp nagar,4w
40500.0,200000,Semi Furnished,3 BHK,Family,30-Nov-24,"1,365 sqft",jp nagar,4w
25000.0,120000,Semi Furnished,2 BHK,All,Ready to Move,900 sqft,jp nagar,4w
16000.0,100000,Semi Furnished,2 BHK,Family,01-Dec-24,"1,200 sqft",jp nagar,4w
11000.0,100000,Unfurnished,2 BHK,All,15-Jan-25,500 sqft,jp nagar,4w
26000.0,160000,Semi Furnished,2 BHK,Family,Ready to Move,800 sqft,jp nagar,4w
24000.0,200000,Semi Furnished,2 BHK,All,Ready to Move,"1,350 sqft",jp nagar,4w
25000.0,250000,Semi Furnished,3 BHK,All,Ready to Move,"1,200 sqft",jp nagar,4w
10000.0,30000,Unfurnished,1 RK,Family,Ready to Move,250 sqft,jp nagar,4w
80000.0,400000,Semi Furnished,3 BHK,Family,03-Dec-24,"2,400 sqft",jp nagar,4w
24000.0,240000,Semi Furnished,1 BHK,Family,Ready to Move,750 sqft,jp nagar,4w
32000.0,300000,Semi Furnished,3 BHK,Family,Ready to Move,"1,400 sqft",jp nagar,4w
23000.0,150000,Semi Furnished,2 BHK,Family,Ready to Move,"1,300 sqft",jp nagar,4w
30000.0,200000,Semi Furnished,3 BHK,Family,10-Jan-25,"2,000 sqft",jp nagar,4w
55000.0,550000,Unfurnished,3 BHK,"Company, Family",Ready to Move,"2,450 sqft",jp nagar,4w
32000.0,320000,Unfurnished,2 BHK,Family,Ready to Move,"1,400 sqft",jp nagar,4w
13000.0,100000,Semi Furnished,2 BHK,Family,Ready to Move,"1,000 sqft",jp nagar,4w
75000.0,750000,Semi Furnished,3 BHK,Family,Ready to Move,"1,200 sqft",jp nagar,4w
40000.0,200000,Semi Furnished,2 BHK,Family,Ready to Move,"1,500 sqft",jp nagar,4w
16000.0,80000,Fully Furnished,1 RK,Bachelor,Ready to Move,300 sqft,jp nagar,4w
12000.0,100000,Unfurnished,2 BHK,Family,Ready to Move,800 sqft,jp nagar,4w
80000.0,400000,Semi Furnished,3 BHK,Family,Ready to Move,"2,400 sqft",jp nagar,4w
26000.0,170000,Semi Furnished,2 BHK,Family,Ready to Move,"1,200 sqft",jp nagar,4w
8500.0,150000,Unfurnished,2 BHK,Family,Ready to Move,800 sqft,jp nagar,4w
13000.0,100000,Semi Furnished,1 BHK,All,Ready to Move,600 sqft,jp nagar,4w
14000.0,140000,Semi Furnished,1 BHK,Family,Ready to Move,600 sqft,jp nagar,4w
30500.0,192000,Semi Furnished,2 BHK,All,28-Nov-24,"1,200 sqft",jp nagar,4w
12000.0,600000,Unfurnished,1 BHK,Family,Ready to Move,700 sqft,jp nagar,4w
14000.0,100000,Unfurnished,2 BHK,All,Ready to Move,800 sqft,jp nagar,4w
30000.0,250000,Fully Furnished,3 BHK,Family,Ready to Move,"1,752 sqft",jp nagar,4w
19000.0,150000,Fully Furnished,2 BHK,Family,28-Nov-24,"1,200 sqft",jp nagar,4w
50000.0,180000,Semi Furnished,3 BHK,Family,Ready to Move,"1,120 sqft",jp nagar,4w
55000.0,330000,Semi Furnished,3 BHK,All,Ready to Move,"2,200 sqft",jp nagar,4w
35000.0,200000,Fully Furnished,3 BHK,Family,Ready to Move,"1,600 sqft",jp nagar,4w
32000.0,150000,Semi Furnished,2 BHK,Family,Ready to Move,"1,500 sqft",jp nagar,4w
70000.0,600000,Semi Furnished,3 BHK,Family,Ready to Move,"3,500 sqft",jp nagar,4w
25500.0,200000,Semi Furnished,2 BHK,Family,Ready to Move,"1,500 sqft",jp nagar,4w
40000.0,105000,Semi Furnished,3 BHK,Family,Ready to Move,"1,500 sqft",jp nagar,4w
44000.0,210000,Semi Furnished,3 BHK,Family,01-Dec-24,"2,100 sqft",jp nagar,4w
34500.0,300000,Semi Furnished,3 BHK,Family,01-Jan-25,"1,485 sqft",jp nagar,4w
28500.0,120000,Semi Furnished,2 BHK,Family,03-Dec-24,"1,407 sqft",jp nagar,4w
25000.0,200000,Semi Furnished,2 BHK,Family,Ready to Move,"1,200 sqft",jp nagar,4w
29999.0,200000,Semi Furnished,2 BHK,Family,01-Jan-25,"1,800 sqft",jp nagar,4w
35500.0,100000,Semi Furnished,3 BHK,All,03-Dec-24,"2,300 sqft",jp nagar,4w
29000.0,200000,Fully Furnished,3 BHK,Family,Ready to Move,"1,200 sqft",jp nagar,4w
23000.0,100000,Semi Furnished,2 BHK,Family,15-Dec-24,850 sqft,jp nagar,4w
28500.0,250000,Semi Furnished,2 BHK,Family,01-Dec-24,"1,150 sqft",jp nagar,4w
22250.0,100000,Semi Furnished,2 BHK,"Male, Family",07-Dec-24,"1,075 sqft",jp nagar,4w
34000.0,150000,Semi Furnished,3 BHK,All,Ready to Move,"1,463 sqft",jp nagar,4w
33900.0,105000,Fully Furnished,2 BHK,All,29-Nov-24,950 sqft,jp nagar,4w
50000.0,200000,Fully Furnished,3 BHK,All,01-Dec-24,"2,400 sqft",jp nagar,4w
29000.0,200000,Semi Furnished,3 BHK,Family,30-Nov-24,"1,350 sqft",jp nagar,4w
49500.0,300000,Semi Furnished,3 BHK,Family,Ready to Move,"1,690 sqft",jp nagar,4w
44000.0,228000,Semi Furnished,2 BHK,Family,30-Nov-24,"1,572 sqft",jp nagar,4w
19800.0,100000,Semi Furnished,2 BHK,Family,Ready to Move,"1,225 sqft",jp nagar,4w
46200.0,350000,Semi Furnished,3 BHK,Family,30-Nov-24,"1,590 sqft",jp nagar,4w
22000.0,200000,Semi Furnished,2 BHK,Family,05-Dec-24,"1,050 sqft",jp nagar,4w
25000.0,150000,Semi Furnished,2 BHK,Family,15-Jan-25,"1,200 sqft",jp nagar,4w
25000.0,100000,Semi Furnished,3 BHK,All,Ready to Move,"1,800 sqft",jp nagar,4w
43200.0,370000,Semi Furnished,3 BHK,All,Ready to Move,"1,900 sqft",jp nagar,4w
20300.0,150000,Unfurnished,2 BHK,Family,Ready to Move,700 sqft,jp nagar,4w
27000.0,150000,Semi Furnished,3 BHK,Family,Ready to Move,"1,100 sqft",jp nagar,4w
30000.0,100000,Semi Furnished,3 BHK,Family,Ready to Move,"1,350 sqft",jp nagar,4w
30000.0,100000,Semi Furnished,3 BHK,Family,08-Dec-24,"1,350 sqft",jp nagar,4w
13500.0,50000,Fully Furnished,1 BHK,All,Ready to Move,350 sqft,jp nagar,4w
61000.0,500000,Semi Furnished,3 BHK,Family,02-Dec-24,"1,710 sqft",jp nagar,4w
19000.0,190000,Semi Furnished,2 BHK,All,Ready to Move,800 sqft,jp nagar,4w
40000.0,200000,Semi Furnished,3 BHK,All,Ready to Move,"1,500 sqft",jp nagar,4w
20500.0,100000,Semi Furnished,2 BHK,All,Ready to Move,750 sqft,jp nagar,4w
28000.0,100000,Semi Furnished,3 BHK,Family,Ready to Move,"1,350 sqft",jp nagar,4w
32000.0,200000,Semi Furnished,2 BHK,All,Ready to Move,"1,275 sqft",jp nagar,4w
18500.0,160000,Semi Furnished,2 BHK,Family,Ready to Move,"1,100 sqft",jp nagar,4w
22500.0,119999,Semi Furnished,2 BHK,All,Ready to Move,"1,100 sqft",jp nagar,4w
65000.0,650000,Semi Furnished,3 BHK,Family,01-Dec-24,"2,205 sqft",jp nagar,4w
28000.0,150000,Semi Furnished,2 BHK,Family,01-Jan-25,"1,100 sqft",jp nagar,4w
49100.0,400000,Semi Furnished,3 BHK,Family,29-Nov-24,"1,700 sqft",jp nagar,4w
30500.0,200000,Semi Furnished,2 BHK,Family,01-Dec-24,"1,135 sqft",jp nagar,4w
43000.0,200000,Semi Furnished,3 BHK,Family,Ready to Move,"1,950 sqft",jp nagar,4w
30000.0,200000,Semi Furnished,1 BHK,Family,Ready to Move,900 sqft,jp nagar,4w
20500.0,75000,Semi Furnished,2 BHK,All,Ready to Move,"1,200 sqft",jp nagar,4w
15500.0,100000,Semi Furnished,2 BHK,"Family, Company",01-Dec-24,650 sqft,jp nagar,4w
39500.0,380000,Semi Furnished,3 BHK,Family,24-Jan-25,"1,800 sqft",jp nagar,4w
35000.0,350000,Semi Furnished,2 BHK,Family,01-Dec-24,"1,200 sqft",jp nagar,4w
31000.0,150000,Semi Furnished,2 BHK,All,01-Dec-24,"1,200 sqft",jp nagar,4w
50000.0,500000,Semi Furnished,3 BHK,All,Ready to Move,"2,400 sqft",jp nagar,4w
30000.0,300000,Fully Furnished,2 BHK,Bachelor,01-Dec-24,"1,105 sqft",jp nagar,4w
41000.0,230000,Semi Furnished,2 BHK,Family,31-Dec-24,"1,318 sqft",jp nagar,4w
37000.0,200000,Semi Furnished,3 BHK,All,Ready to Move,"1,375 sqft",jp nagar,4w
20000.0,25000,Fully Furnished,1 BHK,All,Ready to Move,500 sqft,jp nagar,4w
24000.0,125000,Semi Furnished,2 BHK,Family,01-Dec-24,850 sqft,jp nagar,4w
56000.0,500000,Semi Furnished,3 BHK,Family,Ready to Move,"1,507 sqft",jp nagar,4w
25000.0,150000,Semi Furnished,2 BHK,Family,10-Dec-24,900 sqft,jp nagar,4w
32600.0,200000,Unfurnished,2 BHK,All,Ready to Move,844 sqft,jp nagar,4w
11000.0,100000,Unfurnished,1 BHK,All,Ready to Move,400 sqft,jp nagar,4w
23500.0,126000,Semi Furnished,2 BHK,"Family, Male",18-Jan-25,"1,100 sqft",jp nagar,4w
13000.0,80000,Semi Furnished,2 BHK,Family,Ready to Move,600 sqft,jp nagar,4w
12000.0,30000,Semi Furnished,1 RK,All,02-Dec-24,250 sqft,jp nagar,4w
19000.0,190000,Semi Furnished,2 BHK,Family,Ready to Move,"1,500 sqft",jp nagar,4w
30000.0,150000,Semi Furnished,2 BHK,Family,01-Dec-24,"1,100 sqft",jp nagar,4w
45000.0,100000,Fully Furnished,2 BHK,"Family, Female, Company",07-Dec-24,"1,190 sqft",jp nagar,4w
40700.0,270000,Semi Furnished,3 BHK,All,01-Dec-24,"1,780 sqft",jp nagar,4w
49800.0,450000,Semi Furnished,3 BHK,Family,15-Jan-25,"1,674 sqft",jp nagar,4w
25000.0,30000,Semi Furnished,2 BHK,All,Ready to Move,560 sqft,jp nagar,4w
22000.0,200000,Unfurnished,2 BHK,Family,Ready to Move,900 sqft,jp nagar,4w
25500.0,250000,Semi Furnished,2 BHK,Family,01-Jan-25,"1,080 sqft",jp nagar,4w
10000.0,100000,Semi Furnished,1 BHK,All,14-Jan-25,500 sqft,jp nagar,4w
32500.0,180000,Semi Furnished,2 BHK,All,16-Jan-25,"1,278 sqft",jp nagar,4w
19000.0,170000,Semi Furnished,2 BHK,Family,Ready to Move,"1,050 sqft",jp nagar,4w
11000.0,110000,Fully Furnished,1 BHK,All,28-Nov-24,450 sqft,jp nagar,4w
42500.0,200000,Semi Furnished,3 BHK,All,31-Dec-24,"1,861 sqft",jp nagar,4w
38000.0,200000,Semi Furnished,3 BHK,Family,Ready to Move,"3,000 sqft",jp nagar,4w
45000.0,150000,Semi Furnished,3 BHK,All,Ready to Move,"1,800 sqft",jp nagar,4w
42500.0,100000,Fully Furnished,3 BHK,All,Ready to Move,"1,300 sqft",jp nagar,4w
24000.0,180000,Semi Furnished,2 BHK,Family,Ready to Move,900 sqft,jp nagar,4w
50000.0,500000,Unfurnished,3 BHK,Family,15-Jan-25,"1,200 sqft",jp nagar,4w
38000.0,350000,Fully Furnished,2 BHK,Family,Ready to Move,800 sqft,jp nagar,4w
36000.0,200000,Semi Furnished,3 BHK,Family,Ready to Move,"2,800 sqft",jp nagar,4w
40000.0,400000,Semi Furnished,3 BHK,Family,Ready to Move,"1,500 sqft",jp nagar,4w
35000.0,100000,Fully Furnished,3 BHK,All,Ready to Move,"1,550 sqft",jp nagar,4w
38000.0,350000,Semi Furnished,3 BHK,All,Ready to Move,"1,500 sqft",jp nagar,4w
30000.0,300000,Semi Furnished,2 BHK,Family,Ready to Move,"1,200 sqft",jp nagar,4w
40200.0,400000,Semi Furnished,3 BHK,Family,Ready to Move,"1,400 sqft",jp nagar,4w
30000.0,175000,Fully Furnished,2 BHK,Family,01-Jan-25,"1,000 sqft",jp nagar,4w
34000.0,120000,Fully Furnished,2 BHK,All,Ready to Move,"1,200 sqft",jp nagar,4w
34000.0,120000,Fully Furnished,2 BHK,All,28-Nov-24,"1,200 sqft",jp nagar,4w
15000.0,70000,Semi Furnished,1 BHK,All,Ready to Move,550 sqft,jp nagar,4w
20000.0,100000,Semi Furnished,2 BHK,All,01-Dec-24,"1,060 sqft",jp nagar,4w
36000.0,300000,Fully Furnished,2 BHK,Family,01-Jan-25,"1,290 sqft",jp nagar,4w
58000.0,550000,Semi Furnished,3 BHK,Company,Ready to Move,"1,300 sqft",jp nagar,4w
65000.0,300000,Semi Furnished,3 BHK,All,Ready to Move,"1,750 sqft",jp nagar,4w
37000.0,300000,Semi Furnished,2 BHK,Family,Ready to Move,"1,070 sqft",jp nagar,4w
25000.0,200000,Semi Furnished,2 BHK,Family,01-Dec-24,"1,200 sqft",jp nagar,4w
17500.0,200000,Semi Furnished,2 BHK,All,Ready to Move,800 sqft,jp nagar,4w
25000.0,100000,Semi Furnished,2 BHK,All,28-Nov-24,"1,200 sqft",jp nagar,4w
35000.0,150000,Fully Furnished,2 BHK,All,04-Jan-25,"1,100 sqft",jp nagar,4w
27000.0,150000,Semi Furnished,2 BHK,Family,Ready to Move,"1,000 sqft",jp nagar,4w
13000.0,100000,Fully Furnished,1 BHK,Family,Ready to Move,500 sqft,jp nagar,4w
28000.0,200000,Semi Furnished,2 BHK,All,15-Dec-24,"1,450 sqft",jp nagar,4w
26000.0,260000,Semi Furnished,2 BHK,Family,03-Dec-24,"1,300 sqft",jp nagar,4w
42500.0,300000,Semi Furnished,3 BHK,Family,Ready to Move,"1,060 sqft",jp nagar,4w
31000.0,150000,Semi Furnished,3 BHK,All,02-Dec-24,"1,600 sqft",jp nagar,4w
47900.0,400000,Semi Furnished,3 BHK,Family,Ready to Move,"1,600 sqft",jp nagar,4w
48000.0,240000,Semi Furnished,2 BHK,All,Ready to Move,"1,500 sqft",jp nagar,4w
42000.0,420000,Unfurnished,3 BHK,Company,Ready to Move,"1,800 sqft",jp nagar,4w
35000.0,300000,Semi Furnished,3 BHK,Family,14-Dec-24,"1,200 sqft",jp nagar,4w
28000.0,250000,Semi Furnished,2 BHK,Family,Ready to Move,800 sqft,jp nagar,4w
42000.0,410000,Semi Furnished,3 BHK,All,Ready to Move,"1,600 sqft",jp nagar,4w
29500.0,150000,Semi Furnished,2 BHK,Family,28-Nov-24,"1,200 sqft",jp nagar,4w
38000.0,100000,Semi Furnished,2 BHK,All,Ready to Move,800 sqft,koramangala,nop
19999.0,100000,Semi Furnished,3 BHK,All,01-Dec-24,900 sqft,koramangala,nop
20000.0,70000,Unfurnished,1 BHK,Family,Ready to Move,400 sqft,koramangala,nop
4000.0,10000,Unfurnished,1 RK,Bachelor,Ready to Move,600 sqft,koramangala,nop
14000.0,70000,Semi Furnished,1 BHK,All,Ready to Move,400 sqft,koramangala,nop
12000.0,40000,Unfurnished,1 BHK,All,01-Dec-24,400 sqft,koramangala,nop
10000.0,50000,Semi Furnished,1 BHK,All,01-Dec-24,450 sqft,koramangala,nop
31000.0,200000,Semi Furnished,2 BHK,All,Ready to Move,800 sqft,koramangala,nop
12000.0,50000,Unfurnished,1 BHK,Family,Ready to Move,300 sqft,koramangala,nop
20000.0,100000,Unfurnished,2 BHK,"Family, Female",Ready to Move,550 sqft,koramangala,nop
12500.0,30000,Unfurnished,1 RK,Bachelor,Ready to Move,400 sqft,koramangala,nop
30000.0,100000,Fully Furnished,1 BHK,Family,Ready to Move,"1,200 sqft",koramangala,nop
28900.0,65000,Unfurnished,2 BHK,All,30-Nov-24,650 sqft,koramangala,nop
16000.0,50000,Semi Furnished,2 BHK,Family,Ready to Move,"1,000 sqft",koramangala,nop
7000.0,65000,Unfurnished,1 RK,All,Ready to Move,250 sqft,koramangala,nop
32000.0,210000,Semi Furnished,2 BHK,Family,Ready to Move,"1,200 sqft",koramangala,nop
20000.0,200000,Semi Furnished,2 BHK,All,01-Dec-24,600 sqft,koramangala,nop
15000.0,60000,Semi Furnished,1 BHK,All,01-Dec-24,400 sqft,koramangala,nop
25000.0,50000,Semi Furnished,1 BHK,All,06-Dec-24,900 sqft,koramangala,nop
12000.0,50000,Semi Furnished,1 RK,Male,Ready to Move,300 sqft,koramangala,nop
12000.0,50000,Semi Furnished,1 BHK,All,02-Dec-24,850 sqft,koramangala,nop
10000.0,40000,Semi Furnished,1 RK,All,Ready to Move,200 sqft,koramangala,nop
13000.0,50000,Semi Furnished,1 RK,All,Ready to Move,90 sqft,koramangala,nop
14000.0,80000,Unfurnished,1 BHK,All,Ready to Move,400 sqft,koramangala,nop
8000.0,25000,Semi Furnished,1 RK,Bachelor,03-Dec-24,225 sqft,koramangala,nop
13000.0,40000,Semi Furnished,1 BHK,Family,Ready to Move,500 sqft,koramangala,nop
25000.0,80000,Unfurnished,2 BHK,"Family, Bachelor",03-Dec-24,800 sqft,koramangala,nop
15000.0,50000,Semi Furnished,1 BHK,All,Ready to Move,400 sqft,koramangala,nop
18000.0,50000,Fully Furnished,1 BHK,All,23-Dec-24,450 sqft,koramangala,nop
16000.0,35000,Semi Furnished,1 BHK,All,01-Jan-25,500 sqft,koramangala,nop
20000.0,80000,Semi Furnished,2 BHK,All,02-Dec-24,800 sqft,koramangala,nop
26000.0,100000,Semi Furnished,1 BHK,Family,Ready to Move,400 sqft,koramangala,nop
12000.0,60000,Semi Furnished,1 BHK,Bachelor,Ready to Move,300 sqft,koramangala,nop
20800.0,80000,Semi Furnished,1 BHK,Family,01-Dec-24,650 sqft,koramangala,nop
20000.0,100000,Unfurnished,2 BHK,"Family, Female",Ready to Move,600 sqft,koramangala,nop
15000.0,50000,Fully Furnished,1 RK,All,Ready to Move,220 sqft,koramangala,nop
28000.0,90000,Unfurnished,2 BHK,All,Ready to Move,700 sqft,koramangala,nop
30000.0,100000,Semi Furnished,2 BHK,Family,Ready to Move,900 sqft,koramangala,nop
18000.0,50000,Semi Furnished,2 BHK,Bachelor,Ready to Move,"1,200 sqft",koramangala,nop
25000.0,100000,Semi Furnished,1 BHK,All,Ready to Move,600 sqft,koramangala,nop
25000.0,50000,Fully Furnished,1 BHK,Family,Ready to Move,500 sqft,koramangala,nop
15000.0,75000,Unfurnished,1 BHK,All,Ready to Move,300 sqft,koramangala,nop
18000.0,50000,Semi Furnished,2 BHK,All,22-Dec-24,"1,200 sqft",koramangala,nop
12000.0,40000,Unfurnished,1 BHK,Family,31-Dec-24,450 sqft,koramangala,nop
9500.0,30000,Unfurnished,1 RK,Family,Ready to Move,200 sqft,koramangala,nop
40500.0,120000,Semi Furnished,2 BHK,All,01-Dec-24,"1,000 sqft",koramangala,nop
10000.0,30000,Fully Furnished,1 RK,All,Ready to Move,300 sqft,koramangala,nop
20000.0,50000,Semi Furnished,1 BHK,Family,Ready to Move,500 sqft,koramangala,nop
20000.0,50000,Semi Furnished,2 BHK,All,Ready to Move,800 sqft,koramangala,2w
9000.0,40000,Semi Furnished,1 RK,"Family, Bachelor",Ready to Move,192 sqft,koramangala,2w
25000.0,90000,Semi Furnished,2 BHK,Company,08-Dec-24,600 sqft,koramangala,2w
18500.0,60000,Semi Furnished,2 BHK,Family,10-Dec-24,600 sqft,koramangala,2w
25800.0,80000,Semi Furnished,1 BHK,Bachelor,Ready to Move,700 sqft,koramangala,2w
13000.0,50000,Semi Furnished,1 BHK,All,01-Dec-24,500 sqft,koramangala,2w
21000.0,75000,Semi Furnished,2 BHK,All,Ready to Move,950 sqft,koramangala,2w
30000.0,90000,Unfurnished,2 BHK,All,Ready to Move,"1,200 sqft",koramangala,2w
43000.0,300000,Unfurnished,3 BHK,"Family, Male",Ready to Move,"1,250 sqft",koramangala,2w
15500.0,50000,Unfurnished,1 BHK,All,Ready to Move,350 sqft,koramangala,2w
14700.0,50000,Semi Furnished,1 BHK,All,Ready to Move,400 sqft,koramangala,2w
24500.0,150000,Semi Furnished,2 BHK,All,28-Dec-24,"1,200 sqft",koramangala,2w
18500.0,80000,Semi Furnished,2 BHK,All,Ready to Move,750 sqft,koramangala,2w
29000.0,175000,Semi Furnished,2 BHK,Family,Ready to Move,800 sqft,koramangala,2w
22000.0,150000,Semi Furnished,2 BHK,All,Ready to Move,550 sqft,koramangala,2w
24000.0,150000,Semi Furnished,2 BHK,All,01-Dec-24,"1,200 sqft",koramangala,2w
17500.0,100000,Semi Furnished,1 BHK,Male,01-Dec-24,400 sqft,koramangala,2w
22000.0,80000,Semi Furnished,1 BHK,Company,03-Dec-24,900 sqft,koramangala,2w
28000.0,150000,Semi Furnished,2 BHK,Family,29-Nov-24,800 sqft,koramangala,2w
25000.0,200000,Semi Furnished,2 BHK,All,Ready to Move,"1,200 sqft",koramangala,2w
15000.0,50000,Semi Furnished,1 BHK,All,01-Dec-24,600 sqft,koramangala,2w
17500.0,100000,Semi Furnished,2 BHK,All,Ready to Move,900 sqft,koramangala,2w
19001.0,100000,Semi Furnished,1 BHK,Bachelor,02-Dec-24,550 sqft,koramangala,2w
26000.0,100000,Semi Furnished,1 BHK,Company,Ready to Move,400 sqft,koramangala,2w
18000.0,18000,Unfurnished,1 RK,All,Ready to Move,202 sqft,koramangala,2w
27000.0,80000,Semi Furnished,2 BHK,Bachelor,Ready to Move,850 sqft,koramangala,2w
9000.0,30000,Unfurnished,1 RK,All,Ready to Move,300 sqft,koramangala,2w
60000.0,250000,Fully Furnished,3 BHK,All,Ready to Move,"1,200 sqft",koramangala,2w
10000.0,50000,Unfurnished,1 BHK,Family,Ready to Move,550 sqft,koramangala,2w
35000.0,350000,Semi Furnished,1 RK,Bachelor,Ready to Move,150 sqft,koramangala,2w
10000.0,30000,Semi Furnished,1 RK,Male,Ready to Move,150 sqft,koramangala,2w
21000.0,80000,Semi Furnished,2 BHK,Family,Ready to Move,600 sqft,koramangala,2w
20000.0,200000,Semi Furnished,2 BHK,Family,01-Dec-24,"1,000 sqft",koramangala,2w
13000.0,40000,Unfurnished,1 BHK,All,05-Dec-24,500 sqft,koramangala,2w
16600.0,90000,Semi Furnished,1 BHK,All,01-Dec-24,600 sqft,koramangala,2w
15000.0,75000,Unfurnished,1 BHK,All,01-Jan-25,450 sqft,koramangala,2w
12000.0,72000,Unfurnished,1 RK,Bachelor,Ready to Move,400 sqft,koramangala,2w
18000.0,50000,Fully Furnished,1 RK,All,04-Dec-24,300 sqft,koramangala,2w
8500.0,25000,Semi Furnished,1 RK,Bachelor,Ready to Move,250 sqft,koramangala,2w
12000.0,72000,Semi Furnished,1 BHK,Family,Ready to Move,600 sqft,koramangala,2w
13002.0,40000,Semi Furnished,1 RK,Male,Ready to Move,500 sqft,koramangala,2w
10000.0,50000,Unfurnished,1 RK,All,Ready to Move,300 sqft,koramangala,2w
20000.0,70000,Semi Furnished,2 BHK,All,Ready to Move,"1,000 sqft",koramangala,2w
10000.0,30000,Semi Furnished,1 RK,Male,Ready to Move,600 sqft,koramangala,2w
13500.0,50000,Unfurnished,1 BHK,Family,Ready to Move,500 sqft,koramangala,2w
10500.0,60000,Unfurnished,1 RK,All,Ready to Move,300 sqft,koramangala,2w
25500.0,80000,Semi Furnished,2 BHK,All,30-Nov-24,850 sqft,koramangala,2w
10500.0,30000,Unfurnished,1 BHK,All,Ready to Move,400 sqft,koramangala,2w
25000.0,150000,Unfurnished,2 BHK,All,30-Nov-24,"1,000 sqft",koramangala,2w
10500.0,40000,Unfurnished,1 RK,All,Ready to Move,250 sqft,koramangala,2w
16000.0,75000,Semi Furnished,2 BHK,All,Ready to Move,500 sqft,koramangala,2w
17000.0,75000,Semi Furnished,2 BHK,Family,Ready to Move,800 sqft,koramangala,2w
7000.0,35000,Unfurnished,1 RK,Male,Ready to Move,225 sqft,koramangala,2w
30000.0,150000,Semi Furnished,2 BHK,All,Ready to Move,"1,000 sqft",koramangala,2w
15000.0,50000,Unfurnished,1 BHK,Family,Ready to Move,400 sqft,koramangala,2w
33000.0,120000,Semi Furnished,3 BHK,All,Ready to Move,"1,100 sqft",koramangala,2w
22000.0,150000,Semi Furnished,1 BHK,Company,Ready to Move,400 sqft,koramangala,2w
9000.0,30000,Unfurnished,1 BHK,Family,Ready to Move,350 sqft,koramangala,2w
23000.0,125000,Semi Furnished,2 BHK,All,01-Dec-24,800 sqft,koramangala,2w
11000.0,20000,Semi Furnished,1 RK,All,Ready to Move,190 sqft,koramangala,2w
14000.0,50000,Unfurnished,1 BHK,All,Ready to Move,400 sqft,koramangala,2w
25500.0,120000,Semi Furnished,2 BHK,Family,Ready to Move,650 sqft,koramangala,2w
10000.0,1,Unfurnished,1 RK,All,Ready to Move,250 sqft,koramangala,2w
17000.0,75000,Fully Furnished,1 RK,Bachelor,Ready to Move,250 sqft,koramangala,2w
13000.0,60000,Unfurnished,1 BHK,Family,Ready to Move,600 sqft,koramangala,2w
15000.0,90000,Fully Furnished,1 RK,Bachelor,Ready to Move,250 sqft,koramangala,2w
16500.0,50000,Unfurnished,1 BHK,All,Ready to Move,600 sqft,koramangala,2w
20000.0,100000,Semi Furnished,1 BHK,Bachelor,Ready to Move,600 sqft,koramangala,2w
15000.0,100000,Unfurnished,1 BHK,Family,Ready to Move,500 sqft,koramangala,2w
40000.0,300000,Semi Furnished,2 BHK,All,Ready to Move,"1,200 sqft",koramangala,2w
35000.0,150000,Semi Furnished,2 BHK,Family,Ready to Move,900 sqft,koramangala,2w
42000.0,200000,Fully Furnished,2 BHK,All,Ready to Move,"1,200 sqft",koramangala,2w
65200.0,200000,Semi Furnished,2 BHK,Family,10-Dec-24,"1,180 sqft",koramangala,2w
70000.0,450000,Fully Furnished,2 BHK,All,10-Jan-25,"1,200 sqft",koramangala,2w
16500.0,50000,Semi Furnished,1 BHK,All,Ready to Move,368 sqft,koramangala,2w
20700.0,75000,Semi Furnished,2 BHK,All,01-Jan-25,"1,000 sqft",koramangala,2w
22000.0,150000,Semi Furnished,2 BHK,Family,Ready to Move,700 sqft,koramangala,2w
55000.0,200000,Fully Furnished,3 BHK,"Family, Bachelor",Ready to Move,"1,200 sqft",koramangala,2w
24000.0,80000,Semi Furnished,2 BHK,All,01-Dec-24,800 sqft,koramangala,2w
25000.0,100000,Semi Furnished,1 BHK,Family,30-Nov-24,802 sqft,koramangala,2w
23000.0,80000,Semi Furnished,2 BHK,Family,30-Nov-24,900 sqft,koramangala,2w
46000.0,150000,Semi Furnished,2 BHK,All,Ready to Move,"1,100 sqft",koramangala,2w
33000.0,250000,Semi Furnished,2 BHK,Family,Ready to Move,"1,100 sqft",koramangala,2w
65000.0,260000,Semi Furnished,3 BHK,All,Ready to Move,"2,000 sqft",koramangala,2w
13000.0,40000,Semi Furnished,2 BHK,All,Ready to Move,800 sqft,koramangala,2w
20000.0,150000,Semi Furnished,2 BHK,All,15-Dec-24,700 sqft,koramangala,2w
55000.0,300000,Semi Furnished,3 BHK,All,Ready to Move,"1,400 sqft",koramangala,2w
25000.0,150000,Semi Furnished,1 BHK,Family,05-Dec-24,600 sqft,koramangala,2w
15000.0,50000,Unfurnished,1 BHK,All,Ready to Move,550 sqft,koramangala,2w
24000.0,100000,Semi Furnished,1 BHK,All,01-Dec-24,450 sqft,koramangala,2w
18000.0,50000,Unfurnished,2 BHK,All,Ready to Move,800 sqft,koramangala,2w
14000.0,40000,Semi Furnished,1 RK,All,Ready to Move,600 sqft,koramangala,2w
25000.0,75000,Fully Furnished,1 BHK,All,30-Nov-24,500 sqft,koramangala,2w
19000.0,60000,Semi Furnished,1 BHK,All,Ready to Move,750 sqft,koramangala,2w
20000.0,80000,Fully Furnished,2 BHK,All,Ready to Move,750 sqft,koramangala,2w
11000.0,40000,Unfurnished,1 BHK,All,Ready to Move,250 sqft,koramangala,2w
17500.0,70000,Semi Furnished,1 BHK,All,Ready to Move,550 sqft,koramangala,2w
20000.0,100000,Semi Furnished,1 BHK,All,Ready to Move,400 sqft,koramangala,2w
13200.0,40000,Semi Furnished,1 RK,All,Ready to Move,290 sqft,koramangala,2w
16000.0,100000,Semi Furnished,2 BHK,Bachelor,Ready to Move,"1,000 sqft",koramangala,2w
17000.0,100000,Semi Furnished,1 BHK,Family,01-Dec-24,300 sqft,koramangala,2w
9000.0,40000,Semi Furnished,1 RK,Family,Ready to Move,250 sqft,koramangala,2w
60000.0,240000,Semi Furnished,2 BHK,All,Ready to Move,950 sqft,koramangala,2w
10000.0,50000,Semi Furnished,1 BHK,Bachelor,Ready to Move,400 sqft,koramangala,2w
18500.0,75000,Unfurnished,1 BHK,Family,11-Dec-24,650 sqft,koramangala,2w
19000.0,100000,Semi Furnished,1 BHK,Bachelor,Ready to Move,550 sqft,koramangala,2w
47000.0,200000,Semi Furnished,3 BHK,All,Ready to Move,"2,400 sqft",koramangala,2w
25000.0,50000,Semi Furnished,2 BHK,All,Ready to Move,950 sqft,koramangala,2w
22000.0,66000,Semi Furnished,1 BHK,All,01-Dec-24,400 sqft,koramangala,2w
28000.0,120000,Semi Furnished,2 BHK,Family,Ready to Move,700 sqft,koramangala,2w
16500.0,70000,Semi Furnished,1 BHK,Family,30-Nov-24,500 sqft,koramangala,2w
18000.0,90000,Semi Furnished,1 BHK,All,Ready to Move,380 sqft,koramangala,2w
6000.0,25000,Unfurnished,1 RK,All,01-Dec-24,200 sqft,koramangala,2w
20000.0,100000,Unfurnished,1 BHK,Family,01-Dec-24,550 sqft,koramangala,2w
15000.0,40000,Semi Furnished,1 RK,Bachelor,Ready to Move,250 sqft,koramangala,2w
16500.0,50000,Semi Furnished,1 BHK,Bachelor,Ready to Move,500 sqft,koramangala,2w
14700.0,50000,Semi Furnished,1 BHK,All,06-Dec-24,400 sqft,koramangala,2w
32000.0,150000,Unfurnished,2 BHK,All,09-Dec-24,"1,000 sqft",koramangala,2w
7000.0,35000,Unfurnished,1 RK,All,08-Dec-24,300 sqft,koramangala,2w
13500.0,60000,Semi Furnished,1 BHK,All,Ready to Move,400 sqft,koramangala,2w
18000.0,54000,Fully Furnished,1 RK,All,06-Dec-24,250 sqft,koramangala,2w
13000.0,60000,Semi Furnished,1 BHK,All,Ready to Move,500 sqft,koramangala,2w
25000.0,100000,Unfurnished,2 BHK,All,01-Dec-24,800 sqft,koramangala,2w
28000.0,175000,Semi Furnished,2 BHK,Female,01-Dec-24,"1,300 sqft",koramangala,2w
15750.0,80000,Semi Furnished,1 BHK,Female,10-Dec-24,600 sqft,koramangala,2w
16000.0,50000,Semi Furnished,1 BHK,Family,Ready to Move,400 sqft,koramangala,2w
12000.0,50000,Unfurnished,1 BHK,Family,01-Dec-24,400 sqft,koramangala,2w
14000.0,50000,Unfurnished,1 BHK,All,Ready to Move,500 sqft,koramangala,2w
27000.0,100000,Fully Furnished,1 BHK,All,30-Nov-24,400 sqft,koramangala,2w
23600.0,200000,Semi Furnished,2 BHK,Male,01-Jan-25,800 sqft,koramangala,2w
23000.0,100000,Semi Furnished,2 BHK,All,01-Dec-24,600 sqft,koramangala,2w
15000.0,60000,Semi Furnished,1 RK,Female,Ready to Move,380 sqft,koramangala,2w
18000.0,80000,Semi Furnished,2 BHK,All,Ready to Move,550 sqft,koramangala,2w
13000.0,40000,Semi Furnished,1 BHK,All,Ready to Move,300 sqft,koramangala,2w
27000.0,81000,Fully Furnished,1 BHK,Family,Ready to Move,400 sqft,koramangala,2w
17998.0,75000,Semi Furnished,2 BHK,Family,Ready to Move,750 sqft,koramangala,2w
13000.0,60000,Unfurnished,1 BHK,Family,Ready to Move,300 sqft,koramangala,2w
18000.0,75000,Semi Furnished,1 BHK,Family,Ready to Move,500 sqft,koramangala,2w
16000.0,40000,Semi Furnished,1 RK,All,Ready to Move,280 sqft,koramangala,2w
21000.0,70000,Semi Furnished,2 BHK,Bachelor,Ready to Move,"1,000 sqft",koramangala,2w
18200.0,75000,Semi Furnished,2 BHK,Family,Ready to Move,600 sqft,koramangala,2w
26000.0,100000,Semi Furnished,1 BHK,"Family, Bachelor",Ready to Move,400 sqft,koramangala,2w
14000.0,30000,Semi Furnished,1 RK,Bachelor,Ready to Move,200 sqft,koramangala,2w
9000.0,30000,Unfurnished,1 BHK,Male,Ready to Move,600 sqft,koramangala,2w
18000.0,70000,Semi Furnished,1 BHK,All,Ready to Move,450 sqft,koramangala,2w
15000.0,35000,Fully Furnished,1 RK,All,Ready to Move,300 sqft,koramangala,2w
30000.0,300000,Semi Furnished,2 BHK,All,01-Jan-25,750 sqft,koramangala,2w
20000.0,75000,Semi Furnished,1 BHK,All,Ready to Move,500 sqft,koramangala,2w
9250.0,20000,Semi Furnished,1 RK,Bachelor,01-Dec-24,250 sqft,koramangala,2w
13000.0,30000,Semi Furnished,1 RK,Bachelor,Ready to Move,300 sqft,koramangala,2w
25000.0,50000,Fully Furnished,1 BHK,All,Ready to Move,600 sqft,koramangala,2w
8500.0,30000,Unfurnished,1 BHK,All,Ready to Move,400 sqft,koramangala,2w
8000.0,50000,Semi Furnished,1 RK,All,Ready to Move,150 sqft,koramangala,2w
13000.0,36000,Unfurnished,1 BHK,All,Ready to Move,500 sqft,koramangala,2w
40000.0,150000,Fully Furnished,2 BHK,All,Ready to Move,"1,150 sqft",koramangala,2w
40000.0,150000,Fully Furnished,2 BHK,Family,Ready to Move,950 sqft,koramangala,2w
25500.0,100000,Semi Furnished,1 BHK,All,01-Dec-24,600 sqft,koramangala,2w
20000.0,100000,Unfurnished,2 BHK,All,Ready to Move,800 sqft,koramangala,2w
22000.0,100000,Unfurnished,2 BHK,All,15-Dec-24,800 sqft,koramangala,2w
31999.0,180000,Semi Furnished,2 BHK,All,Ready to Move,770 sqft,koramangala,2w
38000.0,160000,Semi Furnished,2 BHK,"Family, Bachelor",Ready to Move,840 sqft,koramangala,2w
33000.0,300000,Semi Furnished,2 BHK,All,Ready to Move,"1,275 sqft",koramangala,2w
40000.0,150000,Semi Furnished,2 BHK,All,30-Nov-24,800 sqft,koramangala,2w
10000.0,50000,Unfurnished,1 RK,All,Ready to Move,500 sqft,koramangala,2w
7000.0,30000,Unfurnished,1 RK,All,Ready to Move,300 sqft,koramangala,2w
42000.0,200000,Semi Furnished,2 BHK,All,Ready to Move,"1,129 sqft",koramangala,4w
34000.0,150000,Fully Furnished,3 BHK,Bachelor,Ready to Move,"1,000 sqft",koramangala,4w
40000.0,240000,Semi Furnished,2 BHK,Company,Ready to Move,800 sqft,koramangala,4w
75000.0,500000,Semi Furnished,3 BHK,Company,Ready to Move,"2,100 sqft",koramangala,4w
12500.0,50000,Unfurnished,1 BHK,"Female, Family",Ready to Move,300 sqft,koramangala,4w
18500.0,60000,Semi Furnished,1 BHK,Company,Ready to Move,450 sqft,koramangala,4w
75000.0,450000,Semi Furnished,3 BHK,All,Ready to Move,"1,200 sqft",koramangala,4w
30000.0,150000,Unfurnished,2 BHK,All,Ready to Move,800 sqft,koramangala,4w
43800.0,300000,Semi Furnished,2 BHK,All,01-Jan-25,"1,100 sqft",koramangala,4w
48000.0,270000,Semi Furnished,3 BHK,Company,Ready to Move,"1,200 sqft",koramangala,4w
73335.0,650000,Unfurnished,2 BHK,Family,Ready to Move,"1,300 sqft",koramangala,4w
85000.0,850000,Fully Furnished,2 BHK,Family,Ready to Move,"1,300 sqft",koramangala,4w
24000.0,60000,Fully Furnished,1 BHK,All,01-Dec-24,550 sqft,koramangala,4w
13000.0,30000,Semi Furnished,1 RK,Bachelor,Ready to Move,150 sqft,koramangala,4w
33500.0,150000,Fully Furnished,1 BHK,Bachelor,Ready to Move,500 sqft,koramangala,4w
25000.0,100000,Semi Furnished,3 BHK,Bachelor,Ready to Move,"1,150 sqft",koramangala,4w
22600.0,120000,Semi Furnished,2 BHK,Family,Ready to Move,800 sqft,koramangala,4w
40000.0,200000,Semi Furnished,3 BHK,Family,Ready to Move,"1,500 sqft",koramangala,4w
5500.0,25000,Fully Furnished,1 RK,Male,Ready to Move,200 sqft,koramangala,4w
20000.0,120000,Semi Furnished,2 BHK,Family,Ready to Move,800 sqft,koramangala,4w
49000.0,200000,Semi Furnished,2 BHK,Family,Ready to Move,"1,500 sqft",koramangala,4w
56000.0,200000,Fully Furnished,2 BHK,Family,01-Dec-24,"1,000 sqft",koramangala,4w
38000.0,200000,Semi Furnished,2 BHK,Family,Ready to Move,700 sqft,koramangala,4w
15000.0,100000,Unfurnished,2 BHK,All,Ready to Move,700 sqft,koramangala,4w
85000.0,700000,Semi Furnished,3 BHK,All,Ready to Move,"1,750 sqft",koramangala,4w
26000.0,150000,Unfurnished,2 BHK,All,Ready to Move,"1,200 sqft",koramangala,4w
36000.0,350000,Fully Furnished,1 BHK,Family,31-Dec-24,450 sqft,koramangala,4w
22000.0,100000,Semi Furnished,2 BHK,Family,Ready to Move,700 sqft,koramangala,4w
13000.0,50000,Semi Furnished,1 RK,All,Ready to Move,150 sqft,koramangala,4w
32500.0,150000,Semi Furnished,2 BHK,"Family, Male, Company",Ready to Move,"1,200 sqft",koramangala,4w
12500.0,125000,Fully Furnished,1 RK,Bachelor,Ready to Move,300 sqft,koramangala,4w
26000.0,120000,Semi Furnished,2 BHK,All,Ready to Move,"1,200 sqft",koramangala,4w
50000.0,500000,Unfurnished,3 BHK,All,01-Jan-25,"1,350 sqft",koramangala,4w
50000.0,200000,Semi Furnished,2 BHK,Family,Ready to Move,"1,200 sqft",koramangala,4w
16600.0,30000,Semi Furnished,1 RK,Bachelor,Ready to Move,350 sqft,koramangala,4w
45000.0,270000,Unfurnished,2 BHK,All,Ready to Move,750 sqft,koramangala,4w
27500.0,130000,Unfurnished,1 BHK,All,Ready to Move,"1,200 sqft",koramangala,4w
75000.0,300000,Fully Furnished,2 BHK,All,Ready to Move,"1,500 sqft",koramangala,4w
35000.0,150000,Semi Furnished,2 BHK,All,Ready to Move,"1,000 sqft",koramangala,4w
55000.0,165000,Semi Furnished,3 BHK,All,01-Dec-24,"1,450 sqft",koramangala,4w
48500.0,230000,Semi Furnished,3 BHK,Family,12-Dec-24,"1,400 sqft",koramangala,4w
48000.0,200000,Semi Furnished,3 BHK,All,30-Nov-24,"1,200 sqft",koramangala,4w
71000.0,250000,Semi Furnished,3 BHK,All,01-Dec-24,"2,000 sqft",koramangala,4w
38000.0,1500000,Semi Furnished,2 BHK,All,Ready to Move,950 sqft,koramangala,4w
14000.0,50000,Semi Furnished,1 BHK,Family,05-Dec-24,500 sqft,koramangala,4w
28000.0,250000,Semi Furnished,3 BHK,Female,01-Dec-24,"1,600 sqft",koramangala,4w
10000.0,30000,Semi Furnished,1 RK,Bachelor,Ready to Move,100 sqft,koramangala,4w
61000.0,200000,Semi Furnished,2 BHK,All,Ready to Move,"1,410 sqft",koramangala,4w
66000.0,450000,Semi Furnished,3 BHK,All,29-Nov-24,"1,720 sqft",koramangala,4w
73000.0,275000,Semi Furnished,3 BHK,All,Ready to Move,"1,550 sqft",koramangala,4w
32000.0,125000,Fully Furnished,1 BHK,All,Ready to Move,500 sqft,koramangala,4w
50500.0,100000,Fully Furnished,2 BHK,All,31-Dec-24,"1,100 sqft",koramangala,4w
65000.0,130000,Fully Furnished,2 BHK,All,Ready to Move,"1,100 sqft",koramangala,4w
43000.0,200000,Semi Furnished,2 BHK,All,Ready to Move,"1,000 sqft",koramangala,4w
69000.0,325000,Fully Furnished,3 BHK,Family,Ready to Move,"1,280 sqft",koramangala,4w
77500.0,500000,Semi Furnished,3 BHK,Family,Ready to Move,"1,800 sqft",koramangala,4w
47000.0,135000,Fully Furnished,2 BHK,All,Ready to Move,800 sqft,koramangala,4w
35000.0,200000,Semi Furnished,3 BHK,All,Ready to Move,"1,000 sqft",koramangala,4w
60000.0,200000,Fully Furnished,2 BHK,All,Ready to Move,"1,000 sqft",koramangala,4w
35000.0,175000,Fully Furnished,2 BHK,All,Ready to Move,"1,200 sqft",koramangala,4w
18000.0,60000,Fully Furnished,1 BHK,All,Ready to Move,400 sqft,koramangala,4w
70000.0,150000,Fully Furnished,3 BHK,Company,Ready to Move,"1,800 sqft",koramangala,4w
32000.0,100000,Semi Furnished,3 BHK,All,Ready to Move,700 sqft,koramangala,4w
52000.0,250000,Semi Furnished,3 BHK,Family,Ready to Move,"1,400 sqft",koramangala,4w
35000.0,150000,Unfurnished,3 BHK,All,Ready to Move,"1,300 sqft",koramangala,4w
35000.0,130000,Fully Furnished,2 BHK,All,Ready to Move,"1,100 sqft",koramangala,4w
38000.0,150000,Semi Furnished,2 BHK,Family,Ready to Move,"1,024 sqft",koramangala,4w
60000.0,300000,Semi Furnished,3 BHK,All,28-Nov-24,"1,700 sqft",koramangala,4w
12000.0,70000,Unfurnished,1 BHK,All,01-Dec-24,850 sqft,koramangala,4w
28000.0,100000,Semi Furnished,2 BHK,All,20-Jan-25,650 sqft,koramangala,4w
30000.0,87000,Fully Furnished,2 BHK,All,Ready to Move,900 sqft,koramangala,4w
24000.0,100000,Semi Furnished,3 BHK,All,Ready to Move,"1,000 sqft",koramangala,4w
18000.0,70000,Semi Furnished,2 BHK,All,Ready to Move,700 sqft,koramangala,4w
32450.0,200000,Semi Furnished,3 BHK,Family,01-Dec-24,"1,200 sqft",koramangala,4w
9000.0,60000,Unfurnished,1 BHK,All,11-Dec-24,500 sqft,malleshwaram,nop
12000.0,100000,Fully Furnished,1 BHK,Family,Ready to Move,500 sqft,malleshwaram,nop
10000.0,75000,Unfurnished,1 BHK,Family,Ready to Move,450 sqft,malleshwaram,nop
42000.0,250000,Semi Furnished,2 BHK,Family,Ready to Move,"1,050 sqft",malleshwaram,nop
18000.0,200000,Semi Furnished,3 BHK,Bachelor,Ready to Move,"1,000 sqft",malleshwaram,nop
9500.0,50000,Semi Furnished,1 BHK,All,30-Nov-24,500 sqft,malleshwaram,nop
20000.0,200000,Fully Furnished,1 BHK,Bachelor,Ready to Move,550 sqft,malleshwaram,nop
11000.0,110000,Unfurnished,1 BHK,All,14-Jan-25,500 sqft,malleshwaram,nop
6000.0,60000,Unfurnished,1 RK,Bachelor,Ready to Move,100 sqft,malleshwaram,nop
6500.0,60000,Unfurnished,1 RK,Company,Ready to Move,400 sqft,malleshwaram,nop
8500.0,80000,Unfurnished,1 BHK,All,01-Jan-25,500 sqft,malleshwaram,nop
15000.0,100000,Unfurnished,2 BHK,Family,Ready to Move,900 sqft,malleshwaram,nop
7000.0,70000,Unfurnished,1 RK,Bachelor,Ready to Move,250 sqft,malleshwaram,nop
8000.0,40000,Semi Furnished,1 RK,Bachelor,Ready to Move,250 sqft,malleshwaram,nop
15000.0,75000,Semi Furnished,1 BHK,Family,Ready to Move,400 sqft,malleshwaram,nop
16000.0,200000,Unfurnished,2 BHK,Family,Ready to Move,800 sqft,malleshwaram,nop
10000.0,100000,Semi Furnished,2 BHK,All,Ready to Move,"1,000 sqft",malleshwaram,nop
7000.0,100000,Semi Furnished,1 BHK,All,Ready to Move,400 sqft,malleshwaram,nop
17000.0,100000,Unfurnished,2 BHK,Family,28-Nov-24,500 sqft,malleshwaram,nop
10000.0,110000,Semi Furnished,1 RK,All,Ready to Move,400 sqft,malleshwaram,nop
30750.0,180000,Fully Furnished,2 BHK,Bachelor,Ready to Move,800 sqft,malleshwaram,nop
28000.0,300000,Unfurnished,3 BHK,Family,Ready to Move,"1,000 sqft",malleshwaram,nop
3500.0,30000,Unfurnished,1 RK,All,01-Jan-25,200 sqft,malleshwaram,nop
20000.0,200000,Unfurnished,2 BHK,Family,Ready to Move,"1,000 sqft",malleshwaram,nop
12000.0,100000,Semi Furnished,1 BHK,Family,Ready to Move,600 sqft,malleshwaram,nop
27000.0,100000,Fully Furnished,1 BHK,All,Ready to Move,800 sqft,malleshwaram,nop
6500.0,50000,Semi Furnished,1 BHK,Family,Ready to Move,350 sqft,malleshwaram,nop
11000.0,75000,Semi Furnished,1 BHK,All,Ready to Move,500 sqft,malleshwaram,nop
14500.0,100000,Semi Furnished,2 BHK,All,Ready to Move,600 sqft,malleshwaram,nop
20000.0,240000,Unfurnished,3 BHK,Family,Ready to Move,"1,200 sqft",malleshwaram,nop
19000.0,100000,Semi Furnished,1 BHK,Family,03-Dec-24,800 sqft,malleshwaram,2w
42000.0,300000,Unfurnished,3 BHK,Family,11-Jan-25,"1,500 sqft",malleshwaram,2w
32000.0,320000,Semi Furnished,3 BHK,All,16-Dec-24,"1,500 sqft",malleshwaram,2w
36000.0,300000,Unfurnished,3 BHK,All,Ready to Move,"1,200 sqft",malleshwaram,2w
30000.0,300000,Semi Furnished,2 BHK,Family,Ready to Move,"1,000 sqft",malleshwaram,2w
45000.0,450000,Semi Furnished,3 BHK,Family,Ready to Move,"1,700 sqft",malleshwaram,2w
50000.0,300000,Fully Furnished,3 BHK,All,Ready to Move,550 sqft,malleshwaram,2w
15600.0,50000,Semi Furnished,1 RK,Family,Ready to Move,650 sqft,malleshwaram,2w
20000.0,300000,Semi Furnished,2 BHK,Family,Ready to Move,701 sqft,malleshwaram,2w
16000.0,120000,Unfurnished,2 BHK,All,Ready to Move,700 sqft,malleshwaram,2w
32000.0,300000,Semi Furnished,2 BHK,Family,01-Jan-25,"1,100 sqft",malleshwaram,2w
32000.0,320000,Semi Furnished,3 BHK,Family,15-Dec-24,"1,300 sqft",malleshwaram,2w
17000.0,170000,Semi Furnished,1 BHK,Family,01-Dec-24,700 sqft,malleshwaram,2w
6300.0,50000,Unfurnished,1 BHK,Family,Ready to Move,600 sqft,malleshwaram,2w
10000.0,80000,Unfurnished,2 BHK,Family,Ready to Move,800 sqft,malleshwaram,2w
19000.0,180000,Semi Furnished,2 BHK,Family,Ready to Move,600 sqft,malleshwaram,2w
11000.0,80000,Unfurnished,1 BHK,Family,Ready to Move,900 sqft,malleshwaram,2w
20000.0,150000,Semi Furnished,2 BHK,Family,Ready to Move,850 sqft,malleshwaram,2w
21000.0,200000,Semi Furnished,2 BHK,Family,Ready to Move,802 sqft,malleshwaram,2w
18500.0,100000,Semi Furnished,2 BHK,Family,30-Nov-24,"1,000 sqft",malleshwaram,2w
16000.0,200000,Unfurnished,2 BHK,Family,Ready to Move,650 sqft,malleshwaram,2w
21000.0,200000,Unfurnished,2 BHK,Family,Ready to Move,600 sqft,malleshwaram,2w
4500.0,40000,Unfurnished,1 RK,All,Ready to Move,200 sqft,malleshwaram,2w
12000.0,100000,Semi Furnished,1 BHK,All,Ready to Move,450 sqft,malleshwaram,2w
15000.0,150000,Semi Furnished,1 BHK,Family,Ready to Move,550 sqft,malleshwaram,2w
5000.0,30000,Unfurnished,1 RK,All,Ready to Move,100 sqft,malleshwaram,2w
36000.0,350000,Semi Furnished,3 BHK,Family,Ready to Move,"1,202 sqft",malleshwaram,2w
15000.0,150000,Unfurnished,1 RK,All,Ready to Move,300 sqft,malleshwaram,2w
14000.0,200000,Semi Furnished,2 BHK,All,01-Jan-25,550 sqft,malleshwaram,2w
13500.0,100000,Semi Furnished,1 BHK,All,Ready to Move,400 sqft,malleshwaram,2w
9500.0,50000,Unfurnished,1 BHK,Family,01-Jan-25,500 sqft,malleshwaram,2w
10000.0,40000,Unfurnished,1 RK,Bachelor,01-Jan-25,288 sqft,malleshwaram,2w
22000.0,200000,Semi Furnished,2 BHK,All,Ready to Move,800 sqft,malleshwaram,2w
25000.0,250000,Semi Furnished,2 BHK,Family,Ready to Move,"1,050 sqft",malleshwaram,2w
16000.0,200000,Unfurnished,2 BHK,Family,Ready to Move,750 sqft,malleshwaram,2w
27500.0,100000,Semi Furnished,2 BHK,Family,Ready to Move,"1,200 sqft",malleshwaram,2w
14000.0,50000,Fully Furnished,1 RK,All,30-Nov-24,190 sqft,malleshwaram,2w
10000.0,100000,Semi Furnished,1 BHK,Family,Ready to Move,350 sqft,malleshwaram,2w
15000.0,150000,Semi Furnished,2 BHK,Family,Ready to Move,500 sqft,malleshwaram,2w
25000.0,300000,Semi Furnished,2 BHK,Family,Ready to Move,800 sqft,malleshwaram,2w
25000.0,300000,Semi Furnished,1 BHK,Family,01-Jan-25,300 sqft,malleshwaram,2w
10000.0,100000,Fully Furnished,1 RK,All,Ready to Move,250 sqft,malleshwaram,2w
30500.0,300000,Semi Furnished,3 BHK,All,Ready to Move,"1,200 sqft",malleshwaram,2w
19000.0,200000,Unfurnished,2 BHK,Family,Ready to Move,800 sqft,malleshwaram,2w
18000.0,180000,Unfurnished,2 BHK,All,Ready to Move,910 sqft,malleshwaram,2w
20000.0,200000,Semi Furnished,2 BHK,Family,Ready to Move,600 sqft,malleshwaram,2w
5500.0,35000,Semi Furnished,1 RK,Bachelor,02-Dec-24,500 sqft,malleshwaram,2w
25000.0,250000,Unfurnished,2 BHK,Family,Ready to Move,600 sqft,malleshwaram,2w
25000.0,250000,Unfurnished,2 BHK,Family,Ready to Move,"1,000 sqft",malleshwaram,2w
22750.0,250000,Semi Furnished,2 BHK,Family,Ready to Move,800 sqft,malleshwaram,2w
13500.0,100000,Semi Furnished,1 BHK,"Family, Female",Ready to Move,600 sqft,malleshwaram,2w
16000.0,200000,Semi Furnished,3 BHK,All,Ready to Move,850 sqft,malleshwaram,2w
22000.0,150000,Semi Furnished,2 BHK,Family,Ready to Move,700 sqft,malleshwaram,2w
10000.0,50000,Unfurnished,1 RK,Female,Ready to Move,150 sqft,malleshwaram,2w
22000.0,200000,Unfurnished,2 BHK,Family,Ready to Move,800 sqft,malleshwaram,2w
27500.0,120000,Semi Furnished,3 BHK,Family,Ready to Move,850 sqft,malleshwaram,2w
28900.0,265000,Semi Furnished,2 BHK,Family,Ready to Move,"1,250 sqft",malleshwaram,2w
21000.0,200000,Semi Furnished,1 BHK,Family,Ready to Move,750 sqft,malleshwaram,2w
23900.0,150000,Semi Furnished,2 BHK,Family,Ready to Move,850 sqft,malleshwaram,2w
52000.0,250000,Semi Furnished,3 BHK,All,Ready to Move,"1,486 sqft",malleshwaram,2w
40200.0,210000,Semi Furnished,2 BHK,Family,Ready to Move,"1,350 sqft",malleshwaram,2w
16000.0,160000,Fully Furnished,1 BHK,All,Ready to Move,600 sqft,malleshwaram,2w
85000.0,800000,Fully Furnished,3 BHK,All,Ready to Move,"2,050 sqft",malleshwaram,2w
39000.0,360000,Semi Furnished,2 BHK,All,Ready to Move,800 sqft,malleshwaram,2w
6500.0,50000,Semi Furnished,1 RK,Bachelor,Ready to Move,250 sqft,malleshwaram,2w
12000.0,100000,Semi Furnished,2 BHK,All,Ready to Move,660 sqft,malleshwaram,2w
18000.0,198000,Semi Furnished,2 BHK,All,Ready to Move,"1,200 sqft",malleshwaram,2w
10000.0,60000,Unfurnished,2 BHK,Family,Ready to Move,801 sqft,malleshwaram,2w
15000.0,100000,Unfurnished,2 BHK,All,29-Dec-24,600 sqft,malleshwaram,2w
8200.0,80000,Unfurnished,1 RK,Family,Ready to Move,250 sqft,malleshwaram,2w
9000.0,70000,Semi Furnished,1 BHK,Family,25-Dec-24,500 sqft,malleshwaram,2w
11000.0,70000,Semi Furnished,1 BHK,Family,01-Jan-25,650 sqft,malleshwaram,2w
3000.0,20000,Unfurnished,1 RK,Bachelor,Ready to Move,100 sqft,malleshwaram,2w
8000.0,80000,Unfurnished,1 RK,Bachelor,18-Jan-25,450 sqft,malleshwaram,2w
21000.0,150000,Fully Furnished,2 BHK,Family,30-Dec-24,750 sqft,malleshwaram,2w
11000.0,80000,Unfurnished,1 BHK,All,Ready to Move,350 sqft,malleshwaram,2w
30000.0,300000,Semi Furnished,3 BHK,All,Ready to Move,"1,350 sqft",malleshwaram,2w
48000.0,300000,Semi Furnished,2 BHK,Family,Ready to Move,"1,000 sqft",malleshwaram,2w
13000.0,100000,Semi Furnished,1 BHK,Family,Ready to Move,600 sqft,malleshwaram,2w
52000.0,500000,Semi Furnished,1 RK,Family,Ready to Move,700 sqft,malleshwaram,2w
53500.0,350000,Fully Furnished,2 BHK,Company,01-Jan-25,"1,250 sqft",malleshwaram,2w
11000.0,50000,Semi Furnished,2 BHK,All,Ready to Move,"1,000 sqft",malleshwaram,2w
13000.0,130000,Semi Furnished,1 BHK,Family,20-Dec-24,600 sqft,malleshwaram,2w
15000.0,150000,Unfurnished,2 BHK,Family,Ready to Move,"1,000 sqft",malleshwaram,2w
15000.0,150000,Semi Furnished,2 BHK,All,Ready to Move,900 sqft,malleshwaram,2w
23000.0,170000,Semi Furnished,2 BHK,Family,Ready to Move,"1,200 sqft",malleshwaram,2w
19000.0,100000,Semi Furnished,1 BHK,Family,03-Dec-24,800 sqft,malleshwaram,4w
42000.0,300000,Unfurnished,3 BHK,Family,11-Jan-25,"1,500 sqft",malleshwaram,4w
32000.0,320000,Semi Furnished,3 BHK,All,16-Dec-24,"1,500 sqft",malleshwaram,4w
36000.0,300000,Unfurnished,3 BHK,All,Ready to Move,"1,200 sqft",malleshwaram,4w
30000.0,300000,Semi Furnished,2 BHK,Family,Ready to Move,"1,000 sqft",malleshwaram,4w
45000.0,450000,Semi Furnished,3 BHK,Family,Ready to Move,"1,700 sqft",malleshwaram,4w
50000.0,300000,Fully Furnished,3 BHK,All,Ready to Move,550 sqft,malleshwaram,4w
15600.0,50000,Semi Furnished,1 RK,Family,Ready to Move,650 sqft,malleshwaram,4w
20000.0,300000,Semi Furnished,2 BHK,Family,Ready to Move,701 sqft,malleshwaram,4w
16000.0,120000,Unfurnished,2 BHK,All,Ready to Move,700 sqft,malleshwaram,4w
32000.0,300000,Semi Furnished,2 BHK,Family,01-Jan-25,"1,100 sqft",malleshwaram,4w
32000.0,320000,Semi Furnished,3 BHK,Family,15-Dec-24,"1,300 sqft",malleshwaram,4w
28900.0,265000,Semi Furnished,2 BHK,Family,Ready to Move,"1,250 sqft",malleshwaram,4w
21000.0,200000,Semi Furnished,1 BHK,Family,Ready to Move,750 sqft,malleshwaram,4w
23900.0,150000,Semi Furnished,2 BHK,Family,Ready to Move,850 sqft,malleshwaram,4w
52000.0,250000,Semi Furnished,3 BHK,All,Ready to Move,"1,486 sqft",malleshwaram,4w
40200.0,210000,Semi Furnished,2 BHK,Family,Ready to Move,"1,350 sqft",malleshwaram,4w
16000.0,160000,Fully Furnished,1 BHK,All,Ready to Move,600 sqft,malleshwaram,4w
85000.0,800000,Fully Furnished,3 BHK,All,Ready to Move,"2,050 sqft",malleshwaram,4w
39000.0,360000,Semi Furnished,2 BHK,All,Ready to Move,800 sqft,malleshwaram,4w
6500.0,50000,Semi Furnished,1 RK,Bachelor,Ready to Move,250 sqft,malleshwaram,4w
14500.0,50000,Semi Furnished,2 BHK,Company,Ready to Move,900 sqft,Electronic_city,nop
6500.0,19500,Unfurnished,1 RK,All,Ready to Move,150 sqft,Electronic_city,nop
5500.0,25000,Unfurnished,1 BHK,All,Ready to Move,400 sqft,Electronic_city,nop
8000.0,40000,Semi Furnished,2 BHK,Family,Ready to Move,950 sqft,Electronic_city,nop
14000.0,60000,Unfurnished,1 BHK,Family,Ready to Move,800 sqft,Electronic_city,nop
10000.0,50000,Unfurnished,2 BHK,All,Ready to Move,"1,000 sqft",Electronic_city,nop
3500.0,10000,Unfurnished,1 RK,All,Ready to Move,260 sqft,Electronic_city,nop
9000.0,40000,Semi Furnished,2 BHK,Company,Ready to Move,750 sqft,Electronic_city,nop
15000.0,50000,Semi Furnished,2 BHK,All,Ready to Move,600 sqft,Electronic_city,nop
5000.0,15000,Unfurnished,1 RK,All,Ready to Move,300 sqft,Electronic_city,nop
9500.0,30000,Unfurnished,2 BHK,Family,Ready to Move,600 sqft,Electronic_city,nop
9000.0,30000,Semi Furnished,1 RK,All,Ready to Move,200 sqft,Electronic_city,nop
12000.0,30000,Unfurnished,3 BHK,All,Ready to Move,"1,200 sqft",Electronic_city,nop
6000.0,20000,Unfurnished,1 BHK,Family,Ready to Move,300 sqft,Electronic_city,nop
5500.0,15000,Unfurnished,1 BHK,Family,01-Dec-24,500 sqft,Electronic_city,nop
6000.0,25000,Unfurnished,1 RK,All,Ready to Move,250 sqft,Electronic_city,nop
11000.0,35000,Unfurnished,2 BHK,All,Ready to Move,600 sqft,Electronic_city,nop
8500.0,50000,Fully Furnished,2 BHK,Family,Ready to Move,800 sqft,Electronic_city,nop
9000.0,40000,Semi Furnished,2 BHK,All,Ready to Move,650 sqft,Electronic_city,nop
5000.0,25000,Unfurnished,1 BHK,Family,Ready to Move,375 sqft,Electronic_city,nop
8000.0,25000,Unfurnished,1 BHK,Family,01-Jan-25,500 sqft,Electronic_city,nop
8000.0,30000,Unfurnished,2 BHK,Company,Ready to Move,450 sqft,Electronic_city,nop
5000.0,15000,Unfurnished,1 BHK,Family,Ready to Move,350 sqft,Electronic_city,nop
7500.0,41000,Semi Furnished,1 BHK,All,Ready to Move,600 sqft,Electronic_city,nop
16000.0,30000,Fully Furnished,1 BHK,Bachelor,18-Dec-24,550 sqft,Electronic_city,nop
2500.0,10000,Unfurnished,1 RK,Bachelor,Ready to Move,400 sqft,Electronic_city,nop
44000.0,240000,Semi Furnished,3 BHK,All,30-Nov-24,"1,750 sqft",Electronic_city,nop
6000.0,25000,Unfurnished,1 BHK,All,Ready to Move,300 sqft,Electronic_city,nop
35000.0,200000,Semi Furnished,3 BHK,All,31-Dec-24,"1,335 sqft",Electronic_city,nop
18000.0,70000,Semi Furnished,1 BHK,All,Ready to Move,400 sqft,Electronic_city,nop
28000.0,200000,Semi Furnished,2 BHK,Family,Ready to Move,"1,425 sqft",Electronic_city,nop
36300.0,160000,Semi Furnished,3 BHK,Family,Ready to Move,"1,690 sqft",Electronic_city,nop
35000.0,150000,Semi Furnished,2 BHK,All,Ready to Move,"1,100 sqft",Electronic_city,nop
16000.0,40000,Fully Furnished,1 BHK,All,Ready to Move,400 sqft,Electronic_city,nop
4700.0,10000,Unfurnished,1 RK,All,Ready to Move,250 sqft,Electronic_city,nop
10000.0,40000,Semi Furnished,1 BHK,Family,Ready to Move,500 sqft,Electronic_city,nop
6500.0,15000,Unfurnished,1 BHK,All,Ready to Move,500 sqft,Electronic_city,nop
14000.0,75000,Unfurnished,2 BHK,All,Ready to Move,500 sqft,Electronic_city,nop
5000.0,30000,Unfurnished,1 BHK,Family,Ready to Move,450 sqft,Electronic_city,nop
35250.0,120000,Semi Furnished,2 BHK,"Female, Family",01-Dec-24,"1,081 sqft",Electronic_city,nop
14000.0,150000,Semi Furnished,2 BHK,Family,Ready to Move,600 sqft,Electronic_city,nop
9000.0,50000,Unfurnished,1 BHK,All,Ready to Move,500 sqft,Electronic_city,nop
10000.0,35000,Semi Furnished,1 BHK,All,Ready to Move,500 sqft,Electronic_city,nop
22000.0,40000,Semi Furnished,2 BHK,All,Ready to Move,800 sqft,Electronic_city,nop
10000.0,49999,Unfurnished,2 BHK,All,Ready to Move,600 sqft,Electronic_city,nop
18000.0,40000,Semi Furnished,2 BHK,All,Ready to Move,700 sqft,Electronic_city,nop
17000.0,100000,Semi Furnished,3 BHK,Family,15-Dec-24,"1,000 sqft",Electronic_city,nop
17000.0,50000,Semi Furnished,2 BHK,All,Ready to Move,"1,200 sqft",Electronic_city,nop
12000.0,25000,Unfurnished,1 BHK,All,Ready to Move,500 sqft,Electronic_city,nop
25000.0,100000,Semi Furnished,2 BHK,All,Ready to Move,"1,200 sqft",Electronic_city,nop
9500.0,30000,Semi Furnished,1 RK,All,Ready to Move,250 sqft,Electronic_city,nop
15000.0,100000,Fully Furnished,2 BHK,Family,Ready to Move,"1,200 sqft",Electronic_city,nop
13000.0,50000,Semi Furnished,2 BHK,Family,02-Dec-24,650 sqft,Electronic_city,nop
8000.0,50000,Semi Furnished,1 BHK,Family,Ready to Move,500 sqft,Electronic_city,nop
22000.0,50000,Semi Furnished,1 RK,All,Ready to Move,400 sqft,Electronic_city,nop
11000.0,50000,Semi Furnished,2 BHK,Family,Ready to Move,750 sqft,Electronic_city,nop
14000.0,80000,Semi Furnished,1 BHK,Family,Ready to Move,450 sqft,Electronic_city,nop
13000.0,30000,Unfurnished,1 BHK,Family,Ready to Move,600 sqft,Electronic_city,nop
13000.0,30000,Semi Furnished,1 BHK,Family,Ready to Move,500 sqft,Electronic_city,nop
9000.0,30000,Semi Furnished,1 BHK,Family,Ready to Move,500 sqft,Electronic_city,nop
9000.0,20000,Semi Furnished,1 BHK,Bachelor,01-Dec-24,500 sqft,Electronic_city,nop
9000.0,50000,Semi Furnished,1 BHK,All,15-Dec-24,500 sqft,Electronic_city,nop
10000.0,50000,Unfurnished,1 BHK,Family,Ready to Move,400 sqft,Electronic_city,nop
8000.0,30000,Unfurnished,1 BHK,Bachelor,Ready to Move,500 sqft,Electronic_city,nop
7000.0,50000,Unfurnished,1 BHK,Family,Ready to Move,450 sqft,Electronic_city,nop
11000.0,24000,Semi Furnished,2 BHK,All,Ready to Move,"1,200 sqft",Electronic_city,nop
12000.0,100000,Semi Furnished,2 BHK,All,15-Dec-24,900 sqft,Electronic_city,nop
14500.0,70000,Semi Furnished,1 BHK,All,Ready to Move,850 sqft,Electronic_city,2w
9200.0,40000,Fully Furnished,3 BHK,Male,01-Jan-25,"1,200 sqft",Electronic_city,2w
22000.0,80000,Semi Furnished,2 BHK,Family,01-Dec-24,"1,100 sqft",Electronic_city,2w
25000.0,200000,Semi Furnished,2 BHK,Family,Ready to Move,900 sqft,Electronic_city,2w
40000.0,120000,Fully Furnished,3 BHK,Family,Ready to Move,"1,690 sqft",Electronic_city,2w
26000.0,120000,Semi Furnished,2 BHK,"Family, Female",Ready to Move,"1,104 sqft",Electronic_city,2w
39000.0,1500000,Fully Furnished,3 BHK,"Family, Company, Female",27-Dec-24,"1,500 sqft",Electronic_city,2w
23000.0,150000,Semi Furnished,2 BHK,All,Ready to Move,700 sqft,Electronic_city,2w
21000.0,90000,Semi Furnished,2 BHK,Family,01-Dec-24,"1,100 sqft",Electronic_city,2w
26000.0,150000,Semi Furnished,2 BHK,Family,Ready to Move,850 sqft,Electronic_city,2w
26500.0,150000,Semi Furnished,2 BHK,Family,Ready to Move,750 sqft,Electronic_city,2w
45000.0,300000,Semi Furnished,3 BHK,Family,Ready to Move,"1,625 sqft",Electronic_city,2w
31000.0,100000,Semi Furnished,2 BHK,Family,29-Nov-24,"1,520 sqft",Electronic_city,2w
35000.0,100000,Semi Furnished,3 BHK,All,Ready to Move,"1,450 sqft",Electronic_city,2w
25500.0,80000,Fully Furnished,1 BHK,All,15-Dec-24,717 sqft,Electronic_city,2w
30000.0,70000,Semi Furnished,2 BHK,All,Ready to Move,919 sqft,Electronic_city,2w
24000.0,80000,Fully Furnished,1 BHK,All,16-Dec-24,717 sqft,Electronic_city,2w
17000.0,35000,Fully Furnished,1 RK,All,Ready to Move,400 sqft,Electronic_city,2w
46220.0,200000,Fully Furnished,3 BHK,All,31-Dec-24,"2,100 sqft",Electronic_city,2w
64780.0,180000,Fully Furnished,3 BHK,Family,30-Nov-24,"2,500 sqft",Electronic_city,2w
15000.0,75000,Semi Furnished,1 BHK,All,01-Jan-25,435 sqft,Electronic_city,2w
27500.0,125000,Semi Furnished,2 BHK,All,Ready to Move,"2,000 sqft",Electronic_city,2w
58000.0,580000,Fully Furnished,3 BHK,Family,30-Nov-24,"1,970 sqft",Electronic_city,2w
41750.0,240000,Semi Furnished,3 BHK,Family,Ready to Move,"1,217 sqft",Electronic_city,2w
70000.0,200000,Semi Furnished,3 BHK,Family,Ready to Move,"1,600 sqft",Electronic_city,2w
34500.0,250000,Semi Furnished,3 BHK,All,Ready to Move,"2,100 sqft",Electronic_city,2w
37500.0,100000,Semi Furnished,3 BHK,All,Ready to Move,"1,500 sqft",Electronic_city,2w
6500.0,30000,Semi Furnished,2 BHK,All,Ready to Move,600 sqft,Electronic_city,2w
77000.0,384000,Fully Furnished,3 BHK,Family,30-Nov-24,"2,300 sqft",Electronic_city,2w
8000.0,50000,Semi Furnished,1 BHK,Family,01-Jan-25,600 sqft,Electronic_city,2w
25000.0,150000,Semi Furnished,2 BHK,Family,Ready to Move,800 sqft,Electronic_city,2w
24500.0,150000,Semi Furnished,2 BHK,Family,Ready to Move,800 sqft,Electronic_city,2w
20000.0,80000,Fully Furnished,2 BHK,All,Ready to Move,900 sqft,Electronic_city,2w
6700.0,30000,Semi Furnished,1 BHK,All,Ready to Move,450 sqft,Electronic_city,2w
17000.0,40000,Semi Furnished,2 BHK,Family,01-Dec-24,800 sqft,Electronic_city,2w
33000.0,120000,Semi Furnished,3 BHK,Male,Ready to Move,"1,200 sqft",Electronic_city,2w
8500.0,30000,Semi Furnished,1 BHK,Company,29-Nov-24,450 sqft,Electronic_city,2w
16000.0,60000,Semi Furnished,2 BHK,All,10-Dec-24,"1,200 sqft",Electronic_city,2w
12000.0,50000,Semi Furnished,2 BHK,All,01-Dec-24,600 sqft,Electronic_city,2w
29000.0,200000,Semi Furnished,3 BHK,All,Ready to Move,"2,400 sqft",Electronic_city,2w
21000.0,100000,Semi Furnished,2 BHK,All,01-Dec-24,"1,500 sqft",Electronic_city,2w
23500.0,125000,Semi Furnished,2 BHK,Family,15-Dec-24,"1,200 sqft",Electronic_city,2w
17000.0,80000,Semi Furnished,2 BHK,All,20-Jan-25,850 sqft,Electronic_city,2w
16000.0,50000,Semi Furnished,2 BHK,Family,Ready to Move,800 sqft,Electronic_city,2w
7000.0,20000,Semi Furnished,1 BHK,All,Ready to Move,800 sqft,Electronic_city,2w
45000.0,500000,Fully Furnished,2 BHK,All,Ready to Move,"1,100 sqft",Electronic_city,2w
18500.0,55000,Semi Furnished,2 BHK,Family,01-Dec-24,900 sqft,Electronic_city,2w
16000.0,60000,Semi Furnished,2 BHK,All,05-Dec-24,"1,200 sqft",Electronic_city,2w
6500.0,20000,Semi Furnished,1 BHK,All,20-Dec-24,450 sqft,Electronic_city,2w
10000.0,50000,Unfurnished,1 BHK,Family,01-Jan-25,350 sqft,Electronic_city,2w
16000.0,100000,Semi Furnished,2 BHK,Family,Ready to Move,"1,000 sqft",Electronic_city,2w
19000.0,150000,Semi Furnished,2 BHK,Family,Ready to Move,"1,200 sqft",Electronic_city,2w
16000.0,100000,Semi Furnished,2 BHK,All,Ready to Move,900 sqft,Electronic_city,2w
17500.0,100000,Semi Furnished,2 BHK,Family,Ready to Move,"1,000 sqft",Electronic_city,2w
35000.0,200000,Semi Furnished,3 BHK,Female,Ready to Move,"1,600 sqft",Electronic_city,2w
14000.0,100000,Fully Furnished,2 BHK,All,01-Dec-24,800 sqft,Electronic_city,2w
12000.0,50000,Fully Furnished,2 BHK,Family,10-Dec-24,"1,000 sqft",Electronic_city,2w
6000.0,20000,Semi Furnished,1 RK,Family,Ready to Move,300 sqft,Electronic_city,2w
17000.0,120000,Semi Furnished,2 BHK,All,Ready to Move,800 sqft,Electronic_city,2w
39000.0,220000,Semi Furnished,3 BHK,All,01-Dec-24,"2,900 sqft",Electronic_city,2w
26000.0,100000,Unfurnished,2 BHK,All,Ready to Move,800 sqft,Electronic_city,2w
8500.0,30000,Semi Furnished,1 RK,Family,Ready to Move,550 sqft,Electronic_city,2w
20500.0,100000,Semi Furnished,2 BHK,All,15-Dec-24,"1,000 sqft",Electronic_city,2w
4000.0,10000,Unfurnished,1 BHK,All,29-Nov-24,500 sqft,Electronic_city,2w
8500.0,40000,Semi Furnished,1 BHK,Family,Ready to Move,550 sqft,Electronic_city,2w
11000.0,35000,Semi Furnished,1 BHK,All,01-Dec-24,600 sqft,Electronic_city,2w
15900.0,40000,Fully Furnished,1 BHK,All,Ready to Move,400 sqft,Electronic_city,2w
4000.0,20000,Unfurnished,1 BHK,All,Ready to Move,604 sqft,Electronic_city,2w
24999.0,150000,Semi Furnished,3 BHK,Family,Ready to Move,"1,500 sqft",Electronic_city,2w
17000.0,60000,Semi Furnished,2 BHK,All,Ready to Move,600 sqft,Electronic_city,2w
15000.0,100000,Semi Furnished,2 BHK,All,01-Dec-24,900 sqft,Electronic_city,2w
30000.0,200000,Semi Furnished,3 BHK,All,Ready to Move,"1,000 sqft",Electronic_city,2w
7000.0,70000,Unfurnished,1 BHK,Family,Ready to Move,500 sqft,Electronic_city,2w
7000.0,30000,Semi Furnished,1 BHK,Family,20-Dec-24,400 sqft,Electronic_city,2w
3000.0,10000,Unfurnished,1 RK,All,Ready to Move,250 sqft,Electronic_city,2w
31700.0,200000,Semi Furnished,3 BHK,Family,10-Dec-24,"1,800 sqft",Electronic_city,2w
13000.0,60000,Unfurnished,2 BHK,Family,01-Dec-24,"1,200 sqft",Electronic_city,2w
4000.0,10000,Unfurnished,1 BHK,Family,Ready to Move,350 sqft,Electronic_city,2w
32000.0,150000,Semi Furnished,2 BHK,Family,Ready to Move,"1,200 sqft",Electronic_city,2w
3000.0,10000,Unfurnished,1 RK,All,Ready to Move,500 sqft,Electronic_city,2w
8000.0,40000,Semi Furnished,1 BHK,All,Ready to Move,350 sqft,Electronic_city,2w
10000.0,75000,Semi Furnished,1 BHK,Family,Ready to Move,650 sqft,Electronic_city,2w
10000.0,30000,Unfurnished,1 BHK,All,Ready to Move,500 sqft,Electronic_city,2w
25000.0,45000,Fully Furnished,1 BHK,All,Ready to Move,500 sqft,Electronic_city,2w
15000.0,75000,Semi Furnished,2 BHK,All,Ready to Move,850 sqft,Electronic_city,2w
6000.0,50000,Unfurnished,1 BHK,Family,Ready to Move,400 sqft,Electronic_city,2w
15000.0,35000,Fully Furnished,1 RK,All,Ready to Move,200 sqft,Electronic_city,2w
15000.0,100000,Semi Furnished,2 BHK,Family,Ready to Move,800 sqft,Electronic_city,2w
40600.0,240000,Semi Furnished,3 BHK,Family,Ready to Move,"1,600 sqft",Electronic_city,2w
12500.0,50000,Semi Furnished,2 BHK,All,Ready to Move,600 sqft,Electronic_city,2w
9000.0,30000,Semi Furnished,2 BHK,Family,Ready to Move,900 sqft,Electronic_city,2w
22000.0,50000,Fully Furnished,2 BHK,All,Ready to Move,"1,200 sqft",Electronic_city,2w
13000.0,50000,Semi Furnished,2 BHK,Family,Ready to Move,800 sqft,Electronic_city,2w
8000.0,40000,Semi Furnished,1 RK,All,Ready to Move,300 sqft,Electronic_city,2w
6500.0,25000,Unfurnished,1 BHK,All,01-Jan-25,500 sqft,Electronic_city,2w
10000.0,50000,Unfurnished,1 BHK,Family,Ready to Move,"1,200 sqft",Electronic_city,2w
6500.0,30000,Semi Furnished,1 BHK,All,Ready to Move,600 sqft,Electronic_city,2w
10000.0,30000,Unfurnished,2 BHK,Family,Ready to Move,800 sqft,Electronic_city,2w
12000.0,50000,Unfurnished,2 BHK,Family,Ready to Move,"1,200 sqft",Electronic_city,2w
10000.0,60000,Unfurnished,1 BHK,All,Ready to Move,800 sqft,Electronic_city,2w
6000.0,30000,Unfurnished,1 BHK,All,Ready to Move,700 sqft,Electronic_city,2w
7000.0,40000,Semi Furnished,2 BHK,All,Ready to Move,600 sqft,Electronic_city,2w
16000.0,80000,Semi Furnished,2 BHK,Family,Ready to Move,"1,200 sqft",Electronic_city,2w
8000.0,30000,Unfurnished,1 BHK,Family,01-Dec-24,500 sqft,Electronic_city,2w
18000.0,100000,Semi Furnished,2 BHK,All,Ready to Move,"1,200 sqft",Electronic_city,2w
8000.0,30000,Unfurnished,1 BHK,All,30-Nov-24,350 sqft,Electronic_city,2w
9000.0,40001,Unfurnished,1 BHK,All,Ready to Move,450 sqft,Electronic_city,2w
22500.0,70000,Semi Furnished,2 BHK,Family,Ready to Move,900 sqft,Electronic_city,2w
13000.0,100000,Semi Furnished,2 BHK,Family,15-Jan-25,"1,104 sqft",Electronic_city,2w
6000.0,20000,Unfurnished,1 BHK,All,Ready to Move,350 sqft,Electronic_city,2w
7000.0,30000,Unfurnished,1 BHK,All,Ready to Move,400 sqft,Electronic_city,2w
15000.0,100000,Unfurnished,1 BHK,All,Ready to Move,350 sqft,Electronic_city,2w
9500.0,30000,Unfurnished,2 BHK,All,Ready to Move,500 sqft,Electronic_city,2w
15000.0,100000,Unfurnished,2 BHK,All,Ready to Move,580 sqft,Electronic_city,2w
20000.0,100000,Unfurnished,2 BHK,All,Ready to Move,735 sqft,Electronic_city,2w
16000.0,50000,Unfurnished,2 BHK,All,Ready to Move,"1,000 sqft",Electronic_city,2w
11000.0,30000,Semi Furnished,2 BHK,Family,Ready to Move,600 sqft,Electronic_city,2w
20000.0,100000,Semi Furnished,2 BHK,All,Ready to Move,920 sqft,Electronic_city,2w
6000.0,50000,Semi Furnished,1 BHK,All,Ready to Move,450 sqft,Electronic_city,2w
15000.0,150000,Semi Furnished,2 BHK,Family,Ready to Move,"1,000 sqft",Electronic_city,2w
9000.0,40000,Semi Furnished,1 BHK,All,Ready to Move,600 sqft,Electronic_city,2w
12000.0,20000,Semi Furnished,1 RK,Bachelor,18-Dec-24,300 sqft,Electronic_city,2w
18000.0,80000,Semi Furnished,2 BHK,Family,Ready to Move,"1,100 sqft",Electronic_city,2w
10000.0,35000,Semi Furnished,1 BHK,Company,Ready to Move,650 sqft,Electronic_city,2w
7500.0,50000,Semi Furnished,1 BHK,Family,Ready to Move,500 sqft,Electronic_city,2w
12500.0,60000,Semi Furnished,1 BHK,Bachelor,Ready to Move,450 sqft,Electronic_city,2w
8400.0,40000,Semi Furnished,1 BHK,All,01-Dec-24,600 sqft,Electronic_city,2w
10000.0,35000,Semi Furnished,2 BHK,Company,01-Dec-24,600 sqft,Electronic_city,2w
5000.0,20000,Unfurnished,1 BHK,Bachelor,Ready to Move,500 sqft,Electronic_city,2w
11000.0,50000,Semi Furnished,2 BHK,All,05-Dec-24,850 sqft,Electronic_city,2w
7500.0,30000,Semi Furnished,1 BHK,All,Ready to Move,400 sqft,Electronic_city,2w
6200.0,25000,Semi Furnished,1 RK,All,Ready to Move,160 sqft,Electronic_city,2w
9500.0,40000,Semi Furnished,1 BHK,Family,Ready to Move,370 sqft,Electronic_city,2w
7500.0,30000,Semi Furnished,1 BHK,All,Ready to Move,500 sqft,Electronic_city,2w
8500.0,80000,Semi Furnished,1 BHK,Bachelor,Ready to Move,600 sqft,Electronic_city,2w
2800.0,15000,Unfurnished,1 RK,Family,Ready to Move,180 sqft,Electronic_city,2w
12000.0,50000,Unfurnished,1 BHK,Family,Ready to Move,400 sqft,Electronic_city,2w
12000.0,40000,Semi Furnished,2 BHK,Family,Ready to Move,600 sqft,Electronic_city,2w
15000.0,25000,Semi Furnished,2 BHK,All,Ready to Move,700 sqft,Electronic_city,2w
7000.0,15000,Semi Furnished,1 RK,All,Ready to Move,200 sqft,Electronic_city,2w
17000.0,50000,Semi Furnished,2 BHK,Family,Ready to Move,800 sqft,Electronic_city,2w
22000.0,80000,Semi Furnished,2 BHK,Family,Ready to Move,"1,000 sqft",Electronic_city,2w
12900.0,60000,Unfurnished,1 BHK,All,08-Dec-24,500 sqft,Electronic_city,2w
6750.0,25000,Fully Furnished,1 BHK,All,Ready to Move,450 sqft,Electronic_city,2w
20000.0,80000,Semi Furnished,2 BHK,All,01-Dec-24,"1,000 sqft",Electronic_city,2w
11000.0,30000,Unfurnished,1 BHK,Family,Ready to Move,400 sqft,Electronic_city,2w
14000.0,50000,Semi Furnished,1 BHK,Family,Ready to Move,800 sqft,Electronic_city,2w
9000.0,25000,Semi Furnished,1 BHK,All,Ready to Move,600 sqft,Electronic_city,2w
12000.0,40000,Semi Furnished,1 BHK,All,Ready to Move,600 sqft,Electronic_city,2w
5000.0,15000,Unfurnished,1 BHK,All,Ready to Move,300 sqft,Electronic_city,2w
2500.0,10500,Unfurnished,1 RK,Family,Ready to Move,200 sqft,Electronic_city,2w
10000.0,30000,Unfurnished,1 BHK,Family,Ready to Move,500 sqft,Electronic_city,2w
8000.0,24000,Unfurnished,1 RK,Bachelor,Ready to Move,200 sqft,Electronic_city,2w
8000.0,24000,Unfurnished,1 BHK,All,Ready to Move,400 sqft,Electronic_city,2w
24000.0,240000,Semi Furnished,2 BHK,Family,Ready to Move,850 sqft,Electronic_city,2w
10000.0,40000,Unfurnished,2 BHK,Family,Ready to Move,650 sqft,Electronic_city,2w
9000.0,50000,Unfurnished,2 BHK,All,07-Dec-24,600 sqft,Electronic_city,2w
5500.0,30000,Semi Furnished,1 RK,All,Ready to Move,300 sqft,Electronic_city,2w
6700.0,25000,Semi Furnished,1 BHK,Family,Ready to Move,350 sqft,Electronic_city,2w
25000.0,100000,Semi Furnished,3 BHK,Family,Ready to Move,"1,100 sqft",Electronic_city,2w
3000.0,10000,Unfurnished,1 RK,All,01-Dec-24,250 sqft,Electronic_city,2w
5000.0,10000,Semi Furnished,1 RK,All,Ready to Move,250 sqft,Electronic_city,2w
18000.0,130000,Semi Furnished,2 BHK,Family,Ready to Move,900 sqft,Electronic_city,2w
7500.0,25000,Semi Furnished,1 RK,All,Ready to Move,400 sqft,Electronic_city,2w
3000.0,10000,Unfurnished,1 RK,All,Ready to Move,150 sqft,Electronic_city,2w
6500.0,25000,Unfurnished,1 BHK,Family,Ready to Move,600 sqft,Electronic_city,2w
14000.0,50000,Semi Furnished,1 BHK,Family,01-Dec-24,"1,000 sqft",Electronic_city,2w
12500.0,40000,Semi Furnished,1 BHK,Family,Ready to Move,450 sqft,Electronic_city,2w
21000.0,75000,Semi Furnished,3 BHK,All,04-Dec-24,"1,400 sqft",Electronic_city,2w
8000.0,75000,Semi Furnished,1 BHK,Family,Ready to Move,400 sqft,Electronic_city,2w
12000.0,50000,Semi Furnished,1 BHK,Family,Ready to Move,700 sqft,Electronic_city,2w
5500.0,20000,Unfurnished,1 RK,All,Ready to Move,200 sqft,Electronic_city,2w
18000.0,108000,Unfurnished,3 BHK,All,Ready to Move,"1,200 sqft",Electronic_city,2w
12000.0,50000,Fully Furnished,2 BHK,Family,Ready to Move,800 sqft,Electronic_city,2w
25000.0,100000,Semi Furnished,2 BHK,Family,Ready to Move,800 sqft,Electronic_city,2w
12000.0,40000,Fully Furnished,2 BHK,Family,01-Jan-25,600 sqft,Electronic_city,2w
8500.0,50000,Unfurnished,1 BHK,Family,26-Jan-25,500 sqft,Electronic_city,2w
14750.0,75000,Semi Furnished,2 BHK,Family,Ready to Move,"1,000 sqft",Electronic_city,2w
8000.0,30000,Semi Furnished,1 BHK,All,Ready to Move,400 sqft,Electronic_city,2w
16000.0,75000,Semi Furnished,2 BHK,Family,Ready to Move,850 sqft,Electronic_city,2w
9000.0,30000,Semi Furnished,2 BHK,Family,Ready to Move,600 sqft,Electronic_city,2w
11000.0,35000,Semi Furnished,1 BHK,All,15-Dec-24,400 sqft,Electronic_city,2w
6000.0,25000,Unfurnished,1 BHK,All,01-Dec-24,500 sqft,Electronic_city,2w
23000.0,50000,Semi Furnished,2 BHK,All,Ready to Move,800 sqft,Electronic_city,2w
11000.0,40000,Unfurnished,1 BHK,Family,07-Dec-24,700 sqft,Electronic_city,2w
24000.0,70000,Semi Furnished,2 BHK,Family,01-Dec-24,"1,000 sqft",Electronic_city,2w
9500.0,30000,Unfurnished,1 BHK,Family,20-Jan-25,400 sqft,Electronic_city,2w
12000.0,50000,Unfurnished,2 BHK,All,Ready to Move,700 sqft,Electronic_city,2w
8000.0,25000,Semi Furnished,1 BHK,Company,Ready to Move,350 sqft,Electronic_city,2w
11200.0,50000,Fully Furnished,1 BHK,All,06-Jan-25,800 sqft,Electronic_city,2w
15000.0,50000,Semi Furnished,1 BHK,Family,01-Jan-25,800 sqft,Electronic_city,2w
25000.0,100000,Semi Furnished,2 BHK,Family,01-Dec-24,"1,000 sqft",Electronic_city,2w
18000.0,80000,Fully Furnished,2 BHK,Family,10-Dec-24,"1,000 sqft",Electronic_city,2w
8000.0,25000,Unfurnished,1 BHK,Family,Ready to Move,500 sqft,Electronic_city,2w
9500.0,50000,Semi Furnished,2 BHK,Family,Ready to Move,600 sqft,Electronic_city,2w
4701.0,20000,Fully Furnished,1 RK,"Male, Company",Ready to Move,250 sqft,Electronic_city,2w
4000.0,15000,Unfurnished,1 RK,All,01-Dec-24,200 sqft,Electronic_city,2w
6000.0,20000,Unfurnished,1 RK,All,Ready to Move,250 sqft,Electronic_city,2w
8500.0,25000,Semi Furnished,1 BHK,All,01-Dec-24,350 sqft,Electronic_city,2w
6500.0,30000,Fully Furnished,1 BHK,Family,10-Dec-24,500 sqft,Electronic_city,2w
8500.0,20000,Unfurnished,1 BHK,Family,01-Dec-24,500 sqft,Electronic_city,2w
15000.0,100000,Semi Furnished,2 BHK,All,Ready to Move,800 sqft,Electronic_city,2w
10500.0,50000,Unfurnished,2 BHK,Family,Ready to Move,700 sqft,Electronic_city,2w
5000.0,20000,Unfurnished,1 BHK,Family,30-Nov-24,400 sqft,Electronic_city,2w
11000.0,100000,Semi Furnished,1 BHK,All,Ready to Move,400 sqft,Electronic_city,2w
9500.0,35000,Semi Furnished,1 BHK,All,01-Dec-24,450 sqft,Electronic_city,2w
18000.0,100000,Unfurnished,2 BHK,Family,01-Jan-25,900 sqft,Electronic_city,2w
6500.0,30000,Unfurnished,1 BHK,Family,30-Nov-24,350 sqft,Electronic_city,2w
5000.0,15000,Semi Furnished,1 RK,Family,Ready to Move,350 sqft,Electronic_city,2w
6000.0,25000,Unfurnished,1 BHK,All,Ready to Move,550 sqft,Electronic_city,2w
12000.0,90000,Semi Furnished,2 BHK,All,Ready to Move,900 sqft,Electronic_city,2w
7000.0,30000,Semi Furnished,1 RK,"Company, Bachelor",01-Dec-24,120 sqft,Electronic_city,2w
9500.0,40000,Fully Furnished,2 BHK,Family,05-Dec-24,650 sqft,Electronic_city,2w
5500.0,50000,Semi Furnished,1 BHK,All,Ready to Move,600 sqft,Electronic_city,2w
7000.0,25000,Unfurnished,1 RK,All,Ready to Move,250 sqft,Electronic_city,2w
5800.0,15000,Unfurnished,1 BHK,All,Ready to Move,500 sqft,Electronic_city,2w
8500.0,25000,Semi Furnished,1 BHK,Family,01-Dec-24,450 sqft,Electronic_city,2w
15000.0,75000,Semi Furnished,2 BHK,Family,Ready to Move,520 sqft,Electronic_city,2w
25500.0,75000,Semi Furnished,2 BHK,Family,Ready to Move,"1,200 sqft",Electronic_city,2w
4000.0,20000,Unfurnished,1 RK,Bachelor,01-Jan-25,150 sqft,Electronic_city,2w
18000.0,70000,Semi Furnished,2 BHK,All,Ready to Move,750 sqft,Electronic_city,2w
12000.0,50000,Unfurnished,2 BHK,Family,Ready to Move,800 sqft,Electronic_city,2w
8500.0,30000,Semi Furnished,1 BHK,Male,Ready to Move,450 sqft,Electronic_city,2w
7500.0,30000,Semi Furnished,2 BHK,Family,Ready to Move,"1,200 sqft",Electronic_city,2w
20000.0,60000,Semi Furnished,2 BHK,Family,Ready to Move,850 sqft,Electronic_city,2w
16000.0,50000,Unfurnished,2 BHK,Family,Ready to Move,"1,000 sqft",Electronic_city,2w
10000.0,40000,Unfurnished,2 BHK,All,Ready to Move,600 sqft,Electronic_city,2w
12500.0,30000,Semi Furnished,2 BHK,All,Ready to Move,800 sqft,Electronic_city,2w
9000.0,50000,Unfurnished,1 BHK,Company,31-Dec-24,400 sqft,Electronic_city,2w
17000.0,40000,Semi Furnished,2 BHK,All,Ready to Move,700 sqft,Electronic_city,2w
12500.0,50000,Semi Furnished,1 BHK,Family,Ready to Move,750 sqft,Electronic_city,2w
16500.0,70000,Semi Furnished,2 BHK,Family,30-Nov-24,800 sqft,Electronic_city,2w
13000.0,60000,Semi Furnished,1 BHK,Family,Ready to Move,650 sqft,Electronic_city,2w
15000.0,100000,Semi Furnished,1 BHK,Family,Ready to Move,400 sqft,Electronic_city,2w
7000.0,20000,Semi Furnished,1 BHK,All,Ready to Move,750 sqft,Electronic_city,2w
9000.0,45000,Semi Furnished,1 BHK,Family,Ready to Move,550 sqft,Electronic_city,2w
7000.0,25000,Semi Furnished,1 BHK,All,Ready to Move,400 sqft,Electronic_city,2w
6000.0,20000,Semi Furnished,1 BHK,All,30-Dec-24,350 sqft,Electronic_city,2w
13000.0,30000,Semi Furnished,1 BHK,All,01-Jan-25,400 sqft,Electronic_city,2w
12000.0,50000,Semi Furnished,1 BHK,All,Ready to Move,600 sqft,Electronic_city,2w
7500.0,30000,Semi Furnished,1 BHK,"Company, Family, Female",Ready to Move,400 sqft,Electronic_city,2w
6000.0,20000,Unfurnished,1 BHK,All,Ready to Move,400 sqft,Electronic_city,2w
13499.0,45000,Semi Furnished,1 BHK,"Family, Bachelor",Ready to Move,550 sqft,Electronic_city,2w
6500.0,25000,Unfurnished,1 BHK,Family,Ready to Move,450 sqft,Electronic_city,2w
8250.0,40000,Semi Furnished,1 BHK,Family,01-Dec-24,500 sqft,Electronic_city,2w
20000.0,100000,Unfurnished,2 BHK,All,Ready to Move,"1,200 sqft",Electronic_city,2w
8000.0,25000,Semi Furnished,1 RK,Family,Ready to Move,250 sqft,Electronic_city,2w
7000.0,50000,Unfurnished,1 BHK,Family,Ready to Move,400 sqft,Electronic_city,2w
7000.0,30000,Semi Furnished,1 RK,Bachelor,Ready to Move,170 sqft,Electronic_city,2w
10000.0,50000,Unfurnished,1 BHK,All,Ready to Move,600 sqft,Electronic_city,2w
9000.0,30000,Semi Furnished,2 BHK,Family,31-Dec-24,700 sqft,Electronic_city,2w
7800.0,25000,Semi Furnished,1 BHK,All,Ready to Move,"1,200 sqft",Electronic_city,2w
8000.0,30000,Unfurnished,1 BHK,Family,Ready to Move,550 sqft,Electronic_city,2w
12000.0,30000,Unfurnished,1 BHK,Family,Ready to Move,500 sqft,Electronic_city,2w
7500.0,50000,Unfurnished,1 BHK,Family,Ready to Move,500 sqft,Electronic_city,2w
7000.0,25000,Semi Furnished,1 RK,All,Ready to Move,400 sqft,Electronic_city,2w
8250.0,40000,Semi Furnished,1 BHK,"Family, Female, Company",01-Dec-24,500 sqft,Electronic_city,2w
6000.0,25000,Unfurnished,1 BHK,All,06-Dec-24,400 sqft,Electronic_city,2w
16000.0,60000,Semi Furnished,2 BHK,All,Ready to Move,"1,200 sqft",Electronic_city,2w
30000.0,150000,Unfurnished,2 BHK,Family,01-Dec-24,"1,200 sqft",Electronic_city,2w
10000.0,30000,Semi Furnished,2 BHK,All,01-Jan-25,"1,200 sqft",Electronic_city,2w
5500.0,20000,Unfurnished,1 BHK,Family,01-Jan-25,500 sqft,Electronic_city,2w
16500.0,70000,Semi Furnished,2 BHK,Family,Ready to Move,"1,250 sqft",Electronic_city,2w
7500.0,35000,Semi Furnished,1 BHK,Family,Ready to Move,500 sqft,Electronic_city,2w
10000.0,50000,Semi Furnished,1 BHK,Family,Ready to Move,650 sqft,Electronic_city,2w
14000.0,70000,Semi Furnished,2 BHK,Family,01-Jan-25,850 sqft,Electronic_city,2w
6500.0,40000,Unfurnished,1 BHK,Family,01-Jan-25,500 sqft,Electronic_city,2w
12000.0,30000,Semi Furnished,1 BHK,All,Ready to Move,600 sqft,Electronic_city,2w
10000.0,150000,Semi Furnished,1 BHK,Family,Ready to Move,800 sqft,Electronic_city,2w
5000.0,50000,Semi Furnished,1 BHK,Family,Ready to Move,800 sqft,Electronic_city,2w
8000.0,30000,Unfurnished,1 BHK,All,Ready to Move,600 sqft,Electronic_city,2w
9000.0,40000,Unfurnished,1 BHK,All,Ready to Move,450 sqft,Electronic_city,2w
9500.0,30000,Semi Furnished,1 BHK,All,31-Dec-24,500 sqft,Electronic_city,2w
7000.0,30000,Unfurnished,1 BHK,Family,31-Dec-24,300 sqft,Electronic_city,2w
11000.0,50000,Unfurnished,1 BHK,Family,01-Dec-24,500 sqft,Electronic_city,2w
8500.0,30000,Semi Furnished,1 BHK,Family,01-Jan-25,400 sqft,Electronic_city,2w
5500.0,20000,Unfurnished,1 RK,Male,Ready to Move,150 sqft,Electronic_city,2w
8000.0,25000,Unfurnished,1 BHK,Family,Ready to Move,350 sqft,Electronic_city,2w
12000.0,35000,Unfurnished,2 BHK,All,Ready to Move,650 sqft,Electronic_city,2w
13500.0,50000,Semi Furnished,2 BHK,All,Ready to Move,600 sqft,Electronic_city,2w
9500.0,60000,Semi Furnished,1 BHK,All,Ready to Move,500 sqft,Electronic_city,2w
11500.0,50000,Semi Furnished,2 BHK,Family,Ready to Move,600 sqft,Electronic_city,2w
6000.0,20000,Unfurnished,1 BHK,Family,Ready to Move,600 sqft,Electronic_city,2w
15000.0,30000,Semi Furnished,1 BHK,All,Ready to Move,600 sqft,Electronic_city,2w
7500.0,40000,Unfurnished,1 BHK,All,01-Dec-24,600 sqft,Electronic_city,2w
9000.0,40000,Unfurnished,1 BHK,Family,Ready to Move,600 sqft,Electronic_city,2w
15000.0,30000,Semi Furnished,2 BHK,Family,Ready to Move,580 sqft,Electronic_city,2w
18000.0,100000,Unfurnished,2 BHK,All,01-Dec-24,600 sqft,Electronic_city,2w
9000.0,30000,Unfurnished,1 BHK,All,Ready to Move,500 sqft,Electronic_city,2w
8500.0,25000,Fully Furnished,1 BHK,Company,20-Dec-24,600 sqft,Electronic_city,2w
13000.0,50000,Unfurnished,2 BHK,Family,Ready to Move,800 sqft,Electronic_city,2w
12300.0,40000,Unfurnished,1 BHK,Bachelor,Ready to Move,450 sqft,Electronic_city,2w
16000.0,40000,Semi Furnished,1 BHK,All,Ready to Move,900 sqft,Electronic_city,2w
4500.0,15000,Unfurnished,1 RK,Family,Ready to Move,250 sqft,Electronic_city,2w
11000.0,60000,Semi Furnished,1 BHK,All,Ready to Move,400 sqft,Electronic_city,2w
25000.0,150000,Semi Furnished,2 BHK,All,Ready to Move,800 sqft,Electronic_city,2w
6000.0,20000,Unfurnished,1 BHK,All,Ready to Move,500 sqft,Electronic_city,2w
14000.0,40000,Unfurnished,2 BHK,Family,Ready to Move,600 sqft,Electronic_city,2w
9000.0,20000,Unfurnished,2 BHK,Bachelor,Ready to Move,"1,200 sqft",Electronic_city,2w
8500.0,40000,Unfurnished,1 BHK,All,Ready to Move,600 sqft,Electronic_city,2w
14000.0,40000,Unfurnished,1 BHK,All,Ready to Move,350 sqft,Electronic_city,2w
16500.0,120000,Semi Furnished,2 BHK,All,Ready to Move,700 sqft,Electronic_city,2w
15000.0,60000,Semi Furnished,2 BHK,All,Ready to Move,900 sqft,Electronic_city,2w
6000.0,30000,Semi Furnished,1 BHK,All,Ready to Move,600 sqft,Electronic_city,2w
8500.0,30000,Unfurnished,1 BHK,Family,Ready to Move,400 sqft,Electronic_city,2w
5000.0,21000,Semi Furnished,1 RK,All,Ready to Move,150 sqft,Electronic_city,2w
20000.0,100000,Unfurnished,2 BHK,Family,Ready to Move,800 sqft,Electronic_city,2w
8000.0,30000,Semi Furnished,1 BHK,All,01-Dec-24,300 sqft,Electronic_city,2w
20000.0,150000,Semi Furnished,1 BHK,Family,Ready to Move,400 sqft,Electronic_city,2w
15000.0,50000,Semi Furnished,2 BHK,Family,Ready to Move,700 sqft,Electronic_city,2w
12750.0,50000,Unfurnished,2 BHK,Family,Ready to Move,"1,000 sqft",Electronic_city,2w
6000.0,15000,Unfurnished,1 BHK,All,Ready to Move,360 sqft,Electronic_city,2w
15000.0,90000,Semi Furnished,1 BHK,Male,Ready to Move,500 sqft,Electronic_city,2w
10000.0,75000,Unfurnished,2 BHK,All,Ready to Move,900 sqft,Electronic_city,2w
4000.0,8000,Unfurnished,1 RK,All,Ready to Move,250 sqft,Electronic_city,2w
8000.0,40000,Semi Furnished,1 BHK,All,Ready to Move,400 sqft,Electronic_city,2w
12000.0,50000,Semi Furnished,1 BHK,All,Ready to Move,450 sqft,Electronic_city,2w
51900.0,300000,Semi Furnished,3 BHK,Family,Ready to Move,"1,550 sqft",Electronic_city,2w
41000.0,200000,Fully Furnished,3 BHK,All,Ready to Move,"1,360 sqft",Electronic_city,2w
39700.0,150000,Fully Furnished,3 BHK,All,Ready to Move,"1,250 sqft",Electronic_city,2w
56000.0,200000,Fully Furnished,3 BHK,All,06-Dec-24,"1,550 sqft",Electronic_city,2w
38000.0,300000,Fully Furnished,3 BHK,All,Ready to Move,"1,380 sqft",Electronic_city,2w
27000.0,150000,Semi Furnished,3 BHK,Family,01-Dec-24,"1,010 sqft",Electronic_city,2w
38500.0,140000,Fully Furnished,2 BHK,All,Ready to Move,"1,150 sqft",Electronic_city,2w
40000.0,200000,Semi Furnished,3 BHK,All,Ready to Move,"1,300 sqft",Electronic_city,2w
39000.0,150000,Semi Furnished,3 BHK,All,Ready to Move,"1,200 sqft",Electronic_city,2w
48000.0,250000,Semi Furnished,3 BHK,Family,Ready to Move,"1,639 sqft",Electronic_city,2w
39200.0,150000,Semi Furnished,2 BHK,Family,03-Dec-24,"1,164 sqft",Electronic_city,2w
29647.0,100000,Semi Furnished,2 BHK,All,Ready to Move,"1,042 sqft",Electronic_city,2w
55000.0,200000,Semi Furnished,3 BHK,All,Ready to Move,"1,700 sqft",Electronic_city,2w
27000.0,150000,Semi Furnished,3 BHK,Family,Ready to Move,"1,749 sqft",Electronic_city,2w
27000.0,150000,Fully Furnished,2 BHK,All,Ready to Move,"1,100 sqft",Electronic_city,2w
37500.0,210000,Semi Furnished,3 BHK,Family,Ready to Move,"1,394 sqft",Electronic_city,2w
46200.0,210000,Semi Furnished,3 BHK,Family,Ready to Move,"1,540 sqft",Electronic_city,2w
45000.0,200000,Fully Furnished,3 BHK,Family,Ready to Move,"1,630 sqft",Electronic_city,2w
23500.0,75000,Semi Furnished,2 BHK,All,Ready to Move,"1,200 sqft",Electronic_city,2w
50000.0,276000,Semi Furnished,2 BHK,Family,Ready to Move,"1,222 sqft",Electronic_city,2w
35000.0,100000,Semi Furnished,3 BHK,Family,Ready to Move,"1,500 sqft",Electronic_city,2w
11000.0,14000,Semi Furnished,2 BHK,All,01-Dec-24,"1,050 sqft",Electronic_city,2w
22000.0,120000,Fully Furnished,2 BHK,Family,Ready to Move,"1,260 sqft",Electronic_city,2w
21500.0,100000,Semi Furnished,2 BHK,All,Ready to Move,980 sqft,Electronic_city,2w
22500.0,80000,Fully Furnished,1 BHK,All,Ready to Move,800 sqft,Electronic_city,2w
12300.0,50000,Semi Furnished,1 BHK,All,Ready to Move,430 sqft,Electronic_city,2w
12700.0,40000,Semi Furnished,1 BHK,Family,01-Dec-24,500 sqft,Electronic_city,2w
15800.0,70000,Fully Furnished,2 BHK,Family,Ready to Move,550 sqft,Electronic_city,2w
8100.0,32000,Semi Furnished,1 BHK,All,Ready to Move,600 sqft,Electronic_city,2w
16000.0,32000,Unfurnished,1 BHK,All,Ready to Move,500 sqft,Electronic_city,2w
12000.0,40000,Semi Furnished,1 BHK,Family,Ready to Move,400 sqft,Electronic_city,2w
20000.0,80000,Semi Furnished,2 BHK,Company,08-Dec-24,900 sqft,Electronic_city,2w
10500.0,50000,Unfurnished,1 BHK,All,Ready to Move,550 sqft,Electronic_city,2w
14000.0,26000,Fully Furnished,1 BHK,All,30-Nov-24,600 sqft,Electronic_city,2w
11200.0,35000,Semi Furnished,2 BHK,Family,30-Nov-24,660 sqft,Electronic_city,2w
18500.0,40000,Fully Furnished,1 BHK,Company,Ready to Move,400 sqft,Electronic_city,2w
6000.0,25000,Fully Furnished,1 RK,All,Ready to Move,300 sqft,Electronic_city,2w
6000.0,25000,Unfurnished,1 BHK,Family,Ready to Move,400 sqft,Electronic_city,2w
5000.0,20000,Unfurnished,1 RK,All,07-Dec-24,200 sqft,Electronic_city,2w
10000.0,50000,Unfurnished,1 BHK,All,01-Jan-25,500 sqft,Electronic_city,2w
10000.0,50000,Semi Furnished,1 BHK,All,01-Dec-24,700 sqft,Electronic_city,2w
9000.0,30000,Unfurnished,1 BHK,All,31-Dec-24,500 sqft,Electronic_city,2w
9000.0,30000,Semi Furnished,1 BHK,All,02-Dec-24,400 sqft,Electronic_city,2w
24000.0,50000,Unfurnished,2 BHK,All,27-Dec-24,800 sqft,Electronic_city,2w
16500.0,50000,Fully Furnished,1 BHK,All,08-Dec-24,500 sqft,Electronic_city,2w
10500.0,30000,Semi Furnished,1 BHK,Family,Ready to Move,500 sqft,Electronic_city,2w
20000.0,60000,Semi Furnished,2 BHK,Family,Ready to Move,"1,100 sqft",Electronic_city,2w
12000.0,25000,Semi Furnished,2 BHK,All,Ready to Move,"1,000 sqft",Electronic_city,2w
6500.0,30000,Unfurnished,1 BHK,All,01-Dec-24,400 sqft,Electronic_city,2w
9000.0,20000,Semi Furnished,1 BHK,Family,Ready to Move,500 sqft,Electronic_city,2w
18500.0,60000,Semi Furnished,2 BHK,Family,01-Dec-24,"1,200 sqft",Electronic_city,2w
15000.0,50000,Unfurnished,2 BHK,All,01-Dec-24,600 sqft,Electronic_city,2w
8000.0,30000,Semi Furnished,1 BHK,All,Ready to Move,300 sqft,Electronic_city,2w
14000.0,40000,Unfurnished,2 BHK,All,Ready to Move,500 sqft,Electronic_city,2w
6500.0,30000,Unfurnished,1 RK,All,Ready to Move,150 sqft,Electronic_city,2w
19500.0,100000,Semi Furnished,2 BHK,All,11-Dec-24,900 sqft,Electronic_city,2w
8000.0,30000,Unfurnished,1 BHK,Family,Ready to Move,450 sqft,Electronic_city,2w
9500.0,30000,Semi Furnished,1 BHK,All,Ready to Move,400 sqft,Electronic_city,2w
13000.0,25000,Semi Furnished,2 BHK,All,Ready to Move,550 sqft,Electronic_city,2w
9500.0,30000,Semi Furnished,1 BHK,All,Ready to Move,600 sqft,Electronic_city,2w
13000.0,50000,Semi Furnished,2 BHK,Company,Ready to Move,700 sqft,Electronic_city,2w
9000.0,30000,Unfurnished,1 BHK,All,01-Dec-24,500 sqft,Electronic_city,2w
11000.0,33000,Semi Furnished,1 BHK,Family,Ready to Move,400 sqft,Electronic_city,2w
26000.0,125000,Fully Furnished,2 BHK,All,Ready to Move,"1,280 sqft",Electronic_city,2w
10500.0,45000,Semi Furnished,1 RK,All,Ready to Move,450 sqft,Electronic_city,2w
8500.0,50000,Semi Furnished,1 BHK,"Female, Family, Company",Ready to Move,400 sqft,Electronic_city,2w
9000.0,35000,Unfurnished,1 BHK,All,Ready to Move,375 sqft,Electronic_city,2w
40000.0,160000,Fully Furnished,3 BHK,Family,01-Dec-24,"1,180 sqft",Electronic_city,2w
18000.0,65000,Semi Furnished,1 BHK,Family,30-Nov-24,800 sqft,Electronic_city,2w
6600.0,20000,Unfurnished,1 BHK,Bachelor,Ready to Move,350 sqft,Electronic_city,2w
21000.0,50000,Fully Furnished,2 BHK,All,01-Dec-24,800 sqft,Electronic_city,2w
19000.0,80000,Semi Furnished,2 BHK,All,08-Dec-24,"1,000 sqft",Electronic_city,2w
12950.0,50000,Fully Furnished,1 BHK,All,Ready to Move,650 sqft,Electronic_city,2w
18000.0,40000,Fully Furnished,1 BHK,All,Ready to Move,340 sqft,Electronic_city,2w
7700.0,20000,Semi Furnished,1 BHK,All,Ready to Move,800 sqft,Electronic_city,2w
7001.0,35000,Unfurnished,1 BHK,All,Ready to Move,500 sqft,Electronic_city,2w
6000.0,15000,Unfurnished,1 BHK,All,Ready to Move,400 sqft,Electronic_city,2w
16000.0,60000,Semi Furnished,1 BHK,Family,Ready to Move,450 sqft,Electronic_city,2w
8500.0,30000,Semi Furnished,1 BHK,All,Ready to Move,600 sqft,Electronic_city,2w
8300.0,35000,Semi Furnished,1 RK,Bachelor,Ready to Move,450 sqft,Electronic_city,2w
9500.0,30000,Semi Furnished,1 BHK,All,Ready to Move,550 sqft,Electronic_city,2w
13000.0,40000,Unfurnished,1 BHK,All,01-Dec-24,400 sqft,Electronic_city,2w
6500.0,20000,Unfurnished,1 BHK,All,Ready to Move,500 sqft,Electronic_city,2w
10000.0,25000,Unfurnished,1 BHK,All,Ready to Move,500 sqft,Electronic_city,2w
15500.0,70000,Semi Furnished,2 BHK,All,Ready to Move,857 sqft,Electronic_city,2w
12000.0,36000,Fully Furnished,1 BHK,All,Ready to Move,400 sqft,Electronic_city,2w
13500.0,40000,Semi Furnished,1 BHK,Family,Ready to Move,400 sqft,Electronic_city,2w
6000.0,30000,Unfurnished,1 BHK,All,Ready to Move,400 sqft,Electronic_city,2w
8000.0,40000,Unfurnished,1 BHK,Family,Ready to Move,450 sqft,Electronic_city,2w
16000.0,75000,Semi Furnished,1 BHK,Female,Ready to Move,542 sqft,Electronic_city,2w
14000.0,30000,Unfurnished,2 BHK,All,Ready to Move,850 sqft,Electronic_city,2w
4500.0,10000,Unfurnished,1 BHK,All,Ready to Move,360 sqft,Electronic_city,2w
18000.0,60000,Fully Furnished,1 BHK,All,Ready to Move,400 sqft,Electronic_city,2w
10000.0,20000,Semi Furnished,1 RK,All,Ready to Move,150 sqft,Electronic_city,2w
14500.0,40000,Semi Furnished,1 BHK,Family,01-Dec-24,550 sqft,Electronic_city,2w
9000.0,36000,Unfurnished,1 BHK,Bachelor,Ready to Move,450 sqft,Electronic_city,2w
14000.0,50000,Semi Furnished,1 BHK,Family,02-Dec-24,650 sqft,Electronic_city,2w
18500.0,70001,Semi Furnished,2 BHK,Family,Ready to Move,800 sqft,Electronic_city,2w
9300.0,25000,Unfurnished,2 BHK,All,Ready to Move,950 sqft,Electronic_city,2w
7000.0,30000,Semi Furnished,1 BHK,All,Ready to Move,600 sqft,Electronic_city,2w
19000.0,60000,Semi Furnished,2 BHK,All,01-Jan-25,"1,085 sqft",Electronic_city,2w
6500.0,30000,Fully Furnished,1 BHK,All,Ready to Move,600 sqft,Electronic_city,2w
15000.0,100000,Semi Furnished,2 BHK,All,01-Dec-24,"1,200 sqft",Electronic_city,2w
10000.0,30000,Semi Furnished,2 BHK,Family,Ready to Move,680 sqft,Electronic_city,2w
14000.0,50000,Semi Furnished,2 BHK,All,Ready to Move,600 sqft,Electronic_city,2w
14000.0,40000,Semi Furnished,2 BHK,Family,Ready to Move,800 sqft,Electronic_city,2w
17000.0,60000,Semi Furnished,2 BHK,Company,15-Dec-24,750 sqft,Electronic_city,2w
13000.0,40000,Semi Furnished,1 BHK,All,07-Dec-24,400 sqft,Electronic_city,2w
15000.0,30000,Semi Furnished,2 BHK,Family,Ready to Move,800 sqft,Electronic_city,2w
11000.0,20000,Unfurnished,1 BHK,All,Ready to Move,400 sqft,Electronic_city,2w
11000.0,40000,Semi Furnished,1 BHK,Family,Ready to Move,400 sqft,Electronic_city,2w
15000.0,50000,Unfurnished,2 BHK,Family,Ready to Move,800 sqft,Electronic_city,2w
6500.0,40000,Unfurnished,1 BHK,All,Ready to Move,300 sqft,Electronic_city,2w
12000.0,40000,Semi Furnished,1 BHK,All,Ready to Move,400 sqft,Electronic_city,2w
7500.0,10000,Fully Furnished,1 RK,All,20-Dec-24,200 sqft,Electronic_city,2w
15000.0,60000,Unfurnished,2 BHK,All,25-Dec-24,800 sqft,Electronic_city,2w
13000.0,40000,Semi Furnished,1 BHK,All,Ready to Move,600 sqft,Electronic_city,2w
5000.0,15000,Unfurnished,1 BHK,All,01-Dec-24,500 sqft,Electronic_city,2w
5500.0,20000,Unfurnished,1 BHK,All,Ready to Move,450 sqft,Electronic_city,2w
10500.0,40000,Semi Furnished,2 BHK,Bachelor,Ready to Move,"1,200 sqft",Electronic_city,2w
17000.0,60000,Semi Furnished,2 BHK,All,Ready to Move,"1,000 sqft",Electronic_city,2w
11000.0,30000,Unfurnished,1 BHK,All,01-Dec-24,350 sqft,Electronic_city,2w
8000.0,25000,Unfurnished,1 BHK,Family,Ready to Move,650 sqft,Electronic_city,2w
8000.0,30000,Semi Furnished,1 BHK,Bachelor,Ready to Move,500 sqft,Electronic_city,2w
8000.0,30000,Semi Furnished,1 BHK,All,Ready to Move,550 sqft,Electronic_city,2w
6500.0,20000,Unfurnished,1 RK,Bachelor,Ready to Move,300 sqft,Electronic_city,2w
7000.0,20000,Semi Furnished,1 RK,All,05-Dec-24,200 sqft,Electronic_city,2w
12000.0,50000,Semi Furnished,2 BHK,All,Ready to Move,"1,200 sqft",Electronic_city,2w
34000.0,120000,Semi Furnished,2 BHK,Family,04-Dec-24,924 sqft,Electronic_city,2w
17000.0,50000,Semi Furnished,2 BHK,All,02-Dec-24,850 sqft,Electronic_city,2w
11000.0,40000,Unfurnished,1 BHK,Company,Ready to Move,400 sqft,Electronic_city,2w
5500.0,18000,Unfurnished,1 RK,All,05-Dec-24,250 sqft,Electronic_city,2w
20000.0,50000,Semi Furnished,3 BHK,Family,02-Dec-24,"1,500 sqft",Electronic_city,2w
16000.0,100000,Semi Furnished,1 BHK,All,Ready to Move,600 sqft,Electronic_city,2w
12000.0,50000,Unfurnished,2 BHK,All,Ready to Move,"1,200 sqft",Electronic_city,2w
6000.0,30000,Semi Furnished,1 BHK,All,Ready to Move,400 sqft,Electronic_city,2w
5000.0,20000,Semi Furnished,1 BHK,All,Ready to Move,650 sqft,Electronic_city,2w
19500.0,75000,Semi Furnished,2 BHK,All,Ready to Move,875 sqft,Electronic_city,2w
8500.0,30000,Unfurnished,1 BHK,Family,Ready to Move,500 sqft,Electronic_city,2w
23000.0,50000,Semi Furnished,2 BHK,Family,Ready to Move,"1,050 sqft",Electronic_city,2w
12500.0,30000,Semi Furnished,1 BHK,All,Ready to Move,350 sqft,Electronic_city,2w
6000.0,20000,Semi Furnished,1 BHK,All,Ready to Move,600 sqft,Electronic_city,2w
18000.0,48000,Semi Furnished,1 BHK,All,Ready to Move,350 sqft,Electronic_city,2w
8500.0,30000,Unfurnished,1 BHK,Family,Ready to Move,600 sqft,Electronic_city,2w
13200.0,60000,Semi Furnished,2 BHK,All,Ready to Move,800 sqft,Electronic_city,2w
25000.0,100000,Fully Furnished,2 BHK,Family,Ready to Move,900 sqft,Electronic_city,2w
8000.0,30000,Unfurnished,1 BHK,All,Ready to Move,500 sqft,Electronic_city,2w
7000.0,20000,Semi Furnished,1 BHK,Family,22-Dec-24,500 sqft,Electronic_city,2w
18500.0,60000,Semi Furnished,1 BHK,All,Ready to Move,370 sqft,Electronic_city,2w
7000.0,20000,Unfurnished,1 BHK,Family,01-Jan-25,400 sqft,Electronic_city,2w
13000.0,50000,Semi Furnished,1 BHK,Family,30-Nov-24,600 sqft,Electronic_city,2w
6000.0,20000,Semi Furnished,1 BHK,All,Ready to Move,500 sqft,Electronic_city,2w
13000.0,60000,Semi Furnished,1 BHK,All,30-Dec-24,540 sqft,Electronic_city,2w
8500.0,30000,Unfurnished,1 BHK,Family,Ready to Move,450 sqft,Electronic_city,2w
11000.0,50000,Unfurnished,2 BHK,Family,Ready to Move,600 sqft,Electronic_city,2w
10500.0,40000,Unfurnished,2 BHK,All,Ready to Move,600 sqft,Electronic_city,2w
5500.0,25000,Semi Furnished,1 RK,Company,01-Dec-24,250 sqft,Electronic_city,2w
7500.0,20000,Semi Furnished,1 RK,All,Ready to Move,150 sqft,Electronic_city,2w
14000.0,70000,Unfurnished,2 BHK,Family,Ready to Move,"1,000 sqft",Electronic_city,2w
11000.0,50000,Semi Furnished,1 BHK,Family,01-Jan-25,350 sqft,Electronic_city,2w
8000.0,30000,Semi Furnished,1 BHK,Company,Ready to Move,400 sqft,Electronic_city,2w
12000.0,35000,Unfurnished,2 BHK,All,Ready to Move,600 sqft,Electronic_city,2w
11000.0,40000,Semi Furnished,1 BHK,All,01-Dec-24,500 sqft,Electronic_city,2w
7500.0,25000,Unfurnished,1 BHK,All,Ready to Move,500 sqft,Electronic_city,2w
7500.0,25000,Unfurnished,1 BHK,Family,20-Jan-25,350 sqft,Electronic_city,2w
10000.0,35000,Semi Furnished,1 BHK,All,Ready to Move,400 sqft,Electronic_city,2w
7000.0,40000,Unfurnished,1 BHK,All,01-Jan-25,400 sqft,Electronic_city,2w
10000.0,50000,Semi Furnished,1 BHK,All,01-Dec-24,450 sqft,Electronic_city,2w
6500.0,25000,Unfurnished,1 RK,Bachelor,Ready to Move,200 sqft,Electronic_city,2w
6000.0,20000,Unfurnished,1 RK,All,Ready to Move,300 sqft,Electronic_city,2w
11500.0,46000,Semi Furnished,1 BHK,Family,Ready to Move,650 sqft,Electronic_city,2w
7500.0,25000,Unfurnished,1 BHK,Family,05-Dec-24,250 sqft,Electronic_city,2w
10500.0,50000,Unfurnished,1 BHK,All,Ready to Move,500 sqft,Electronic_city,2w
7500.0,30000,Unfurnished,1 BHK,All,01-Jan-25,400 sqft,Electronic_city,2w
6000.0,15000,Semi Furnished,1 RK,Bachelor,15-Jan-25,250 sqft,Electronic_city,2w
11000.0,50000,Fully Furnished,1 BHK,Family,15-Jan-25,850 sqft,Electronic_city,2w
9000.0,30000,Unfurnished,1 BHK,Family,Ready to Move,400 sqft,Electronic_city,2w
10000.0,50000,Unfurnished,2 BHK,Family,Ready to Move,600 sqft,Electronic_city,2w
26500.0,120000,Semi Furnished,2 BHK,Family,31-Dec-24,980 sqft,Electronic_city,2w
6000.0,20000,Semi Furnished,1 RK,Bachelor,Ready to Move,300 sqft,Electronic_city,2w
8000.0,8000,Unfurnished,1 BHK,Family,Ready to Move,625 sqft,Electronic_city,2w
30000.0,100000,Fully Furnished,1 BHK,Male,Ready to Move,800 sqft,Electronic_city,2w
11200.0,40000,Semi Furnished,1 BHK,Company,Ready to Move,400 sqft,Electronic_city,2w
7500.0,25000,Unfurnished,1 BHK,Family,Ready to Move,600 sqft,Electronic_city,2w
9500.0,30000,Semi Furnished,2 BHK,All,05-Jan-25,700 sqft,Electronic_city,2w
11000.0,30000,Semi Furnished,1 BHK,Family,Ready to Move,500 sqft,Electronic_city,2w
9000.0,40000,Semi Furnished,1 BHK,Family,Ready to Move,400 sqft,Electronic_city,2w
7000.0,20000,Semi Furnished,1 BHK,All,01-Jan-25,400 sqft,Electronic_city,2w
12000.0,50000,Unfurnished,1 BHK,All,01-Dec-24,400 sqft,Electronic_city,2w
8000.0,40000,Semi Furnished,1 BHK,All,Ready to Move,550 sqft,Electronic_city,2w
17500.0,50000,Semi Furnished,1 BHK,All,01-Dec-24,700 sqft,Electronic_city,2w
7500.0,30000,Semi Furnished,1 BHK,Family,Ready to Move,380 sqft,Electronic_city,2w
9500.0,45000,Semi Furnished,1 BHK,All,Ready to Move,445 sqft,Electronic_city,2w
13500.0,50000,Semi Furnished,2 BHK,All,Ready to Move,700 sqft,Electronic_city,2w
9000.0,30000,Unfurnished,1 BHK,Family,Ready to Move,900 sqft,Electronic_city,2w
9000.0,30000,Semi Furnished,1 BHK,All,15-Dec-24,600 sqft,Electronic_city,2w
15000.0,45000,Unfurnished,1 BHK,All,Ready to Move,500 sqft,Electronic_city,2w
9000.0,40000,Semi Furnished,1 BHK,Family,Ready to Move,350 sqft,Electronic_city,2w
8500.0,30000,Unfurnished,2 BHK,All,15-Dec-24,700 sqft,Electronic_city,2w
10000.0,30000,Semi Furnished,1 BHK,Family,Ready to Move,500 sqft,Electronic_city,2w
7500.0,30000,Unfurnished,1 BHK,All,Ready to Move,400 sqft,Electronic_city,2w
6000.0,20000,Semi Furnished,1 RK,Bachelor,01-Jan-25,400 sqft,Electronic_city,2w
12000.0,50000,Unfurnished,2 BHK,Family,10-Jan-25,600 sqft,Electronic_city,2w
10000.0,30000,Fully Furnished,1 BHK,Family,30-Dec-24,300 sqft,Electronic_city,2w
5000.0,20000,Unfurnished,1 RK,Bachelor,Ready to Move,300 sqft,Electronic_city,2w
5200.0,15000,Unfurnished,1 BHK,Bachelor,01-Jan-25,450 sqft,Electronic_city,2w
17000.0,70000,Semi Furnished,2 BHK,All,Ready to Move,857 sqft,Electronic_city,2w
9000.0,25000,Semi Furnished,1 BHK,All,Ready to Move,500 sqft,Electronic_city,2w
8000.0,25000,Unfurnished,1 BHK,All,Ready to Move,600 sqft,Electronic_city,2w
15000.0,50000,Semi Furnished,1 BHK,All,Ready to Move,400 sqft,Electronic_city,2w
8200.0,40000,Unfurnished,1 BHK,Family,15-Jan-25,400 sqft,Electronic_city,2w
20000.0,220000,Semi Furnished,2 BHK,All,Ready to Move,825 sqft,Electronic_city,2w
6500.0,30000,Unfurnished,1 BHK,All,Ready to Move,400 sqft,Electronic_city,2w
20000.0,100000,Semi Furnished,3 BHK,Family,30-Nov-24,"1,200 sqft",Electronic_city,2w
12000.0,40000,Semi Furnished,2 BHK,All,Ready to Move,"1,000 sqft",Electronic_city,2w
15000.0,60000,Semi Furnished,2 BHK,All,Ready to Move,700 sqft,Electronic_city,2w
5500.0,25000,Unfurnished,1 BHK,All,01-Jan-25,450 sqft,Electronic_city,2w
20000.0,200000,Semi Furnished,2 BHK,All,Ready to Move,"1,020 sqft",Electronic_city,2w
13000.0,50000,Semi Furnished,2 BHK,Family,Ready to Move,600 sqft,Electronic_city,2w
14000.0,50000,Semi Furnished,1 BHK,Family,01-Dec-24,500 sqft,Electronic_city,2w
15000.0,150000,Semi Furnished,2 BHK,Family,05-Jan-25,800 sqft,Electronic_city,2w
9000.0,50000,Semi Furnished,1 BHK,Family,01-Jan-25,600 sqft,Electronic_city,2w
12000.0,50000,Unfurnished,2 BHK,All,Ready to Move,600 sqft,Electronic_city,2w
9000.0,30000,Unfurnished,2 BHK,Family,Ready to Move,600 sqft,Electronic_city,2w
12500.0,60000,Unfurnished,2 BHK,Family,Ready to Move,750 sqft,Electronic_city,2w
6500.0,20000,Unfurnished,1 BHK,All,Ready to Move,600 sqft,Electronic_city,2w
26000.0,70000,Semi Furnished,2 BHK,Family,Ready to Move,800 sqft,Electronic_city,2w
5000.0,30000,Unfurnished,1 BHK,All,Ready to Move,300 sqft,Electronic_city,2w
12000.0,50000,Semi Furnished,1 BHK,Family,Ready to Move,500 sqft,Electronic_city,2w
6000.0,40000,Unfurnished,1 RK,All,Ready to Move,250 sqft,Electronic_city,2w
10000.0,100000,Semi Furnished,1 BHK,All,Ready to Move,600 sqft,Electronic_city,2w
11000.0,40000,Semi Furnished,1 BHK,Family,Ready to Move,500 sqft,Electronic_city,2w
12000.0,24000,Semi Furnished,1 BHK,Family,Ready to Move,500 sqft,Electronic_city,2w
7000.0,25000,Unfurnished,1 BHK,All,Ready to Move,500 sqft,Electronic_city,2w
10000.0,30000,Unfurnished,1 BHK,Family,01-Dec-24,500 sqft,Electronic_city,2w
6000.0,15000,Unfurnished,1 BHK,All,Ready to Move,550 sqft,Electronic_city,2w
9000.0,50000,Semi Furnished,2 BHK,Family,Ready to Move,700 sqft,Electronic_city,2w
30000.0,100000,Semi Furnished,2 BHK,All,Ready to Move,800 sqft,Electronic_city,2w
8000.0,30000,Semi Furnished,1 BHK,Family,01-Dec-24,400 sqft,Electronic_city,2w
10000.0,30000,Unfurnished,1 BHK,All,Ready to Move,400 sqft,Electronic_city,2w
12000.0,40000,Semi Furnished,1 BHK,Family,Ready to Move,550 sqft,Electronic_city,2w
7500.0,45000,Fully Furnished,1 BHK,Family,Ready to Move,500 sqft,Electronic_city,2w
25000.0,50000,Fully Furnished,1 BHK,Company,Ready to Move,700 sqft,Electronic_city,2w
20000.0,50000,Semi Furnished,2 BHK,All,Ready to Move,750 sqft,Electronic_city,2w
7000.0,30000,Semi Furnished,1 BHK,All,Ready to Move,780 sqft,Electronic_city,2w
20500.0,60000,Fully Furnished,2 BHK,All,01-Jan-25,850 sqft,Electronic_city,2w
7000.0,20000,Semi Furnished,1 RK,Family,01-Jan-25,300 sqft,Electronic_city,2w
15000.0,40000,Unfurnished,1 BHK,Family,Ready to Move,400 sqft,Electronic_city,2w
14000.0,40000,Semi Furnished,1 BHK,All,Ready to Move,700 sqft,Electronic_city,2w
12000.0,40000,Semi Furnished,1 BHK,Family,02-Dec-24,450 sqft,Electronic_city,2w
13000.0,50000,Semi Furnished,2 BHK,All,Ready to Move,800 sqft,Electronic_city,2w
18000.0,100000,Semi Furnished,2 BHK,All,01-Jan-25,730 sqft,Electronic_city,2w
7000.0,20000,Semi Furnished,1 BHK,All,Ready to Move,400 sqft,Electronic_city,2w
8000.0,25000,Semi Furnished,1 BHK,Family,Ready to Move,400 sqft,Electronic_city,2w
10000.0,20000,Semi Furnished,1 BHK,All,05-Jan-25,500 sqft,Electronic_city,2w
14500.0,50000,Unfurnished,1 BHK,Family,Ready to Move,500 sqft,Electronic_city,2w
25000.0,50000,Semi Furnished,2 BHK,Family,Ready to Move,648 sqft,Electronic_city,2w
9000.0,30000,Unfurnished,1 RK,All,Ready to Move,200 sqft,Electronic_city,2w
19700.0,70000,Semi Furnished,2 BHK,All,Ready to Move,650 sqft,Electronic_city,2w
8000.0,25000,Semi Furnished,1 BHK,All,Ready to Move,400 sqft,Electronic_city,2w
8000.0,50000,Semi Furnished,1 BHK,All,Ready to Move,300 sqft,Electronic_city,2w
10000.0,40000,Unfurnished,2 BHK,Family,Ready to Move,600 sqft,Electronic_city,2w
6500.0,30000,Unfurnished,1 BHK,All,Ready to Move,450 sqft,Electronic_city,2w
20000.0,50000,Semi Furnished,2 BHK,All,Ready to Move,850 sqft,Electronic_city,2w
14000.0,30000,Semi Furnished,1 BHK,All,Ready to Move,700 sqft,Electronic_city,2w
16000.0,50000,Unfurnished,2 BHK,All,Ready to Move,"1,200 sqft",Electronic_city,2w
7000.0,30000,Unfurnished,1 BHK,Family,Ready to Move,600 sqft,Electronic_city,2w
20000.0,50000,Semi Furnished,2 BHK,Family,Ready to Move,"1,200 sqft",Electronic_city,2w
4000.0,20000,Semi Furnished,1 RK,All,01-Jan-25,250 sqft,Electronic_city,2w
30000.0,200000,Fully Furnished,3 BHK,All,Ready to Move,"1,100 sqft",Electronic_city,2w
10000.0,30000,Semi Furnished,1 BHK,All,Ready to Move,800 sqft,Electronic_city,2w
12000.0,40000,Unfurnished,2 BHK,All,Ready to Move,500 sqft,Electronic_city,2w
14000.0,50000,Unfurnished,2 BHK,All,Ready to Move,800 sqft,Electronic_city,2w
12900.0,60000,Unfurnished,1 BHK,All,Ready to Move,450 sqft,Electronic_city,2w
9500.0,50000,Unfurnished,1 BHK,Family,Ready to Move,400 sqft,Electronic_city,2w
7500.0,25000,Unfurnished,2 BHK,All,25-Dec-24,550 sqft,Electronic_city,2w
12000.0,50000,Semi Furnished,2 BHK,Family,Ready to Move,400 sqft,Electronic_city,2w
8000.0,25000,Semi Furnished,1 RK,All,Ready to Move,200 sqft,Electronic_city,2w
7500.0,30000,Unfurnished,1 BHK,All,Ready to Move,300 sqft,Electronic_city,2w
15000.0,75000,Semi Furnished,2 BHK,Family,Ready to Move,800 sqft,Electronic_city,2w
18100.0,50000,Semi Furnished,1 BHK,All,Ready to Move,480 sqft,Electronic_city,2w
7000.0,21000,Semi Furnished,1 BHK,All,Ready to Move,500 sqft,Electronic_city,2w
16000.0,30000,Semi Furnished,1 BHK,All,Ready to Move,500 sqft,Electronic_city,2w
8000.0,30000,Semi Furnished,1 BHK,All,01-Dec-24,450 sqft,Electronic_city,2w
7500.0,40000,Unfurnished,1 BHK,All,10-Dec-24,600 sqft,Electronic_city,2w
9300.0,40000,Semi Furnished,1 BHK,All,Ready to Move,600 sqft,Electronic_city,2w
7000.0,20000,Unfurnished,1 BHK,Family,01-Dec-24,400 sqft,Electronic_city,2w
16000.0,40000,Fully Furnished,1 BHK,All,Ready to Move,540 sqft,Electronic_city,2w
42000.0,240000,Semi Furnished,3 BHK,All,Ready to Move,"1,700 sqft",Electronic_city,2w
7000.0,35000,Unfurnished,2 BHK,Family,Ready to Move,600 sqft,Electronic_city,2w
10000.0,25000,Semi Furnished,1 BHK,All,Ready to Move,450 sqft,Electronic_city,2w
11500.0,50000,Semi Furnished,1 BHK,"Male, Family",Ready to Move,550 sqft,Electronic_city,2w
8000.0,50000,Unfurnished,1 BHK,All,Ready to Move,400 sqft,Electronic_city,2w
5500.0,20000,Unfurnished,1 BHK,All,Ready to Move,300 sqft,Electronic_city,2w
12900.0,60000,Semi Furnished,1 BHK,All,Ready to Move,550 sqft,Electronic_city,2w
10000.0,100000,Semi Furnished,1 BHK,All,Ready to Move,724 sqft,Electronic_city,2w
16000.0,50000,Unfurnished,2 BHK,Family,Ready to Move,600 sqft,Electronic_city,2w
12000.0,50000,Unfurnished,1 BHK,Family,Ready to Move,650 sqft,Electronic_city,2w
9000.0,30000,Unfurnished,1 BHK,Family,Ready to Move,500 sqft,Electronic_city,2w
7500.0,25000,Unfurnished,1 BHK,Family,Ready to Move,550 sqft,Electronic_city,2w
8500.0,30000,Semi Furnished,1 BHK,All,Ready to Move,500 sqft,Electronic_city,2w
7000.0,20000,Unfurnished,1 BHK,Family,24-Dec-24,400 sqft,Electronic_city,2w
10000.0,30000,Semi Furnished,1 BHK,All,Ready to Move,500 sqft,Electronic_city,2w
8500.0,20000,Semi Furnished,2 BHK,Family,Ready to Move,700 sqft,Electronic_city,2w
12000.0,50000,Semi Furnished,2 BHK,Family,Ready to Move,600 sqft,Electronic_city,2w
10000.0,30000,Semi Furnished,1 BHK,Family,Ready to Move,400 sqft,Electronic_city,2w
13000.0,40000,Unfurnished,2 BHK,Family,Ready to Move,"1,000 sqft",Electronic_city,2w
18000.0,60000,Semi Furnished,2 BHK,All,Ready to Move,"1,200 sqft",Electronic_city,2w
9250.0,45000,Semi Furnished,1 BHK,All,Ready to Move,600 sqft,Electronic_city,2w
14000.0,100000,Unfurnished,2 BHK,Family,Ready to Move,750 sqft,Electronic_city,2w
11000.0,40000,Unfurnished,1 BHK,Family,Ready to Move,500 sqft,Electronic_city,2w
20000.0,75000,Semi Furnished,2 BHK,All,Ready to Move,800 sqft,Electronic_city,2w
13500.0,50000,Unfurnished,2 BHK,Family,Ready to Move,900 sqft,Electronic_city,2w
14000.0,50000,Semi Furnished,1 BHK,Family,Ready to Move,600 sqft,Electronic_city,2w
15000.0,40000,Semi Furnished,2 BHK,Family,Ready to Move,800 sqft,Electronic_city,2w
15000.0,50000,Unfurnished,2 BHK,Family,Ready to Move,600 sqft,Electronic_city,2w
9000.0,30000,Semi Furnished,1 BHK,Family,Ready to Move,400 sqft,Electronic_city,2w
13000.0,30000,Semi Furnished,1 BHK,All,Ready to Move,500 sqft,Electronic_city,2w
7000.0,30000,Unfurnished,1 BHK,Family,Ready to Move,300 sqft,Electronic_city,2w
7500.0,25000,Unfurnished,1 BHK,All,Ready to Move,400 sqft,Electronic_city,2w
40000.0,125000,Fully Furnished,2 BHK,All,01-Jan-25,"1,080 sqft",Electronic_city,4w
32000.0,150000,Fully Furnished,3 BHK,All,30-Nov-24,"1,595 sqft",Electronic_city,4w
29500.0,180000,Semi Furnished,2 BHK,Family,Ready to Move,"1,010 sqft",Electronic_city,4w
39500.0,180000,Fully Furnished,3 BHK,Female,Ready to Move,"1,532 sqft",Electronic_city,4w
35000.0,50000,Fully Furnished,3 BHK,All,01-Dec-24,"1,360 sqft",Electronic_city,4w
18500.0,50000,Semi Furnished,2 BHK,Family,29-Nov-24,990 sqft,Electronic_city,4w
20000.0,45000,Semi Furnished,2 BHK,All,08-Dec-24,"1,156 sqft",Electronic_city,4w
32625.0,150000,Semi Furnished,2 BHK,All,Ready to Move,900 sqft,Electronic_city,4w
41500.0,250000,Semi Furnished,2 BHK,Family,01-Dec-24,"1,265 sqft",Electronic_city,4w
39500.0,200000,Semi Furnished,2 BHK,Family,01-Dec-24,"1,160 sqft",Electronic_city,4w
19500.0,50000,Semi Furnished,2 BHK,All,10-Dec-24,920 sqft,Electronic_city,4w
24000.0,100000,Semi Furnished,2 BHK,All,30-Nov-24,"1,100 sqft",Electronic_city,4w
43500.0,240000,Semi Furnished,3 BHK,Family,03-Dec-24,"1,400 sqft",Electronic_city,4w
29000.0,120000,Fully Furnished,2 BHK,All,02-Dec-24,919 sqft,Electronic_city,4w
35000.0,150000,Semi Furnished,3 BHK,Family,30-Nov-24,"1,500 sqft",Electronic_city,4w
35000.0,100000,Semi Furnished,3 BHK,Family,Ready to Move,"1,300 sqft",Electronic_city,4w
47000.0,200000,Semi Furnished,3 BHK,Family,30-Nov-24,"1,390 sqft",Electronic_city,4w
33500.0,170000,Semi Furnished,2 BHK,All,Ready to Move,"1,600 sqft",Electronic_city,4w
11000.0,50000,Semi Furnished,2 BHK,All,Ready to Move,660 sqft,Electronic_city,4w
39200.0,200000,Semi Furnished,2 BHK,Family,16-Dec-24,"1,170 sqft",Electronic_city,4w
30000.0,100000,Semi Furnished,2 BHK,Family,01-Dec-24,"1,025 sqft",Electronic_city,4w
40500.0,150000,Semi Furnished,2 BHK,Family,16-Dec-24,"1,250 sqft",Electronic_city,4w
22000.0,100000,Fully Furnished,2 BHK,Family,Ready to Move,"1,079 sqft",Electronic_city,4w
38000.0,150000,Semi Furnished,2 BHK,Family,10-Dec-24,"1,200 sqft",Electronic_city,4w
7500.0,25000,Unfurnished,1 BHK,All,Ready to Move,700 sqft,Electronic_city,4w
35000.0,150000,Semi Furnished,2 BHK,All,01-Jan-25,"1,000 sqft",Electronic_city,4w
35000.0,100000,Semi Furnished,2 BHK,All,Ready to Move,"1,105 sqft",Electronic_city,4w
50900.0,200000,Semi Furnished,3 BHK,All,16-Dec-24,"1,342 sqft",Electronic_city,4w
34850.0,150000,Semi Furnished,2 BHK,Family,Ready to Move,"1,151 sqft",Electronic_city,4w
25000.0,75000,Fully Furnished,2 BHK,"Family, Company",01-Dec-24,"1,100 sqft",Electronic_city,4w
28000.0,100000,Semi Furnished,2 BHK,All,Ready to Move,"1,100 sqft",Electronic_city,4w
38500.0,200000,Semi Furnished,3 BHK,All,Ready to Move,"1,540 sqft",Electronic_city,4w
38250.0,200000,Semi Furnished,2 BHK,Family,Ready to Move,"1,250 sqft",Electronic_city,4w
18500.0,50000,Fully Furnished,1 BHK,All,Ready to Move,400 sqft,Electronic_city,4w
25000.0,100000,Semi Furnished,2 BHK,Family,Ready to Move,"1,100 sqft",Electronic_city,4w
35000.0,190000,Fully Furnished,3 BHK,Female,Ready to Move,"1,609 sqft",Electronic_city,4w
19500.0,100000,Semi Furnished,2 BHK,Family,Ready to Move,"1,000 sqft",Electronic_city,4w
30000.0,150000,Semi Furnished,3 BHK,Family,12-Dec-24,"1,010 sqft",Electronic_city,4w
28000.0,150000,Semi Furnished,1 BHK,"Female, Family, Company",01-Dec-24,537 sqft,Electronic_city,4w
17500.0,100000,Semi Furnished,2 BHK,Family,01-Jan-25,545 sqft,Electronic_city,4w
50311.0,250000,Unfurnished,3 BHK,All,Ready to Move,"1,451 sqft",Electronic_city,4w
18000.0,70000,Semi Furnished,2 BHK,Family,15-Dec-24,800 sqft,Electronic_city,4w
32300.0,150000,Semi Furnished,3 BHK,Family,30-Nov-24,"1,575 sqft",Electronic_city,4w
50000.0,200000,Semi Furnished,3 BHK,"Family, Company",Ready to Move,"1,605 sqft",Electronic_city,4w
16000.0,100000,Semi Furnished,2 BHK,Family,Ready to Move,650 sqft,Electronic_city,4w
23500.0,100000,Semi Furnished,2 BHK,"Female, Family, Company",09-Dec-24,"1,095 sqft",Electronic_city,4w
48001.0,150000,Unfurnished,2 BHK,Family,Ready to Move,"1,164 sqft",Electronic_city,4w
34500.0,100000,Fully Furnished,3 BHK,All,Ready to Move,"1,532 sqft",Electronic_city,4w
33300.0,130000,Semi Furnished,3 BHK,"Family, Company",Ready to Move,"1,690 sqft",Electronic_city,4w
25500.0,140000,Semi Furnished,2 BHK,All,Ready to Move,"1,100 sqft",Electronic_city,4w
38500.0,100000,Semi Furnished,3 BHK,All,Ready to Move,"1,500 sqft",Electronic_city,4w
34000.0,100000,Semi Furnished,3 BHK,Family,Ready to Move,"1,500 sqft",Electronic_city,4w
22300.0,150000,Semi Furnished,2 BHK,Family,Ready to Move,719 sqft,Electronic_city,4w
29000.0,100000,Semi Furnished,3 BHK,All,04-Dec-24,936 sqft,Electronic_city,4w
19800.0,50000,Semi Furnished,2 BHK,Family,10-Jan-25,852 sqft,Electronic_city,4w
40500.0,150000,Semi Furnished,2 BHK,Family,01-Dec-24,"1,265 sqft",Electronic_city,4w
45265.0,200000,Semi Furnished,3 BHK,Family,Ready to Move,"1,755 sqft",Electronic_city,4w
22000.0,120000,Semi Furnished,2 BHK,Family,01-Dec-24,990 sqft,Electronic_city,4w
16000.0,75000,Fully Furnished,1 BHK,All,Ready to Move,697 sqft,Electronic_city,4w
21500.0,90000,Semi Furnished,2 BHK,"Family, Company",Ready to Move,"1,000 sqft",Electronic_city,4w
26700.0,125000,Fully Furnished,2 BHK,All,Ready to Move,920 sqft,Electronic_city,4w
31800.0,150000,Semi Furnished,3 BHK,Family,30-Nov-24,"1,300 sqft",Electronic_city,4w
45000.0,200000,Semi Furnished,3 BHK,Family,Ready to Move,"1,392 sqft",Electronic_city,4w
37200.0,200000,Unfurnished,2 BHK,All,Ready to Move,"1,110 sqft",Electronic_city,4w
46000.0,250000,Fully Furnished,3 BHK,"Female, Family, Company",30-Nov-24,"1,304 sqft",Electronic_city,4w
20500.0,70000,Semi Furnished,2 BHK,Family,25-Dec-24,"1,210 sqft",Electronic_city,4w
28500.0,100000,Semi Furnished,2 BHK,Company,Ready to Move,935 sqft,Electronic_city,4w
41500.0,200000,Semi Furnished,2 BHK,"Family, Company",01-Dec-24,"1,265 sqft",Electronic_city,4w
20000.0,100000,Semi Furnished,2 BHK,Family,Ready to Move,"1,280 sqft",Electronic_city,4w
17500.0,50000,Semi Furnished,2 BHK,All,09-Dec-24,800 sqft,Electronic_city,4w
31000.0,75000,Fully Furnished,2 BHK,Company,Ready to Move,"1,250 sqft",Electronic_city,4w
20000.0,75000,Fully Furnished,2 BHK,"Family, Female, Company",Ready to Move,"1,100 sqft",Electronic_city,4w
27000.0,150000,Semi Furnished,3 BHK,Family,01-Dec-24,"1,310 sqft",Electronic_city,4w
40500.0,216000,Semi Furnished,3 BHK,Family,Ready to Move,"1,357 sqft",Electronic_city,4w
20000.0,50000,Semi Furnished,1 BHK,All,05-Dec-24,665 sqft,Electronic_city,4w
28500.0,150000,Semi Furnished,2 BHK,Family,30-Nov-24,"1,190 sqft",Electronic_city,4w
26300.0,100000,Fully Furnished,3 BHK,Bachelor,Ready to Move,"1,600 sqft",Electronic_city,4w
22000.0,120000,Semi Furnished,2 BHK,Company,Ready to Move,"1,050 sqft",Electronic_city,4w
29500.0,200000,Fully Furnished,3 BHK,Family,Ready to Move,"1,280 sqft",Electronic_city,4w
32219.0,150000,Semi Furnished,2 BHK,All,Ready to Move,"1,016 sqft",Electronic_city,4w
38000.0,198000,Semi Furnished,2 BHK,All,Ready to Move,"1,110 sqft",Electronic_city,4w
60000.0,500000,Fully Furnished,3 BHK,All,Ready to Move,"1,600 sqft",Electronic_city,4w
32800.0,200000,Semi Furnished,1 BHK,All,Ready to Move,618 sqft,Electronic_city,4w
21500.0,100000,Semi Furnished,2 BHK,Family,Ready to Move,970 sqft,Electronic_city,4w
36303.0,100000,Semi Furnished,3 BHK,Family,09-Dec-24,"1,103 sqft",Electronic_city,4w
24000.0,100000,Unfurnished,2 BHK,All,01-Jan-25,"1,150 sqft",Electronic_city,4w
16500.0,70000,Semi Furnished,2 BHK,Family,01-Jan-25,545 sqft,Electronic_city,4w
26500.0,100000,Semi Furnished,2 BHK,All,01-Jan-25,"1,000 sqft",Electronic_city,4w
18500.0,75000,Semi Furnished,1 BHK,Company,Ready to Move,750 sqft,Electronic_city,4w
26000.0,100000,Semi Furnished,3 BHK,All,Ready to Move,"1,000 sqft",Electronic_city,4w
40000.0,200000,Fully Furnished,2 BHK,"Family, Bachelor",Ready to Move,"1,107 sqft",Electronic_city,4w
53000.0,288000,Fully Furnished,3 BHK,All,03-Dec-24,"1,728 sqft",Electronic_city,4w
23000.0,75000,Semi Furnished,2 BHK,Family,01-Jan-25,640 sqft,Electronic_city,4w
25000.0,200000,Fully Furnished,2 BHK,Family,Ready to Move,"1,200 sqft",Electronic_city,4w
53750.0,300000,Semi Furnished,3 BHK,Family,05-Dec-24,"1,750 sqft",Electronic_city,4w
41000.0,150000,Semi Furnished,2 BHK,Family,01-Jan-25,"1,340 sqft",Electronic_city,4w
26000.0,120000,Semi Furnished,2 BHK,Family,Ready to Move,"1,250 sqft",Electronic_city,4w
45000.0,240000,Semi Furnished,3 BHK,Family,Ready to Move,"1,449 sqft",Electronic_city,4w
27000.0,200000,Semi Furnished,1 BHK,All,30-Nov-24,"1,200 sqft",Electronic_city,4w
22000.0,100000,Semi Furnished,2 BHK,Family,Ready to Move,850 sqft,Electronic_city,4w
31500.0,140000,Semi Furnished,2 BHK,Company,Ready to Move,755 sqft,Electronic_city,4w
47550.0,200000,Semi Furnished,3 BHK,Family,Ready to Move,"1,575 sqft",Electronic_city,4w
27000.0,250000,Fully Furnished,2 BHK,Family,05-Jan-25,"1,000 sqft",Electronic_city,4w
21000.0,70000,Semi Furnished,2 BHK,Family,15-Dec-24,"1,000 sqft",Electronic_city,4w
22000.0,60000,Semi Furnished,2 BHK,All,Ready to Move,"1,000 sqft",Electronic_city,4w
40625.0,150000,Semi Furnished,3 BHK,All,15-Dec-24,"1,500 sqft",Electronic_city,4w
31200.0,150000,Semi Furnished,3 BHK,"Family, Bachelor",Ready to Move,"1,442 sqft",Electronic_city,4w
35000.0,150000,Semi Furnished,1 BHK,All,01-Dec-24,618 sqft,Electronic_city,4w
24000.0,100000,Semi Furnished,3 BHK,Family,Ready to Move,"1,200 sqft",Electronic_city,4w
28486.0,95000,Fully Furnished,2 BHK,"Female, Family, Company",20-Jan-25,"1,105 sqft",Electronic_city,4w
25000.0,100000,Semi Furnished,2 BHK,All,10-Dec-24,"1,160 sqft",Electronic_city,4w
47000.0,250000,Semi Furnished,3 BHK,"Family, Bachelor",Ready to Move,"1,640 sqft",Electronic_city,4w
27000.0,150000,Semi Furnished,1 BHK,Family,02-Jan-25,640 sqft,Electronic_city,4w
15000.0,60000,Semi Furnished,2 BHK,Family,02-Dec-24,850 sqft,Electronic_city,4w
27000.0,100000,Semi Furnished,2 BHK,Family,15-Jan-25,"1,025 sqft",Electronic_city,4w
35000.0,150000,Semi Furnished,3 BHK,Family,01-Dec-24,"1,530 sqft",Electronic_city,4w
19700.0,100000,Semi Furnished,2 BHK,Family,01-Jan-25,800 sqft,Electronic_city,4w
55000.0,250000,Semi Furnished,3 BHK,All,Ready to Move,"1,300 sqft",Electronic_city,4w
46000.0,200000,Semi Furnished,3 BHK,Family,07-Jan-25,"1,342 sqft",Electronic_city,4w
18500.0,60000,Semi Furnished,2 BHK,All,10-Dec-24,900 sqft,Electronic_city,4w
26000.0,100000,Semi Furnished,2 BHK,Family,Ready to Move,800 sqft,Electronic_city,4w
28400.0,100000,Semi Furnished,3 BHK,Family,01-Jan-25,"1,177 sqft",Electronic_city,4w
25000.0,100000,Fully Furnished,2 BHK,All,Ready to Move,"1,080 sqft",Electronic_city,4w
26500.0,120000,Semi Furnished,2 BHK,Family,29-Nov-24,"1,100 sqft",Electronic_city,4w
31500.0,180000,Semi Furnished,2 BHK,Family,Ready to Move,"1,200 sqft",Electronic_city,4w
22000.0,75000,Semi Furnished,3 BHK,Family,Ready to Move,"1,300 sqft",Electronic_city,4w
38500.0,120000,Fully Furnished,2 BHK,Family,30-Nov-24,"1,135 sqft",Electronic_city,4w
33000.0,150000,Semi Furnished,3 BHK,All,01-Dec-24,"1,010 sqft",Electronic_city,4w
25000.0,100000,Semi Furnished,2 BHK,Family,01-Dec-24,"1,135 sqft",Electronic_city,4w
28000.0,200000,Semi Furnished,3 BHK,Family,Ready to Move,"1,465 sqft",Electronic_city,4w
65500.0,300000,Semi Furnished,3 BHK,Family,17-Jan-25,"1,467 sqft",Electronic_city,4w
9000.0,25000,Semi Furnished,1 BHK,Company,Ready to Move,400 sqft,Electronic_city,4w
32000.0,120000,Semi Furnished,1 BHK,All,01-Jan-25,618 sqft,Electronic_city,4w
27000.0,150000,Semi Furnished,3 BHK,All,05-Dec-24,"1,300 sqft",Electronic_city,4w
32000.0,150000,Semi Furnished,3 BHK,Company,01-Dec-24,"1,010 sqft",Electronic_city,4w
17500.0,50000,Semi Furnished,2 BHK,All,Ready to Move,"1,040 sqft",Electronic_city,4w
27100.0,110000,Semi Furnished,2 BHK,Company,Ready to Move,"1,200 sqft",Electronic_city,4w
34200.0,100000,Fully Furnished,2 BHK,Company,Ready to Move,"1,341 sqft",Electronic_city,4w
13300.0,60000,Semi Furnished,2 BHK,All,17-Dec-24,600 sqft,Electronic_city,4w
27000.0,100000,Semi Furnished,2 BHK,Company,Ready to Move,"1,155 sqft",Electronic_city,4w
15000.0,50000,Semi Furnished,2 BHK,Company,01-Dec-24,700 sqft,Electronic_city,4w
28000.0,65000,Fully Furnished,2 BHK,Company,Ready to Move,"1,250 sqft",Electronic_city,4w
53500.0,280000,Fully Furnished,3 BHK,Family,Ready to Move,"1,679 sqft",Electronic_city,4w
50000.0,250000,Semi Furnished,3 BHK,"Family, Company",Ready to Move,"1,750 sqft",Electronic_city,4w
32000.0,100000,Fully Furnished,3 BHK,Family,Ready to Move,"1,350 sqft",Electronic_city,4w
30000.0,150000,Semi Furnished,3 BHK,Company,Ready to Move,"1,010 sqft",Electronic_city,4w
16500.0,100000,Fully Furnished,2 BHK,Family,01-Dec-24,"1,050 sqft",Electronic_city,4w
29300.0,100000,Fully Furnished,2 BHK,All,Ready to Move,"1,570 sqft",Electronic_city,4w
25000.0,110000,Semi Furnished,2 BHK,Company,Ready to Move,860 sqft,Electronic_city,4w
33000.0,150000,Fully Furnished,2 BHK,Family,01-Jan-25,"1,229 sqft",Electronic_city,4w
28000.0,100000,Semi Furnished,2 BHK,Family,Ready to Move,"1,160 sqft",Electronic_city,4w
17000.0,80000,Semi Furnished,2 BHK,Family,Ready to Move,980 sqft,Electronic_city,4w
42500.0,110000,Semi Furnished,3 BHK,All,30-Nov-24,"1,300 sqft",Electronic_city,4w
46875.0,225000,Semi Furnished,3 BHK,Family,Ready to Move,"1,490 sqft",Electronic_city,4w
35000.0,100000,Unfurnished,3 BHK,All,Ready to Move,"1,500 sqft",Electronic_city,4w
26000.0,66000,Semi Furnished,2 BHK,Family,Ready to Move,965 sqft,Electronic_city,4w
11000.0,50000,Semi Furnished,2 BHK,All,Ready to Move,550 sqft,Electronic_city,4w
30911.0,200000,Semi Furnished,2 BHK,Family,Ready to Move,"1,185 sqft",Electronic_city,4w
23500.0,75000,Semi Furnished,2 BHK,All,Ready to Move,"1,100 sqft",Electronic_city,4w
40000.0,160000,Semi Furnished,3 BHK,All,30-Nov-24,"1,500 sqft",Electronic_city,4w
29000.0,250000,Semi Furnished,3 BHK,Family,Ready to Move,"1,010 sqft",Electronic_city,4w
16300.0,150000,Semi Furnished,1 RK,All,Ready to Move,470 sqft,Electronic_city,4w
24500.0,80000,Semi Furnished,2 BHK,Family,Ready to Move,"1,225 sqft",Electronic_city,4w
50000.0,200000,Semi Furnished,3 BHK,All,22-Dec-24,"1,419 sqft",Electronic_city,4w
25000.0,100000,Semi Furnished,2 BHK,"Family, Female",Ready to Move,"1,135 sqft",Electronic_city,4w
77275.0,350000,Semi Furnished,3 BHK,Family,30-Nov-24,"1,940 sqft",Electronic_city,4w
39600.0,140000,Semi Furnished,3 BHK,Family,Ready to Move,"1,260 sqft",Electronic_city,4w
42000.0,100000,Semi Furnished,2 BHK,"Female, Family",Ready to Move,"1,258 sqft",Electronic_city,4w
27700.0,132000,Semi Furnished,2 BHK,Family,Ready to Move,"1,305 sqft",Electronic_city,4w
36000.0,150000,Fully Furnished,2 BHK,All,15-Dec-24,975 sqft,Electronic_city,4w
23000.0,150000,Semi Furnished,2 BHK,Family,01-Dec-24,"1,000 sqft",Electronic_city,4w
38500.0,200000,Semi Furnished,2 BHK,All,Ready to Move,"1,150 sqft",Electronic_city,4w
28000.0,150000,Semi Furnished,3 BHK,Family,Ready to Move,"1,320 sqft",Electronic_city,4w
43000.0,150000,Semi Furnished,2 BHK,Family,Ready to Move,"1,128 sqft",Electronic_city,4w
38000.0,120000,Semi Furnished,2 BHK,All,01-Jan-25,"1,126 sqft",Electronic_city,4w
22001.0,150000,Semi Furnished,3 BHK,All,Ready to Move,"1,400 sqft",Electronic_city,4w
16000.0,60000,Semi Furnished,2 BHK,Company,01-Dec-24,952 sqft,Electronic_city,4w
4000.0,1300000,Semi Furnished,2 BHK,All,Ready to Move,"1,390 sqft",Electronic_city,4w
31500.0,150000,Semi Furnished,3 BHK,Family,01-Dec-24,"1,285 sqft",Electronic_city,4w
22500.0,200000,Semi Furnished,2 BHK,Family,Ready to Move,900 sqft,Electronic_city,4w
41000.0,150000,Semi Furnished,2 BHK,Family,Ready to Move,"1,200 sqft",Electronic_city,4w
44000.0,200000,Unfurnished,3 BHK,All,28-Dec-24,"1,545 sqft",Electronic_city,4w
21000.0,100000,Fully Furnished,2 BHK,Family,Ready to Move,"1,065 sqft",Electronic_city,4w
30000.0,150000,Semi Furnished,2 BHK,Male,Ready to Move,"1,070 sqft",Electronic_city,4w
22000.0,528000,Semi Furnished,2 BHK,Family,Ready to Move,600 sqft,Electronic_city,4w
52000.0,180000,Semi Furnished,3 BHK,All,Ready to Move,"1,625 sqft",Electronic_city,4w
18500.0,80000,Semi Furnished,2 BHK,Family,Ready to Move,"1,200 sqft",Electronic_city,4w
42000.0,125000,Semi Furnished,3 BHK,Family,Ready to Move,"1,511 sqft",Electronic_city,4w
32000.0,120000,Semi Furnished,1 BHK,All,Ready to Move,618 sqft,Electronic_city,4w
25000.0,75000,Fully Furnished,2 BHK,All,Ready to Move,932 sqft,Electronic_city,4w
39500.0,100000,Semi Furnished,3 BHK,All,01-Jan-25,"1,500 sqft",Electronic_city,4w
71500.0,300000,Fully Furnished,3 BHK,Female,Ready to Move,"1,650 sqft",Electronic_city,4w
45000.0,150000,Fully Furnished,2 BHK,All,Ready to Move,"1,800 sqft",Electronic_city,4w
17000.0,100000,Fully Furnished,3 BHK,Company,Ready to Move,"1,800 sqft",Electronic_city,4w
33000.0,200000,Fully Furnished,2 BHK,All,Ready to Move,"1,180 sqft",Electronic_city,4w
28000.0,250000,Fully Furnished,2 BHK,Family,Ready to Move,"1,089 sqft",Electronic_city,4w
45000.0,200000,Semi Furnished,2 BHK,Company,Ready to Move,"1,249 sqft",Electronic_city,4w
71200.0,300000,Fully Furnished,3 BHK,All,Ready to Move,"1,650 sqft",Electronic_city,4w
21800.0,60000,Semi Furnished,2 BHK,Family,Ready to Move,650 sqft,Electronic_city,4w
33654.0,120000,Semi Furnished,2 BHK,Family,01-Dec-24,"1,045 sqft",Electronic_city,4w
11000.0,80000,Semi Furnished,2 BHK,Family,Ready to Move,762 sqft,Electronic_city,4w
32032.0,250000,Semi Furnished,3 BHK,Family,Ready to Move,"1,544 sqft",Electronic_city,4w
27200.0,100000,Fully Furnished,2 BHK,Family,Ready to Move,"1,055 sqft",Electronic_city,4w
51300.0,200000,Semi Furnished,3 BHK,Family,Ready to Move,"1,708 sqft",Electronic_city,4w
42000.0,200000,Semi Furnished,3 BHK,Family,Ready to Move,"1,253 sqft",Electronic_city,4w
32500.0,150000,Fully Furnished,2 BHK,Family,Ready to Move,972 sqft,Electronic_city,4w
16200.0,75000,Semi Furnished,2 BHK,All,01-Dec-24,985 sqft,Electronic_city,4w
60000.0,250000,Semi Furnished,2 BHK,All,Ready to Move,"1,359 sqft",Electronic_city,4w
28000.0,150000,Semi Furnished,3 BHK,Family,Ready to Move,"1,566 sqft",Electronic_city,4w
32750.0,150000,Semi Furnished,2 BHK,"Family, Bachelor",Ready to Move,"1,031 sqft",Electronic_city,4w
32500.0,110000,Semi Furnished,2 BHK,Family,Ready to Move,965 sqft,Electronic_city,4w
33000.0,150000,Semi Furnished,3 BHK,All,Ready to Move,"1,150 sqft",Electronic_city,4w
25001.0,150000,Semi Furnished,3 BHK,Company,Ready to Move,"1,010 sqft",Electronic_city,4w
25000.0,90000,Fully Furnished,2 BHK,Family,01-Dec-24,700 sqft,Electronic_city,4w
30000.0,150000,Semi Furnished,3 BHK,Company,Ready to Move,"1,050 sqft",Electronic_city,4w
29000.0,100000,Semi Furnished,3 BHK,Family,01-Dec-24,"1,325 sqft",Electronic_city,4w
45000.0,200000,Semi Furnished,3 BHK,Family,01-Dec-24,"1,490 sqft",Electronic_city,4w
50000.0,400000,Semi Furnished,3 BHK,Family,Ready to Move,"1,495 sqft",Electronic_city,4w
41000.0,200000,Semi Furnished,3 BHK,All,Ready to Move,"1,600 sqft",Electronic_city,4w
35000.0,150000,Semi Furnished,2 BHK,All,Ready to Move,965 sqft,Electronic_city,4w
28000.0,150000,Semi Furnished,3 BHK,Family,Ready to Move,"1,350 sqft",Electronic_city,4w
38000.0,200000,Unfurnished,3 BHK,All,Ready to Move,"1,517 sqft",Electronic_city,4w
37000.0,150000,Fully Furnished,3 BHK,Family,Ready to Move,"1,305 sqft",Electronic_city,4w
28000.0,200000,Semi Furnished,2 BHK,Family,Ready to Move,856 sqft,Electronic_city,4w
36000.0,200000,Semi Furnished,3 BHK,All,30-Nov-24,"1,517 sqft",Electronic_city,4w
28000.0,75000,Fully Furnished,2 BHK,All,Ready to Move,674 sqft,Electronic_city,4w
23500.0,50000,Fully Furnished,2 BHK,Company,Ready to Move,814 sqft,Electronic_city,4w
27500.0,150000,Fully Furnished,2 BHK,Family,Ready to Move,"1,331 sqft",Electronic_city,4w
66000.0,500000,Fully Furnished,3 BHK,Family,Ready to Move,"1,639 sqft",Electronic_city,4w
50000.0,200000,Semi Furnished,3 BHK,Family,Ready to Move,"1,395 sqft",Electronic_city,4w
31500.0,150000,Fully Furnished,3 BHK,Family,Ready to Move,"1,250 sqft",Electronic_city,4w
76000.0,255000,Fully Furnished,3 BHK,All,Ready to Move,"1,875 sqft",Electronic_city,4w
45000.0,300000,Semi Furnished,3 BHK,All,29-Nov-24,"1,500 sqft",Electronic_city,4w
22000.0,100000,Semi Furnished,2 BHK,All,Ready to Move,"1,080 sqft",Electronic_city,4w
22000.0,50000,Semi Furnished,2 BHK,Family,01-Dec-24,"1,200 sqft",Electronic_city,4w
48000.0,252000,Semi Furnished,3 BHK,All,01-Dec-24,"1,640 sqft",Electronic_city,4w
34000.0,150000,Semi Furnished,2 BHK,Family,02-Dec-24,"1,360 sqft",Electronic_city,4w
47885.0,200000,Semi Furnished,3 BHK,Family,01-Jan-25,"1,395 sqft",Electronic_city,4w
25000.0,150000,Semi Furnished,3 BHK,All,01-Dec-24,999 sqft,Electronic_city,4w
28000.0,100000,Semi Furnished,2 BHK,All,10-Jan-25,910 sqft,Electronic_city,4w
32600.0,120000,Semi Furnished,3 BHK,All,Ready to Move,"1,360 sqft",Electronic_city,4w
15000.0,50000,Semi Furnished,2 BHK,Family,07-Dec-24,"1,200 sqft",Electronic_city,4w
22050.0,80000,Fully Furnished,1 BHK,All,04-Dec-24,900 sqft,Electronic_city,4w
43750.0,250000,Fully Furnished,3 BHK,"Family, Bachelor",Ready to Move,"1,508 sqft",Electronic_city,4w
38000.0,200000,Semi Furnished,3 BHK,All,Ready to Move,"1,400 sqft",Electronic_city,4w
40000.0,200000,Unfurnished,3 BHK,Family,Ready to Move,"1,435 sqft",Electronic_city,4w
43000.0,250000,Fully Furnished,3 BHK,Family,01-Dec-24,"1,517 sqft",Electronic_city,4w
18500.0,100000,Semi Furnished,2 BHK,Family,08-Dec-24,"1,250 sqft",Electronic_city,4w
25866.0,80000,Fully Furnished,2 BHK,Family,01-Dec-24,622 sqft,Electronic_city,4w
25000.0,70000,Semi Furnished,2 BHK,Family,03-Dec-24,"1,250 sqft",Electronic_city,4w
32290.0,84000,Semi Furnished,3 BHK,Family,01-Dec-24,"1,430 sqft",Electronic_city,4w
21000.0,100000,Semi Furnished,2 BHK,Family,05-Dec-24,"1,175 sqft",Electronic_city,4w
27000.0,150000,Fully Furnished,2 BHK,Family,Ready to Move,"1,050 sqft",Electronic_city,4w
27000.0,100000,Semi Furnished,2 BHK,Family,01-Dec-24,"1,250 sqft",Electronic_city,4w
31000.0,250000,Semi Furnished,2 BHK,Family,01-Dec-24,"1,290 sqft",Electronic_city,4w
19000.0,60000,Fully Furnished,2 BHK,Family,01-Dec-24,"1,200 sqft",Electronic_city,4w
27000.0,100000,Semi Furnished,2 BHK,All,30-Nov-24,"1,140 sqft",Electronic_city,4w
45000.0,120000,Semi Furnished,3 BHK,All,Ready to Move,"1,570 sqft",Electronic_city,4w
31843.0,150000,Semi Furnished,1 BHK,All,05-Dec-24,618 sqft,Electronic_city,4w
15500.0,50000,Semi Furnished,1 BHK,Family,Ready to Move,600 sqft,Electronic_city,4w
28000.0,150000,Semi Furnished,3 BHK,Family,Ready to Move,"1,010 sqft",Electronic_city,4w
16500.0,150000,Fully Furnished,2 BHK,All,10-Dec-24,"1,100 sqft",Electronic_city,4w
27000.0,100000,Semi Furnished,2 BHK,Family,01-Dec-24,"1,055 sqft",Electronic_city,4w
21000.0,50000,Semi Furnished,2 BHK,All,07-Dec-24,600 sqft,Electronic_city,4w
18000.0,40000,Fully Furnished,1 BHK,All,06-Dec-24,450 sqft,Electronic_city,4w
31800.0,100000,Semi Furnished,3 BHK,All,02-Dec-24,"1,300 sqft",Electronic_city,4w
35500.0,100000,Semi Furnished,2 BHK,All,30-Nov-24,974 sqft,Electronic_city,4w
35000.0,300000,Semi Furnished,2 BHK,Family,Ready to Move,"1,400 sqft",Electronic_city,4w
22000.0,75000,Fully Furnished,2 BHK,Family,06-Dec-24,910 sqft,Electronic_city,4w
27000.0,50000,Fully Furnished,1 BHK,All,Ready to Move,675 sqft,Electronic_city,4w
47700.0,180000,Semi Furnished,3 BHK,All,30-Nov-24,"1,340 sqft",Electronic_city,4w
35000.0,150000,Semi Furnished,3 BHK,Family,02-Dec-24,"1,490 sqft",Electronic_city,4w
28100.0,126000,Semi Furnished,1 BHK,All,04-Dec-24,610 sqft,Electronic_city,4w
11500.0,40000,Semi Furnished,2 BHK,Family,Ready to Move,"1,125 sqft",Electronic_city,4w
27100.0,110000,Semi Furnished,2 BHK,All,Ready to Move,"1,185 sqft",Electronic_city,4w
47800.0,250000,Fully Furnished,2 BHK,All,01-Dec-24,"1,265 sqft",Electronic_city,4w
32800.0,120000,Fully Furnished,2 BHK,All,30-Nov-24,"1,141 sqft",Electronic_city,4w
13000.0,50000,Semi Furnished,2 BHK,Family,Ready to Move,900 sqft,Electronic_city,4w
25000.0,100000,Semi Furnished,2 BHK,All,03-Dec-24,"1,300 sqft",Electronic_city,4w
20500.0,100000,Semi Furnished,2 BHK,Family,01-Dec-24,"1,050 sqft",Electronic_city,4w
33000.0,150000,Fully Furnished,2 BHK,Family,Ready to Move,"1,250 sqft",Electronic_city,4w
12000.0,50000,Semi Furnished,1 BHK,Family,Ready to Move,400 sqft,Electronic_city,4w
22000.0,100000,Semi Furnished,3 BHK,All,31-Dec-24,"1,269 sqft",Electronic_city,4w
31000.0,100000,Fully Furnished,2 BHK,All,15-Dec-24,"1,031 sqft",Electronic_city,4w
45585.0,250000,Semi Furnished,2 BHK,All,01-Jan-25,"1,260 sqft",Electronic_city,4w
20000.0,80000,Semi Furnished,2 BHK,All,Ready to Move,650 sqft,Electronic_city,4w
27500.0,100000,Semi Furnished,3 BHK,All,Ready to Move,"1,010 sqft",Electronic_city,4w
35000.0,150000,Semi Furnished,2 BHK,All,30-Nov-24,"1,045 sqft",Electronic_city,4w
33333.0,150000,Semi Furnished,3 BHK,All,30-Nov-24,"1,500 sqft",Electronic_city,4w
31500.0,100000,Semi Furnished,3 BHK,Family,05-Dec-24,"1,450 sqft",Electronic_city,4w
17600.0,80000,Semi Furnished,1 BHK,All,05-Dec-24,660 sqft,Electronic_city,4w
38000.0,150000,Semi Furnished,2 BHK,All,01-Dec-24,"1,325 sqft",Electronic_city,4w
21300.0,80000,Semi Furnished,2 BHK,All,01-Dec-24,"1,000 sqft",Electronic_city,4w
50000.0,300000,Semi Furnished,3 BHK,All,Ready to Move,"1,750 sqft",Electronic_city,4w
25800.0,100000,Fully Furnished,1 BHK,"Family, Female",01-Dec-24,589 sqft,Electronic_city,4w
31000.0,110000,Fully Furnished,2 BHK,All,29-Nov-24,"1,150 sqft",Electronic_city,4w
24500.0,200000,Semi Furnished,3 BHK,Family,Ready to Move,"1,010 sqft",Electronic_city,4w
23000.0,92000,Semi Furnished,2 BHK,Family,01-Dec-24,900 sqft,Electronic_city,4w
20500.0,120000,Semi Furnished,2 BHK,Family,15-Dec-24,"1,150 sqft",Electronic_city,4w
27000.0,150000,Semi Furnished,2 BHK,Family,Ready to Move,"1,350 sqft",Electronic_city,4w
25500.0,80000,Semi Furnished,1 BHK,Family,Ready to Move,446 sqft,Electronic_city,4w
32000.0,200000,Semi Furnished,3 BHK,Family,15-Dec-24,"15,000 sqft",Electronic_city,4w
21500.0,60000,Semi Furnished,2 BHK,Family,01-Dec-24,"1,003 sqft",Electronic_city,4w
15000.0,70000,Unfurnished,2 BHK,Family,01-Jan-25,800 sqft,Electronic_city,4w
27785.0,125000,Semi Furnished,2 BHK,Family,Ready to Move,"1,190 sqft",Electronic_city,4w
20500.0,100000,Fully Furnished,2 BHK,Family,01-Dec-24,"1,130 sqft",Electronic_city,4w
30000.0,100000,Semi Furnished,2 BHK,All,30-Nov-24,900 sqft,Electronic_city,4w
25000.0,100000,Semi Furnished,2 BHK,"Family, Bachelor",01-Dec-24,"1,110 sqft",Electronic_city,4w
29000.0,250000,Semi Furnished,2 BHK,All,09-Dec-24,860 sqft,Electronic_city,4w
13000.0,125000,Semi Furnished,1 BHK,All,Ready to Move,"1,000 sqft",Electronic_city,4w
25000.0,100000,Unfurnished,1 BHK,Family,Ready to Move,680 sqft,Electronic_city,4w
8000.0,24000,Semi Furnished,1 BHK,All,Ready to Move,450 sqft,Electronic_city,4w
33900.0,200000,Semi Furnished,1 BHK,Family,Ready to Move,630 sqft,Electronic_city,4w
46000.0,250000,Semi Furnished,3 BHK,Company,01-Dec-24,"1,374 sqft",Electronic_city,4w
36000.0,200000,Semi Furnished,2 BHK,Family,Ready to Move,"1,200 sqft",Electronic_city,4w
32500.0,120000,Semi Furnished,2 BHK,Family,Ready to Move,"1,150 sqft",Electronic_city,4w
18000.0,180000,Fully Furnished,2 BHK,Family,30-Nov-24,880 sqft,Electronic_city,4w
30000.0,150000,Semi Furnished,2 BHK,All,05-Dec-24,"1,150 sqft",Electronic_city,4w
33500.0,150000,Semi Furnished,3 BHK,All,Ready to Move,"1,635 sqft",Electronic_city,4w
73500.0,0,Fully Furnished,3 BHK,All,Ready to Move,"1,795 sqft",Electronic_city,4w
28000.0,100000,Semi Furnished,2 BHK,All,Ready to Move,919 sqft,Electronic_city,4w
23000.0,70000,Semi Furnished,3 BHK,All,01-Dec-24,"1,200 sqft",Electronic_city,4w
50000.0,200000,Semi Furnished,2 BHK,Family,01-Dec-24,"1,240 sqft",Electronic_city,4w
27000.0,120000,Semi Furnished,3 BHK,Family,Ready to Move,"1,010 sqft",Electronic_city,4w
25000.0,200000,Semi Furnished,2 BHK,Family,02-Dec-24,"1,100 sqft",Electronic_city,4w
46000.0,250000,Semi Furnished,2 BHK,All,10-Dec-24,"1,227 sqft",Electronic_city,4w
27500.0,150000,Semi Furnished,3 BHK,Family,30-Nov-24,"1,340 sqft",Electronic_city,4w
40000.0,150000,Fully Furnished,2 BHK,Family,Ready to Move,"1,791 sqft",Electronic_city,4w
14500.0,50000,Semi Furnished,2 BHK,"Family, Male",Ready to Move,900 sqft,Electronic_city,4w
39000.0,200000,Semi Furnished,2 BHK,Family,Ready to Move,"1,250 sqft",Electronic_city,4w
40000.0,150000,Fully Furnished,3 BHK,All,Ready to Move,"1,560 sqft",Electronic_city,4w
9500.0,40000,Semi Furnished,2 BHK,All,30-Nov-24,650 sqft,Electronic_city,4w
27000.0,120000,Fully Furnished,2 BHK,"Family, Male",Ready to Move,"1,100 sqft",Electronic_city,4w
25000.0,75000,Semi Furnished,2 BHK,All,Ready to Move,"1,150 sqft",Electronic_city,4w
25000.0,200000,Semi Furnished,3 BHK,Family,01-Dec-24,"1,198 sqft",Electronic_city,4w
32000.0,100000,Semi Furnished,2 BHK,Family,01-Dec-24,"1,078 sqft",Electronic_city,4w
17000.0,150000,Unfurnished,2 BHK,Family,Ready to Move,700 sqft,Electronic_city,4w
38000.0,150000,Semi Furnished,2 BHK,All,Ready to Move,"1,100 sqft",Electronic_city,4w
29000.0,100000,Semi Furnished,2 BHK,Family,02-Dec-24,"1,245 sqft",Electronic_city,4w
14500.0,100000,Semi Furnished,2 BHK,All,Ready to Move,960 sqft,Electronic_city,4w
43000.0,200000,Semi Furnished,3 BHK,All,30-Nov-24,"1,750 sqft",Electronic_city,4w
50100.0,150000,Semi Furnished,3 BHK,Family,30-Nov-24,"1,380 sqft",Electronic_city,4w
22000.0,100000,Semi Furnished,1 BHK,All,Ready to Move,589 sqft,Electronic_city,4w
44000.0,100000,Semi Furnished,3 BHK,Family,10-Dec-24,"1,555 sqft",Electronic_city,4w
34000.0,150000,Semi Furnished,3 BHK,Family,Ready to Move,"1,156 sqft",Electronic_city,4w
35400.0,200000,Fully Furnished,3 BHK,All,Ready to Move,"1,200 sqft",Electronic_city,4w
26000.0,100000,Semi Furnished,1 BHK,All,30-Dec-24,755 sqft,Electronic_city,4w
20000.0,200000,Semi Furnished,1 BHK,All,01-Dec-24,700 sqft,Electronic_city,4w
44000.0,200000,Semi Furnished,3 BHK,All,15-Jan-25,"1,511 sqft",Electronic_city,4w
13000.0,40000,Semi Furnished,2 BHK,All,Ready to Move,900 sqft,Electronic_city,4w
40000.0,350000,Unfurnished,3 BHK,All,26-Dec-24,"1,517 sqft",Electronic_city,4w
44000.0,175000,Fully Furnished,3 BHK,Family,Ready to Move,"1,500 sqft",Electronic_city,4w
25000.0,50000,Fully Furnished,1 BHK,All,01-Dec-24,670 sqft,Electronic_city,4w
27500.0,150000,Semi Furnished,3 BHK,"Family, Bachelor",01-Dec-24,"1,500 sqft",Electronic_city,4w
21800.0,70000,Semi Furnished,2 BHK,Family,01-Dec-24,"1,015 sqft",Electronic_city,4w
24000.0,100000,Semi Furnished,2 BHK,Family,14-Dec-24,953 sqft,Electronic_city,4w
50000.0,150000,Semi Furnished,3 BHK,Family,Ready to Move,"1,640 sqft",Electronic_city,4w
12500.0,30000,Fully Furnished,3 BHK,All,Ready to Move,930 sqft,Electronic_city,4w
20000.0,100000,Semi Furnished,2 BHK,All,Ready to Move,860 sqft,Electronic_city,4w
44500.0,100000,Semi Furnished,3 BHK,Family,01-Dec-24,"1,650 sqft",Electronic_city,4w
28000.0,100000,Semi Furnished,2 BHK,All,Ready to Move,860 sqft,Electronic_city,4w
45000.0,200000,Semi Furnished,3 BHK,Family,Ready to Move,"1,571 sqft",Electronic_city,4w
35000.0,110000,Fully Furnished,2 BHK,Family,Ready to Move,"1,107 sqft",Electronic_city,4w
33500.0,100000,Semi Furnished,2 BHK,Family,01-Dec-24,"1,253 sqft",Electronic_city,4w
38000.0,200000,Semi Furnished,3 BHK,All,Ready to Move,"1,260 sqft",Electronic_city,4w
33400.0,150000,Semi Furnished,2 BHK,All,15-Dec-24,"1,180 sqft",Electronic_city,4w
20700.0,108000,Semi Furnished,2 BHK,"Family, Bachelor",Ready to Move,980 sqft,Electronic_city,4w
11000.0,50000,Semi Furnished,2 BHK,All,Ready to Move,700 sqft,Electronic_city,4w
48000.0,180000,Fully Furnished,3 BHK,Family,Ready to Move,"1,490 sqft",Electronic_city,4w
20000.0,200000,Semi Furnished,3 BHK,All,Ready to Move,"1,340 sqft",Electronic_city,4w
16000.0,48000,Fully Furnished,1 RK,All,Ready to Move,200 sqft,Electronic_city,4w
14000.0,40000,Semi Furnished,2 BHK,All,Ready to Move,"1,000 sqft",Electronic_city,4w
22000.0,100000,Semi Furnished,2 BHK,Family,Ready to Move,"1,125 sqft",Electronic_city,4w
50000.0,200000,Fully Furnished,3 BHK,All,Ready to Move,"1,303 sqft",Electronic_city,4w
20000.0,100000,Semi Furnished,3 BHK,All,Ready to Move,"1,400 sqft",Electronic_city,4w
30500.0,120000,Fully Furnished,2 BHK,All,01-Dec-24,"1,045 sqft",Electronic_city,4w
27700.0,200000,Fully Furnished,2 BHK,All,10-Dec-24,"1,000 sqft",Electronic_city,4w
8000.0,25000,Semi Furnished,1 BHK,All,02-Dec-24,450 sqft,Electronic_city,4w
24000.0,120000,Semi Furnished,2 BHK,Family,05-Dec-24,"1,222 sqft",Electronic_city,4w
34000.0,250000,Semi Furnished,2 BHK,Family,01-Jan-25,"1,252 sqft",Electronic_city,4w
42800.0,150000,Fully Furnished,3 BHK,Family,Ready to Move,"1,550 sqft",Electronic_city,4w
39500.0,200000,Semi Furnished,3 BHK,All,01-Jan-25,"1,660 sqft",Electronic_city,4w
35000.0,100000,Semi Furnished,2 BHK,All,01-Dec-24,"1,055 sqft",Electronic_city,4w
27000.0,70000,Semi Furnished,2 BHK,Company,Ready to Move,749 sqft,Electronic_city,4w
5000.0,15000,Unfurnished,1 RK,Bachelor,Ready to Move,150 sqft,Electronic_city,4w
25000.0,80000,Semi Furnished,3 BHK,All,Ready to Move,"1,300 sqft",Electronic_city,4w
44000.0,250000,Fully Furnished,3 BHK,All,01-Dec-24,"1,200 sqft",Electronic_city,4w
37000.0,192000,Semi Furnished,2 BHK,Family,01-Jan-25,"1,215 sqft",Electronic_city,4w
20000.0,70000,Semi Furnished,2 BHK,All,Ready to Move,900 sqft,Electronic_city,4w
41000.0,200000,Semi Furnished,3 BHK,All,01-Dec-24,"1,500 sqft",Electronic_city,4w
35000.0,100000,Semi Furnished,3 BHK,Family,Ready to Move,"1,400 sqft",Electronic_city,4w
16500.0,150000,Semi Furnished,2 BHK,All,01-Jan-25,950 sqft,Electronic_city,4w
16000.0,50000,Semi Furnished,1 BHK,All,01-Dec-24,610 sqft,Electronic_city,4w
25000.0,100000,Semi Furnished,2 BHK,Family,Ready to Move,860 sqft,Electronic_city,4w
39650.0,150000,Semi Furnished,3 BHK,Family,Ready to Move,"1,266 sqft",Electronic_city,4w
28500.0,150000,Semi Furnished,3 BHK,Family,Ready to Move,"1,290 sqft",Electronic_city,4w
25000.0,100000,Semi Furnished,2 BHK,Family,07-Dec-24,"1,200 sqft",Electronic_city,4w
20250.0,100000,Unfurnished,2 BHK,All,Ready to Move,"1,005 sqft",Electronic_city,4w
27550.0,200000,Fully Furnished,2 BHK,Family,01-Jan-25,970 sqft,Electronic_city,4w
17000.0,50000,Semi Furnished,2 BHK,All,Ready to Move,"1,000 sqft",Electronic_city,4w
30000.0,150000,Fully Furnished,1 BHK,All,01-Jan-25,630 sqft,Electronic_city,4w
20000.0,105000,Unfurnished,2 BHK,All,Ready to Move,"1,200 sqft",Electronic_city,4w
25000.0,90000,Fully Furnished,2 BHK,All,01-Jan-25,980 sqft,Electronic_city,4w
27500.0,200000,Semi Furnished,2 BHK,All,Ready to Move,"1,100 sqft",Electronic_city,4w
28000.0,160000,Semi Furnished,3 BHK,Family,Ready to Move,"1,263 sqft",Electronic_city,4w
45300.0,240000,Semi Furnished,2 BHK,Family,02-Dec-24,"1,205 sqft",Electronic_city,4w
10000.0,40000,Semi Furnished,1 BHK,Family,Ready to Move,400 sqft,Electronic_city,4w
20000.0,60000,Semi Furnished,2 BHK,Family,01-Dec-24,"1,200 sqft",Electronic_city,4w
24100.0,120000,Fully Furnished,2 BHK,All,01-Dec-24,"1,200 sqft",Electronic_city,4w
14000.0,80000,Semi Furnished,2 BHK,All,Ready to Move,730 sqft,Electronic_city,4w
40000.0,150000,Semi Furnished,2 BHK,Family,20-Jan-25,"1,265 sqft",Electronic_city,4w
55300.0,200000,Semi Furnished,3 BHK,All,Ready to Move,"1,708 sqft",Electronic_city,4w
14800.0,70000,Semi Furnished,1 BHK,All,01-Jan-25,630 sqft,Electronic_city,4w
30000.0,150000,Semi Furnished,2 BHK,Family,Ready to Move,"1,000 sqft",Electronic_city,4w
16000.0,120000,Unfurnished,2 BHK,Family,Ready to Move,965 sqft,Electronic_city,4w
16000.0,70000,Semi Furnished,2 BHK,Family,01-Dec-24,850 sqft,Electronic_city,4w
16500.0,150000,Semi Furnished,2 BHK,Family,Ready to Move,"1,080 sqft",Electronic_city,4w
24500.0,90000,Semi Furnished,2 BHK,Family,Ready to Move,"1,180 sqft",Electronic_city,4w
20000.0,100000,Semi Furnished,2 BHK,Family,Ready to Move,"1,200 sqft",Electronic_city,4w
50000.0,250000,Fully Furnished,3 BHK,Family,03-Dec-24,"1,415 sqft",Electronic_city,4w
25000.0,75000,Semi Furnished,2 BHK,Family,01-Dec-24,"1,100 sqft",Electronic_city,4w
32700.0,150000,Semi Furnished,2 BHK,Family,30-Nov-24,919 sqft,Electronic_city,4w
27000.0,110000,Semi Furnished,2 BHK,Family,01-Dec-24,"1,300 sqft",Electronic_city,4w
31500.0,75000,Semi Furnished,3 BHK,All,01-Dec-24,"2,050 sqft",Electronic_city,4w
29500.0,100000,Fully Furnished,2 BHK,Family,Ready to Move,"1,105 sqft",Electronic_city,4w
33761.0,150000,Semi Furnished,3 BHK,All,Ready to Move,"1,787 sqft",Electronic_city,4w
56000.0,300000,Semi Furnished,3 BHK,All,08-Dec-24,"1,708 sqft",Electronic_city,4w
22300.0,95000,Semi Furnished,1 BHK,Family,18-Jan-25,650 sqft,Electronic_city,4w
45000.0,120000,Fully Furnished,3 BHK,"Family, Bachelor",10-Dec-24,"1,200 sqft",Electronic_city,4w
19500.0,100000,Semi Furnished,2 BHK,All,Ready to Move,"1,087 sqft",Electronic_city,4w
38500.0,120000,Fully Furnished,2 BHK,Family,01-Dec-24,"1,178 sqft",Electronic_city,4w
7000.0,25000,Semi Furnished,1 BHK,Family,Ready to Move,400 sqft,Electronic_city,4w
20000.0,100000,Semi Furnished,2 BHK,Family,10-Dec-24,"1,025 sqft",Electronic_city,4w
30000.0,200000,Semi Furnished,3 BHK,Family,Ready to Move,"1,010 sqft",Electronic_city,4w
23000.0,80000,Semi Furnished,2 BHK,All,01-Dec-24,885 sqft,Electronic_city,4w
17000.0,100000,Semi Furnished,2 BHK,Family,Ready to Move,"1,400 sqft",Electronic_city,4w
40000.0,200000,Semi Furnished,3 BHK,Family,Ready to Move,"1,606 sqft",Electronic_city,4w
34000.0,120000,Fully Furnished,3 BHK,All,10-Jan-25,"1,605 sqft",Electronic_city,4w
30000.0,110000,Semi Furnished,3 BHK,Family,Ready to Move,"1,531 sqft",Electronic_city,4w
31000.0,90000,Semi Furnished,2 BHK,Family,01-Dec-24,679 sqft,Electronic_city,4w
43000.0,200000,Semi Furnished,3 BHK,All,30-Nov-24,"1,404 sqft",Electronic_city,4w
38300.0,200000,Semi Furnished,3 BHK,Family,Ready to Move,"1,500 sqft",Electronic_city,4w
28000.0,100000,Semi Furnished,2 BHK,All,30-Nov-24,"1,140 sqft",Electronic_city,4w
30000.0,300000,Semi Furnished,3 BHK,Family,Ready to Move,"1,550 sqft",Electronic_city,4w
6000.0,25000,Semi Furnished,1 BHK,All,Ready to Move,600 sqft,Electronic_city,4w
19500.0,55000,Semi Furnished,2 BHK,"Female, Family",Ready to Move,740 sqft,Electronic_city,4w
16500.0,150000,Semi Furnished,2 BHK,All,Ready to Move,650 sqft,Electronic_city,4w
29200.0,150000,Semi Furnished,2 BHK,Family,15-Dec-24,900 sqft,Electronic_city,4w
42500.0,200000,Fully Furnished,3 BHK,"Family, Company",Ready to Move,"1,500 sqft",Electronic_city,4w
27500.0,150001,Semi Furnished,2 BHK,All,01-Dec-24,"1,024 sqft",Electronic_city,4w
35000.0,150000,Semi Furnished,3 BHK,Family,01-Dec-24,"1,500 sqft",Electronic_city,4w
28786.0,125000,Semi Furnished,2 BHK,"Family, Female",Ready to Move,"1,165 sqft",Electronic_city,4w
14500.0,72500,Semi Furnished,1 BHK,All,Ready to Move,800 sqft,Electronic_city,4w
12000.0,30000,Semi Furnished,1 BHK,All,Ready to Move,700 sqft,Electronic_city,4w
36000.0,150000,Fully Furnished,3 BHK,All,01-Dec-24,"1,305 sqft",Electronic_city,4w
8500.0,30000,Semi Furnished,1 BHK,Family,Ready to Move,600 sqft,Electronic_city,4w
59500.0,300000,Semi Furnished,3 BHK,All,Ready to Move,"1,720 sqft",Electronic_city,4w
35800.0,100000,Semi Furnished,3 BHK,All,Ready to Move,"1,545 sqft",Electronic_city,4w
9900.0,39961,Unfurnished,1 BHK,All,15-Jan-25,575 sqft,Electronic_city,4w
24500.0,150000,Semi Furnished,2 BHK,All,Ready to Move,"1,220 sqft",Electronic_city,4w
22000.0,50000,Semi Furnished,2 BHK,Family,Ready to Move,"1,100 sqft",Electronic_city,4w
6000.0,25000,Unfurnished,2 BHK,Family,Ready to Move,500 sqft,Electronic_city,4w
6000.0,30000,Semi Furnished,2 BHK,Family,Ready to Move,600 sqft,Electronic_city,4w
29000.0,250000,Semi Furnished,2 BHK,All,01-Dec-24,860 sqft,Electronic_city,4w
33500.0,150000,Unfurnished,2 BHK,All,Ready to Move,"1,150 sqft",Electronic_city,4w
50000.0,300000,Fully Furnished,3 BHK,All,01-Dec-24,"1,445 sqft",Electronic_city,4w
17000.0,40000,Semi Furnished,2 BHK,Family,Ready to Move,930 sqft,Electronic_city,4w
10000.0,40000,Unfurnished,1 BHK,All,Ready to Move,500 sqft,Electronic_city,4w
30000.0,150000,Semi Furnished,2 BHK,All,15-Dec-24,755 sqft,Electronic_city,4w
18000.0,150000,Semi Furnished,3 BHK,All,Ready to Move,"1,000 sqft",Electronic_city,4w
20000.0,60000,Semi Furnished,2 BHK,All,Ready to Move,"1,200 sqft",Electronic_city,4w
17500.0,60000,Semi Furnished,1 RK,All,Ready to Move,470 sqft,Electronic_city,4w
43200.0,300000,Fully Furnished,2 BHK,Family,01-Dec-24,"1,250 sqft",Electronic_city,4w
20100.0,80000,Semi Furnished,2 BHK,All,Ready to Move,"1,146 sqft",Electronic_city,4w
42000.0,150000,Semi Furnished,3 BHK,All,Ready to Move,"1,500 sqft",Electronic_city,4w
22500.0,50000,Fully Furnished,1 BHK,All,Ready to Move,500 sqft,Electronic_city,4w
21671.0,100000,Semi Furnished,3 BHK,All,Ready to Move,"1,300 sqft",Electronic_city,4w
37000.0,180000,Semi Furnished,3 BHK,Family,01-Jan-25,"1,440 sqft",Electronic_city,4w
23750.0,100000,Semi Furnished,2 BHK,Family,Ready to Move,918 sqft,Electronic_city,4w
30000.0,280000,Semi Furnished,2 BHK,Family,Ready to Move,"1,035 sqft",Electronic_city,4w
27500.0,100000,Fully Furnished,2 BHK,All,20-Jan-25,"1,180 sqft",Electronic_city,4w
19250.0,75000,Semi Furnished,2 BHK,Family,Ready to Move,"1,080 sqft",Electronic_city,4w
40000.0,160000,Semi Furnished,2 BHK,All,30-Nov-24,"1,060 sqft",Electronic_city,4w
12000.0,75000,Unfurnished,2 BHK,Family,Ready to Move,600 sqft,Electronic_city,4w
8000.0,40000,Unfurnished,1 BHK,Family,Ready to Move,300 sqft,Electronic_city,4w
70000.0,360000,Fully Furnished,3 BHK,Family,Ready to Move,"1,605 sqft",Electronic_city,4w
48000.0,200000,Semi Furnished,3 BHK,All,Ready to Move,"1,713 sqft",Electronic_city,4w
7500.0,20000,Semi Furnished,1 BHK,Family,Ready to Move,450 sqft,Electronic_city,4w
40000.0,100000,Semi Furnished,2 BHK,Family,16-Dec-24,"1,016 sqft",Electronic_city,4w
18000.0,75000,Unfurnished,2 BHK,Family,Ready to Move,"1,000 sqft",Electronic_city,4w
49000.0,250000,Semi Furnished,3 BHK,Family,17-Dec-24,"1,359 sqft",Electronic_city,4w
15000.0,40000,Fully Furnished,1 BHK,Family,30-Nov-24,"1,200 sqft",Electronic_city,4w
58000.0,250000,Semi Furnished,2 BHK,All,Ready to Move,"1,391 sqft",Electronic_city,4w
24500.0,75000,Semi Furnished,2 BHK,Family,01-Jan-25,"1,160 sqft",Electronic_city,4w
10500.0,50000,Unfurnished,2 BHK,Family,Ready to Move,750 sqft,Electronic_city,4w
14000.0,100000,Semi Furnished,2 BHK,All,Ready to Move,"1,100 sqft",Electronic_city,4w
13000.0,45000,Semi Furnished,2 BHK,Family,Ready to Move,"1,200 sqft",Electronic_city,4w
22500.0,100000,Fully Furnished,2 BHK,Family,20-Dec-24,"1,180 sqft",Electronic_city,4w
37500.0,150000,Semi Furnished,2 BHK,Family,15-Dec-24,"1,150 sqft",Electronic_city,4w
25000.0,100000,Semi Furnished,1 BHK,Family,01-Jan-25,695 sqft,Electronic_city,4w
6500.0,15000,Unfurnished,1 BHK,All,Ready to Move,360 sqft,Electronic_city,4w
42000.0,150000,Fully Furnished,3 BHK,Company,01-Dec-24,"1,300 sqft",Electronic_city,4w
20000.0,1,Semi Furnished,1 BHK,All,Ready to Move,550 sqft,Electronic_city,4w
46000.0,200000,Semi Furnished,3 BHK,Family,Ready to Move,"1,266 sqft",Electronic_city,4w
50800.0,300000,Fully Furnished,2 BHK,All,01-Dec-24,"1,450 sqft",Electronic_city,4w
17000.0,50000,Unfurnished,2 BHK,All,Ready to Move,"1,200 sqft",Electronic_city,4w
28000.0,100000,Semi Furnished,2 BHK,Family,Ready to Move,"1,100 sqft",Electronic_city,4w
22000.0,120000,Semi Furnished,1 BHK,All,01-Jan-25,610 sqft,Electronic_city,4w
30000.0,150000,Unfurnished,2 BHK,Family,Ready to Move,"1,078 sqft",Electronic_city,4w
26500.0,150000,Semi Furnished,3 BHK,Family,Ready to Move,"1,288 sqft",Electronic_city,4w
23500.0,70000,Semi Furnished,2 BHK,All,Ready to Move,"1,000 sqft",Electronic_city,4w
30000.0,100000,Semi Furnished,2 BHK,All,Ready to Move,"1,000 sqft",Electronic_city,4w
10000.0,30000,Semi Furnished,1 BHK,All,10-Jan-25,500 sqft,Electronic_city,4w
18000.0,75000,Semi Furnished,2 BHK,Family,Ready to Move,750 sqft,Electronic_city,4w
26850.0,150000,Semi Furnished,3 BHK,Family,Ready to Move,"1,210 sqft",Electronic_city,4w
45000.0,200000,Semi Furnished,3 BHK,All,01-Dec-24,"1,451 sqft",Electronic_city,4w
40500.0,150000,Fully Furnished,3 BHK,All,Ready to Move,"1,159 sqft",Electronic_city,4w
17000.0,50000,Semi Furnished,2 BHK,Family,Ready to Move,900 sqft,Electronic_city,4w
25921.0,100000,Semi Furnished,2 BHK,All,01-Jan-25,"1,000 sqft",Electronic_city,4w
21000.0,100000,Semi Furnished,2 BHK,All,01-Dec-24,"1,090 sqft",Electronic_city,4w
30500.0,100000,Fully Furnished,2 BHK,Family,15-Jan-25,"1,129 sqft",Electronic_city,4w
26500.0,150000,Semi Furnished,2 BHK,All,15-Dec-24,"1,350 sqft",Electronic_city,4w
25000.0,250000,Semi Furnished,2 BHK,All,16-Dec-24,"1,200 sqft",Electronic_city,4w
30000.0,100000,Semi Furnished,2 BHK,Family,Ready to Move,"1,152 sqft",Electronic_city,4w
31000.0,150000,Semi Furnished,3 BHK,All,30-Nov-24,"1,010 sqft",Electronic_city,4w
28000.0,200000,Fully Furnished,2 BHK,Bachelor,Ready to Move,"1,150 sqft",Electronic_city,4w
28000.0,150000,Semi Furnished,3 BHK,Family,Ready to Move,"1,284 sqft",Electronic_city,4w
75000.0,350000,Semi Furnished,3 BHK,Family,10-Dec-24,"1,700 sqft",Electronic_city,4w
24000.0,80000,Semi Furnished,2 BHK,Family,02-Dec-24,995 sqft,Electronic_city,4w
22500.0,100000,Semi Furnished,3 BHK,"Family, Bachelor",Ready to Move,"1,195 sqft",Electronic_city,4w
54600.0,500000,Semi Furnished,3 BHK,All,01-Jan-25,"1,845 sqft",Electronic_city,4w
14500.0,100000,Semi Furnished,2 BHK,Family,Ready to Move,900 sqft,Electronic_city,4w
20000.0,108000,Fully Furnished,2 BHK,Family,Ready to Move,850 sqft,Electronic_city,4w
50000.0,200000,Fully Furnished,3 BHK,All,Ready to Move,"1,640 sqft",Electronic_city,4w
40000.0,150000,Semi Furnished,3 BHK,All,01-Dec-24,"1,505 sqft",Electronic_city,4w
6500.0,25000,Semi Furnished,1 RK,All,Ready to Move,300 sqft,Electronic_city,4w
20000.0,100000,Semi Furnished,2 BHK,All,02-Dec-24,925 sqft,Electronic_city,4w
46250.0,200000,Semi Furnished,3 BHK,Family,10-Jan-25,"1,297 sqft",Electronic_city,4w
28000.0,150000,Semi Furnished,2 BHK,Company,Ready to Move,"1,100 sqft",Electronic_city,4w
25000.0,150000,Semi Furnished,3 BHK,All,Ready to Move,"1,100 sqft",Electronic_city,4w
17300.0,60000,Semi Furnished,1 BHK,Family,31-Dec-24,750 sqft,Electronic_city,4w
57500.0,200000,Semi Furnished,3 BHK,All,01-Dec-24,"1,600 sqft",Electronic_city,4w
22999.0,50000,Fully Furnished,1 BHK,All,Ready to Move,450 sqft,Electronic_city,4w
21800.0,70000,Semi Furnished,2 BHK,Family,Ready to Move,"1,015 sqft",Electronic_city,4w
30000.0,56000,Semi Furnished,2 BHK,All,01-Jan-25,"1,000 sqft",Electronic_city,4w
21500.0,100000,Semi Furnished,2 BHK,Family,Ready to Move,"1,029 sqft",Electronic_city,4w
11000.0,25000,Semi Furnished,2 BHK,All,Ready to Move,600 sqft,Electronic_city,4w
27000.0,125000,Semi Furnished,2 BHK,Family,Ready to Move,"1,130 sqft",Electronic_city,4w
15000.0,150000,Semi Furnished,2 BHK,Family,10-Dec-24,861 sqft,Electronic_city,4w
28000.0,100000,Fully Furnished,2 BHK,Family,10-Jan-25,"1,129 sqft",Electronic_city,4w
34500.0,250000,Semi Furnished,2 BHK,All,30-Nov-24,"1,048 sqft",Electronic_city,4w
53000.0,200000,Semi Furnished,3 BHK,Family,Ready to Move,"1,495 sqft",Electronic_city,4w
45000.0,250000,Semi Furnished,3 BHK,All,01-Dec-24,"1,330 sqft",Electronic_city,4w
7500.0,20000,Semi Furnished,1 BHK,All,01-Jan-25,650 sqft,Electronic_city,4w
25000.0,100000,Semi Furnished,2 BHK,Family,Ready to Move,865 sqft,Electronic_city,4w
25000.0,60000,Semi Furnished,3 BHK,Family,01-Dec-24,"1,112 sqft",Electronic_city,4w
29000.0,100000,Semi Furnished,2 BHK,Family,10-Dec-24,"1,154 sqft",Electronic_city,4w
45000.0,160000,Semi Furnished,3 BHK,Family,01-Dec-24,"1,765 sqft",Electronic_city,4w
37000.0,160000,Semi Furnished,3 BHK,Family,13-Dec-24,"1,435 sqft",Electronic_city,4w
33400.0,150000,Semi Furnished,2 BHK,"Family, Female",01-Dec-24,"1,044 sqft",Electronic_city,4w
10000.0,40000,Unfurnished,1 BHK,Family,Ready to Move,500 sqft,Electronic_city,4w
9000.0,40000,Unfurnished,1 BHK,Family,Ready to Move,450 sqft,Electronic_city,4w
40000.0,200000,Semi Furnished,3 BHK,Family,Ready to Move,"1,500 sqft",Electronic_city,4w
25000.0,90000,Semi Furnished,2 BHK,Family,01-Jan-25,870 sqft,Electronic_city,4w
32000.0,200000,Semi Furnished,2 BHK,All,Ready to Move,"1,010 sqft",Electronic_city,4w
31500.0,150000,Unfurnished,3 BHK,Family,06-Dec-24,"1,214 sqft",Electronic_city,4w
6500.0,25000,Semi Furnished,2 BHK,Bachelor,Ready to Move,700 sqft,Electronic_city,4w
32000.0,150000,Semi Furnished,2 BHK,All,Ready to Move,"1,103 sqft",Electronic_city,4w
34400.0,150000,Fully Furnished,2 BHK,All,01-Dec-24,866 sqft,Electronic_city,4w
21000.0,100000,Semi Furnished,2 BHK,Family,Ready to Move,900 sqft,Electronic_city,4w
24800.0,75000,Semi Furnished,3 BHK,Family,Ready to Move,"1,375 sqft",Electronic_city,4w
30000.0,150000,Semi Furnished,2 BHK,All,Ready to Move,"1,025 sqft",Electronic_city,4w
28570.0,200000,Semi Furnished,2 BHK,Family,Ready to Move,"1,190 sqft",Electronic_city,4w
14000.0,70000,Semi Furnished,2 BHK,Family,10-Jan-25,"1,200 sqft",Electronic_city,4w
16500.0,50000,Semi Furnished,2 BHK,Family,Ready to Move,590 sqft,Electronic_city,4w
16250.0,70000,Unfurnished,2 BHK,Family,Ready to Move,940 sqft,Electronic_city,4w
24000.0,240000,Semi Furnished,2 BHK,Family,01-Jan-25,775 sqft,Electronic_city,4w
37500.0,200000,Semi Furnished,3 BHK,All,30-Nov-24,"1,560 sqft",Electronic_city,4w
23000.0,120000,Semi Furnished,2 BHK,Family,Ready to Move,"1,115 sqft",Electronic_city,4w
39000.0,200000,Semi Furnished,2 BHK,Family,Ready to Move,"1,400 sqft",Electronic_city,4w
21000.0,100000,Semi Furnished,2 BHK,All,Ready to Move,980 sqft,Electronic_city,4w
10000.0,50000,Semi Furnished,2 BHK,Family,15-Dec-24,600 sqft,Electronic_city,4w
15000.0,50000,Semi Furnished,2 BHK,All,01-Dec-24,700 sqft,Electronic_city,4w
47500.0,150000,Semi Furnished,2 BHK,All,Ready to Move,"1,108 sqft",Electronic_city,4w
10000.0,50000,Unfurnished,1 BHK,Family,01-Jan-25,500 sqft,Electronic_city,4w
26000.0,240000,Semi Furnished,2 BHK,All,Ready to Move,"1,200 sqft",Electronic_city,4w
45000.0,450000,Semi Furnished,3 BHK,All,03-Dec-24,"1,580 sqft",Electronic_city,4w
16500.0,100000,Semi Furnished,1 BHK,All,01-Dec-24,700 sqft,Electronic_city,4w
16800.0,80000,Semi Furnished,2 BHK,Family,15-Jan-25,945 sqft,Electronic_city,4w
51300.0,180000,Semi Furnished,3 BHK,Family,Ready to Move,"1,595 sqft",Electronic_city,4w
7001.0,39998,Semi Furnished,1 BHK,Family,Ready to Move,"1,200 sqft",Electronic_city,4w
55000.0,250000,Semi Furnished,3 BHK,All,30-Nov-24,"1,520 sqft",Electronic_city,4w
22000.0,140000,Semi Furnished,3 BHK,All,Ready to Move,"1,400 sqft",Electronic_city,4w
35000.0,250000,Semi Furnished,3 BHK,All,Ready to Move,"1,400 sqft",Electronic_city,4w
27000.0,100000,Fully Furnished,3 BHK,All,Ready to Move,999 sqft,Electronic_city,4w
50000.0,270000,Semi Furnished,2 BHK,Family,Ready to Move,911 sqft,Electronic_city,4w
30000.0,180000,Semi Furnished,3 BHK,"Family, Female, Company",Ready to Move,"1,010 sqft",Electronic_city,4w
31500.0,120000,Fully Furnished,2 BHK,All,07-Jan-25,"1,089 sqft",Electronic_city,4w
8000.0,30000,Semi Furnished,1 BHK,Family,Ready to Move,500 sqft,Electronic_city,4w
60000.0,150000,Fully Furnished,3 BHK,Family,Ready to Move,"1,470 sqft",Electronic_city,4w
24000.0,100000,Semi Furnished,2 BHK,Family,Ready to Move,"1,053 sqft",Electronic_city,4w
33800.0,180000,Semi Furnished,2 BHK,All,01-Dec-24,"1,239 sqft",Electronic_city,4w
14000.0,50000,Semi Furnished,2 BHK,Family,01-Dec-24,800 sqft,Electronic_city,4w
27500.0,100000,Semi Furnished,1 BHK,All,20-Dec-24,590 sqft,Electronic_city,4w
24600.0,132000,Semi Furnished,2 BHK,All,Ready to Move,965 sqft,Electronic_city,4w
21750.0,80000,Semi Furnished,2 BHK,Family,Ready to Move,995 sqft,Electronic_city,4w
25000.0,100000,Semi Furnished,2 BHK,Family,Ready to Move,950 sqft,Electronic_city,4w
9500.0,50000,Semi Furnished,1 BHK,All,Ready to Move,400 sqft,Electronic_city,4w
9500.0,72000,Semi Furnished,1 BHK,All,06-Dec-24,580 sqft,Electronic_city,4w
8500.0,40000,Unfurnished,2 BHK,All,Ready to Move,550 sqft,Electronic_city,4w
18000.0,50000,Fully Furnished,1 BHK,All,01-Jan-25,500 sqft,Electronic_city,4w
22600.0,60000,Semi Furnished,2 BHK,Family,Ready to Move,"1,080 sqft",Electronic_city,4w
26500.0,100000,Semi Furnished,3 BHK,All,Ready to Move,"1,290 sqft",Electronic_city,4w
76000.0,420000,Fully Furnished,3 BHK,All,01-Dec-24,"1,605 sqft",Electronic_city,4w
20000.0,50000,Fully Furnished,2 BHK,Family,Ready to Move,800 sqft,Electronic_city,4w
22000.0,100000,Semi Furnished,2 BHK,All,Ready to Move,"1,200 sqft",Electronic_city,4w
10000.0,50000,Semi Furnished,1 BHK,All,Ready to Move,600 sqft,Electronic_city,4w
9000.0,30000,Semi Furnished,2 BHK,All,Ready to Move,660 sqft,Electronic_city,4w
36500.0,200000,Semi Furnished,2 BHK,Family,01-Jan-25,964 sqft,Electronic_city,4w
41500.0,200000,Fully Furnished,3 BHK,All,01-Dec-24,"1,840 sqft",Electronic_city,4w
23000.0,50000,Semi Furnished,2 BHK,All,Ready to Move,"1,100 sqft",Electronic_city,4w
51000.0,200000,Fully Furnished,2 BHK,All,Ready to Move,"1,215 sqft",Electronic_city,4w
20000.0,100000,Fully Furnished,2 BHK,Family,Ready to Move,900 sqft,Electronic_city,4w
40000.0,150000,Semi Furnished,3 BHK,All,02-Dec-24,"1,335 sqft",Electronic_city,4w
31500.0,100000,Fully Furnished,2 BHK,All,07-Dec-24,"1,200 sqft",Electronic_city,4w
8000.0,50000,Semi Furnished,1 BHK,All,Ready to Move,500 sqft,Electronic_city,4w
38000.0,200000,Semi Furnished,2 BHK,Family,Ready to Move,"1,055 sqft",Electronic_city,4w
38000.0,200000,Semi Furnished,3 BHK,Family,Ready to Move,"1,350 sqft",Electronic_city,4w
28000.0,100000,Semi Furnished,3 BHK,All,Ready to Move,"1,010 sqft",Electronic_city,4w
34500.0,150000,Semi Furnished,3 BHK,All,Ready to Move,"1,395 sqft",Electronic_city,4w
16000.0,50000,Fully Furnished,2 BHK,All,01-Dec-24,"1,010 sqft",Electronic_city,4w
23000.0,200000,Semi Furnished,2 BHK,Family,Ready to Move,"1,200 sqft",Electronic_city,4w
22500.0,110000,Fully Furnished,2 BHK,Family,Ready to Move,"1,260 sqft",Electronic_city,4w
44500.0,250000,Semi Furnished,3 BHK,All,05-Dec-24,"1,508 sqft",Electronic_city,4w
12000.0,50000,Unfurnished,2 BHK,Family,Ready to Move,"1,100 sqft",Electronic_city,4w
45000.0,200000,Unfurnished,2 BHK,All,Ready to Move,"1,085 sqft",Electronic_city,4w
25000.0,100000,Semi Furnished,2 BHK,All,01-Dec-24,862 sqft,Electronic_city,4w
23200.0,80000,Unfurnished,2 BHK,Family,Ready to Move,"1,200 sqft",Electronic_city,4w
21000.0,100000,Semi Furnished,2 BHK,Family,Ready to Move,"1,000 sqft",Electronic_city,4w
19999.0,75000,Semi Furnished,2 BHK,Family,Ready to Move,900 sqft,Electronic_city,4w
24300.0,100000,Fully Furnished,1 BHK,"Family, Female",01-Dec-24,600 sqft,Electronic_city,4w
24700.0,100000,Semi Furnished,2 BHK,Family,Ready to Move,"1,130 sqft",Electronic_city,4w
58215.0,250000,Fully Furnished,3 BHK,All,03-Dec-24,"1,297 sqft",Electronic_city,4w
15100.0,120000,Semi Furnished,1 BHK,All,15-Dec-24,605 sqft,Electronic_city,4w
44000.0,150000,Semi Furnished,3 BHK,All,Ready to Move,"1,460 sqft",Electronic_city,4w
41000.0,106500,Semi Furnished,3 BHK,All,Ready to Move,"1,300 sqft",Electronic_city,4w
26000.0,100000,Semi Furnished,2 BHK,All,Ready to Move,"1,120 sqft",Electronic_city,4w
19800.0,50000,Fully Furnished,3 BHK,All,Ready to Move,"1,450 sqft",Electronic_city,4w
48250.0,250000,Semi Furnished,3 BHK,Family,01-Jan-25,"1,660 sqft",Electronic_city,4w
31500.0,280000,Semi Furnished,2 BHK,Family,Ready to Move,"1,200 sqft",Electronic_city,4w
42260.0,200000,Semi Furnished,3 BHK,Family,01-Dec-24,"1,860 sqft",Electronic_city,4w
10000.0,30000,Semi Furnished,1 BHK,All,Ready to Move,400 sqft,Electronic_city,4w
9500.0,40000,Unfurnished,1 BHK,Company,Ready to Move,720 sqft,Electronic_city,4w
17000.0,50000,Unfurnished,2 BHK,All,Ready to Move,650 sqft,Electronic_city,4w
24000.0,150000,Semi Furnished,3 BHK,Family,30-Nov-24,908 sqft,Electronic_city,4w
34000.0,150000,Semi Furnished,3 BHK,Family,01-Dec-24,"1,600 sqft",Electronic_city,4w
25500.0,100000,Fully Furnished,3 BHK,Family,01-Dec-24,"1,525 sqft",Electronic_city,4w
25500.0,150000,Semi Furnished,2 BHK,Family,15-Dec-24,"1,005 sqft",Electronic_city,4w
40000.0,200000,Semi Furnished,3 BHK,Family,Ready to Move,"1,563 sqft",Electronic_city,4w
38000.0,160000,Semi Furnished,3 BHK,Family,Ready to Move,"1,560 sqft",Electronic_city,4w
38225.0,100000,Semi Furnished,2 BHK,Family,Ready to Move,"1,250 sqft",Electronic_city,4w
25000.0,150000,Semi Furnished,2 BHK,Family,Ready to Move,"1,145 sqft",Electronic_city,4w
23200.0,100000,Fully Furnished,2 BHK,All,Ready to Move,"1,060 sqft",Electronic_city,4w
37500.0,100000,Semi Furnished,2 BHK,All,01-Jan-25,"1,105 sqft",Electronic_city,4w
15900.0,50000,Semi Furnished,2 BHK,Family,Ready to Move,650 sqft,Electronic_city,4w
8000.0,25000,Unfurnished,1 BHK,All,Ready to Move,400 sqft,Electronic_city,4w
25000.0,240000,Semi Furnished,2 BHK,Family,Ready to Move,"1,260 sqft",Electronic_city,4w
30000.0,150000,Semi Furnished,2 BHK,Family,Ready to Move,"1,078 sqft",Electronic_city,4w
19000.0,90000,Fully Furnished,3 BHK,All,30-Nov-24,"1,300 sqft",Electronic_city,4w
11000.0,80000,Fully Furnished,2 BHK,Family,Ready to Move,600 sqft,Electronic_city,4w
29000.0,100000,Unfurnished,3 BHK,Family,Ready to Move,"1,545 sqft",Electronic_city,4w
49000.0,210000,Semi Furnished,3 BHK,All,Ready to Move,"1,565 sqft",Electronic_city,4w
40000.0,200000,Semi Furnished,2 BHK,Family,Ready to Move,"1,300 sqft",Electronic_city,4w
18000.0,100000,Semi Furnished,2 BHK,All,25-Dec-24,920 sqft,Electronic_city,4w
40000.0,105000,Semi Furnished,3 BHK,Family,31-Dec-24,"1,500 sqft",Electronic_city,4w
7500.0,25000,Semi Furnished,1 BHK,All,Ready to Move,420 sqft,Electronic_city,4w
34100.0,160000,Semi Furnished,3 BHK,All,30-Nov-24,"1,200 sqft",Electronic_city,4w
17200.0,100000,Semi Furnished,2 BHK,All,Ready to Move,650 sqft,Electronic_city,4w
27000.0,150000,Semi Furnished,3 BHK,Family,Ready to Move,"1,010 sqft",Electronic_city,4w
30000.0,180000,Unfurnished,3 BHK,Family,Ready to Move,"1,200 sqft",Electronic_city,4w
30000.0,150000,Semi Furnished,2 BHK,Family,Ready to Move,"1,070 sqft",Electronic_city,4w
40000.0,150000,Semi Furnished,3 BHK,Family,Ready to Move,"1,481 sqft",Electronic_city,4w
72000.0,150000,Fully Furnished,3 BHK,All,Ready to Move,"1,803 sqft",Electronic_city,4w
27000.0,80000,Semi Furnished,2 BHK,Family,Ready to Move,"1,050 sqft",Electronic_city,4w
17000.0,120000,Semi Furnished,2 BHK,All,Ready to Move,"1,100 sqft",Electronic_city,4w
45000.0,200000,Unfurnished,3 BHK,All,Ready to Move,"1,500 sqft",Electronic_city,4w
27500.0,150000,Semi Furnished,2 BHK,Family,01-Dec-24,"1,235 sqft",Electronic_city,4w
6000.0,25000,Unfurnished,1 BHK,All,Ready to Move,500 sqft,Electronic_city,4w
13000.0,100000,Semi Furnished,1 BHK,All,Ready to Move,350 sqft,Electronic_city,4w
14500.0,50000,Semi Furnished,2 BHK,Family,Ready to Move,650 sqft,Electronic_city,4w
31000.0,100000,Fully Furnished,3 BHK,All,Ready to Move,"1,500 sqft",Electronic_city,4w
32000.0,70000,Semi Furnished,2 BHK,All,Ready to Move,"1,000 sqft",Electronic_city,4w
25375.0,100000,Semi Furnished,2 BHK,All,Ready to Move,"1,250 sqft",Electronic_city,4w
17500.0,30000,Semi Furnished,2 BHK,Family,Ready to Move,"1,000 sqft",Electronic_city,4w
38300.0,100000,Semi Furnished,2 BHK,All,Ready to Move,"1,356 sqft",Electronic_city,4w
13000.0,50000,Unfurnished,2 BHK,All,Ready to Move,800 sqft,Electronic_city,4w
26500.0,100000,Fully Furnished,2 BHK,Family,01-Dec-24,990 sqft,Electronic_city,4w
31500.0,100000,Semi Furnished,2 BHK,All,Ready to Move,"1,100 sqft",Electronic_city,4w
6000.0,30000,Unfurnished,1 RK,All,Ready to Move,200 sqft,Electronic_city,4w
26000.0,100000,Semi Furnished,2 BHK,All,Ready to Move,"1,180 sqft",Electronic_city,4w
17000.0,200000,Semi Furnished,2 BHK,All,Ready to Move,650 sqft,Electronic_city,4w
24000.0,120000,Semi Furnished,2 BHK,Family,01-Dec-24,"1,200 sqft",Electronic_city,4w
20000.0,2000000,Semi Furnished,2 BHK,All,Ready to Move,700 sqft,Electronic_city,4w
33000.0,150000,Semi Furnished,3 BHK,All,30-Nov-24,"1,185 sqft",Electronic_city,4w
30500.0,150000,Semi Furnished,3 BHK,All,Ready to Move,"1,040 sqft",Electronic_city,4w
22500.0,78000,Semi Furnished,2 BHK,Family,Ready to Move,"1,104 sqft",Electronic_city,4w
26000.0,100000,Semi Furnished,2 BHK,Family,15-Dec-24,"1,040 sqft",Electronic_city,4w
1400.0,40000,Unfurnished,2 BHK,Family,Ready to Move,800 sqft,Electronic_city,4w
6000.0,30000,Semi Furnished,1 RK,All,Ready to Move,300 sqft,Electronic_city,4w
41000.0,200000,Semi Furnished,3 BHK,All,Ready to Move,"1,249 sqft",Electronic_city,4w
50000.0,250000,Semi Furnished,3 BHK,All,Ready to Move,"1,450 sqft",Electronic_city,4w
49700.0,200000,Semi Furnished,3 BHK,Family,Ready to Move,"2,100 sqft",Electronic_city,4w
35000.0,300000,Semi Furnished,3 BHK,Family,Ready to Move,"1,010 sqft",Electronic_city,4w
25000.0,150000,Semi Furnished,3 BHK,Family,Ready to Move,"1,300 sqft",Electronic_city,4w
20000.0,75000,Semi Furnished,3 BHK,All,Ready to Move,"1,250 sqft",Electronic_city,4w
32000.0,100000,Semi Furnished,3 BHK,All,Ready to Move,"1,500 sqft",Electronic_city,4w
33000.0,150000,Semi Furnished,3 BHK,All,Ready to Move,"1,300 sqft",Electronic_city,4w
33700.0,186000,Semi Furnished,1 BHK,All,Ready to Move,620 sqft,Electronic_city,4w
40000.0,100000,Fully Furnished,3 BHK,Family,24-Dec-24,"1,350 sqft",Electronic_city,4w
23500.0,100000,Semi Furnished,2 BHK,Family,01-Dec-24,910 sqft,Electronic_city,4w
28000.0,100000,Semi Furnished,2 BHK,All,Ready to Move,"1,070 sqft",Electronic_city,4w
24100.0,150000,Semi Furnished,2 BHK,All,Ready to Move,"1,200 sqft",Electronic_city,4w
63500.0,400000,Fully Furnished,3 BHK,All,Ready to Move,"1,431 sqft",Electronic_city,4w
22000.0,150000,Semi Furnished,2 BHK,Family,Ready to Move,"1,100 sqft",Electronic_city,4w
27000.0,250000,Semi Furnished,2 BHK,Family,Ready to Move,"1,200 sqft",Electronic_city,4w
30000.0,150000,Semi Furnished,3 BHK,Family,Ready to Move,"1,010 sqft",Electronic_city,4w
32000.0,150000,Semi Furnished,3 BHK,All,Ready to Move,"1,400 sqft",Electronic_city,4w
28000.0,120000,Semi Furnished,2 BHK,"Family, Female, Company",Ready to Move,985 sqft,Electronic_city,4w
29500.0,250000,Semi Furnished,2 BHK,All,01-Dec-24,"1,025 sqft",Electronic_city,4w
39000.0,160000,Semi Furnished,3 BHK,Family,Ready to Move,"1,360 sqft",Electronic_city,4w
10500.0,50000,Semi Furnished,2 BHK,All,Ready to Move,660 sqft,Electronic_city,4w
17500.0,100000,Semi Furnished,2 BHK,All,Ready to Move,900 sqft,Electronic_city,4w
10000.0,50000,Unfurnished,1 BHK,All,Ready to Move,400 sqft,Electronic_city,4w
8000.0,20000,Unfurnished,1 BHK,Family,Ready to Move,500 sqft,Electronic_city,4w
33450.0,150000,Semi Furnished,2 BHK,Family,01-Dec-24,"1,150 sqft",Electronic_city,4w
15000.0,60000,Unfurnished,2 BHK,"Family, Female, Company",Ready to Move,840 sqft,Electronic_city,4w
43000.0,150000,Semi Furnished,3 BHK,Family,Ready to Move,"1,660 sqft",Electronic_city,4w
40000.0,150000,Semi Furnished,3 BHK,Family,Ready to Move,"1,555 sqft",Electronic_city,4w
14000.0,50000,Semi Furnished,2 BHK,Family,Ready to Move,"1,052 sqft",Electronic_city,4w
45000.0,250000,Semi Furnished,3 BHK,All,30-Nov-24,"1,728 sqft",Electronic_city,4w
6000.0,20000,Unfurnished,1 BHK,Family,Ready to Move,400 sqft,Electronic_city,4w
35001.0,350000,Semi Furnished,3 BHK,All,Ready to Move,"1,535 sqft",Electronic_city,4w
15000.0,50000,Semi Furnished,1 BHK,Family,Ready to Move,400 sqft,Electronic_city,4w
30300.0,150000,Semi Furnished,2 BHK,Family,01-Jan-25,887 sqft,Electronic_city,4w
9000.0,35000,Semi Furnished,1 BHK,Family,Ready to Move,500 sqft,Electronic_city,4w
19200.0,75000,Semi Furnished,2 BHK,Family,01-Dec-24,750 sqft,Electronic_city,4w
24000.0,60000,Semi Furnished,2 BHK,Family,Ready to Move,"1,200 sqft",Electronic_city,4w
7200.0,25000,Unfurnished,1 BHK,All,Ready to Move,300 sqft,Electronic_city,4w
19000.0,70000,Semi Furnished,2 BHK,Family,Ready to Move,800 sqft,Electronic_city,4w
15000.0,60000,Semi Furnished,2 BHK,Family,08-Dec-24,600 sqft,Electronic_city,4w
28000.0,83000,Semi Furnished,3 BHK,Family,Ready to Move,"1,350 sqft",Electronic_city,4w
18000.0,70000,Semi Furnished,2 BHK,Family,Ready to Move,900 sqft,Electronic_city,4w
34300.0,200000,Semi Furnished,3 BHK,Family,Ready to Move,"1,452 sqft",Electronic_city,4w
32300.0,200000,Semi Furnished,3 BHK,Family,Ready to Move,"1,452 sqft",Electronic_city,4w
20000.0,100000,Semi Furnished,2 BHK,Family,Ready to Move,"1,400 sqft",Electronic_city,4w
22000.0,100000,Semi Furnished,2 BHK,All,02-Jan-25,757 sqft,Electronic_city,4w
58000.0,80000,Semi Furnished,3 BHK,All,Ready to Move,"1,500 sqft",Electronic_city,4w
20000.0,100000,Semi Furnished,2 BHK,Family,Ready to Move,"1,000 sqft",Electronic_city,4w
28000.0,100000,Semi Furnished,3 BHK,All,Ready to Move,"1,000 sqft",Electronic_city,4w
31000.0,120000,Fully Furnished,2 BHK,Family,Ready to Move,"1,085 sqft",Electronic_city,4w
27000.0,150000,Fully Furnished,2 BHK,All,Ready to Move,"1,200 sqft",Electronic_city,4w
24950.0,72000,Semi Furnished,2 BHK,All,22-Dec-24,955 sqft,Electronic_city,4w
19998.0,50000,Semi Furnished,2 BHK,All,01-Dec-24,700 sqft,Electronic_city,4w
8000.0,30000,Semi Furnished,1 BHK,All,Ready to Move,500 sqft,Electronic_city,4w
37500.0,100000,Semi Furnished,3 BHK,Family,Ready to Move,"1,500 sqft",Electronic_city,4w
33000.0,100000,Semi Furnished,2 BHK,All,Ready to Move,"1,125 sqft",Electronic_city,4w
31000.0,150000,Semi Furnished,2 BHK,Family,Ready to Move,"1,055 sqft",Electronic_city,4w
40000.0,180000,Fully Furnished,2 BHK,Family,01-Dec-24,"1,080 sqft",Electronic_city,4w
27500.0,100000,Semi Furnished,2 BHK,Company,01-Dec-24,"1,055 sqft",Electronic_city,4w
26000.0,75000,Semi Furnished,2 BHK,Family,Ready to Move,"1,105 sqft",Electronic_city,4w
10500.0,100000,Semi Furnished,1 BHK,Family,Ready to Move,500 sqft,Hebbal,nop
5500.0,30000,Unfurnished,1 RK,Family,Ready to Move,250 sqft,Hebbal,nop
6500.0,50000,Unfurnished,1 BHK,All,Ready to Move,300 sqft,Hebbal,nop
4500.0,50000,Unfurnished,1 RK,All,Ready to Move,150 sqft,Hebbal,nop
7000.0,50000,Unfurnished,1 BHK,Family,29-Nov-24,550 sqft,Hebbal,nop
5500.0,20000,Unfurnished,1 RK,Bachelor,Ready to Move,100 sqft,Hebbal,nop
6500.0,60000,Unfurnished,1 RK,Family,29-Nov-24,200 sqft,Hebbal,nop
7000.0,50000,Unfurnished,1 BHK,All,Ready to Move,500 sqft,Hebbal,nop
10000.0,50000,Unfurnished,1 BHK,Family,29-Nov-24,500 sqft,Hebbal,nop
8000.0,50000,Unfurnished,1 BHK,Company,Ready to Move,600 sqft,Hebbal,nop
10000.0,100000,Unfurnished,2 BHK,Family,Ready to Move,800 sqft,Hebbal,nop
3500.0,30000,Unfurnished,1 RK,All,01-Dec-24,120 sqft,Hebbal,nop
6000.0,30000,Unfurnished,1 BHK,Family,07-Dec-24,500 sqft,Hebbal,nop
15000.0,50000,Unfurnished,2 BHK,All,Ready to Move,400 sqft,Hebbal,nop
12000.0,150000,Unfurnished,2 BHK,Family,Ready to Move,600 sqft,Hebbal,nop
10000.0,100000,Unfurnished,1 BHK,Family,Ready to Move,500 sqft,Hebbal,nop
9000.0,50000,Unfurnished,1 BHK,All,01-Dec-24,350 sqft,Hebbal,nop
10000.0,150000,Unfurnished,2 BHK,All,Ready to Move,750 sqft,Hebbal,nop
8000.0,50000,Unfurnished,1 BHK,All,Ready to Move,400 sqft,Hebbal,nop
6500.0,30000,Unfurnished,1 BHK,All,Ready to Move,500 sqft,Hebbal,nop
11000.0,50000,Unfurnished,2 BHK,All,Ready to Move,"1,000 sqft",Hebbal,nop
7000.0,50000,Unfurnished,1 BHK,Family,Ready to Move,500 sqft,Hebbal,nop
8000.0,80000,Unfurnished,1 BHK,Family,01-Jan-25,350 sqft,Hebbal,nop
3500.0,20000,Unfurnished,1 RK,All,25-Jan-25,200 sqft,Hebbal,nop
4000.0,20000,Unfurnished,1 BHK,Bachelor,Ready to Move,400 sqft,Hebbal,nop
6500.0,60000,Unfurnished,1 RK,All,Ready to Move,200 sqft,Hebbal,nop
6000.0,60000,Unfurnished,1 RK,Bachelor,Ready to Move,250 sqft,Hebbal,nop
4500.0,40000,Unfurnished,1 BHK,Family,Ready to Move,300 sqft,Hebbal,nop
13000.0,150000,Semi Furnished,2 BHK,All,Ready to Move,"1,000 sqft",Hebbal,nop
8000.0,100000,Unfurnished,1 BHK,All,01-Dec-24,500 sqft,Hebbal,nop
11000.0,100000,Semi Furnished,2 BHK,All,29-Nov-24,600 sqft,Hebbal,nop
13000.0,100000,Semi Furnished,2 BHK,Family,01-Jan-25,940 sqft,Hebbal,nop
8500.0,50000,Unfurnished,1 RK,Family,Ready to Move,250 sqft,Hebbal,nop
5000.0,20000,Semi Furnished,1 RK,Family,Ready to Move,200 sqft,Hebbal,nop
12000.0,100000,Semi Furnished,2 BHK,All,Ready to Move,700 sqft,Hebbal,nop
18000.0,150000,Semi Furnished,2 BHK,All,Ready to Move,800 sqft,Hebbal,nop
10000.0,75000,Semi Furnished,1 BHK,All,Ready to Move,750 sqft,Hebbal,nop
7000.0,40000,Unfurnished,1 RK,Family,Ready to Move,250 sqft,Hebbal,nop
4000.0,40000,Unfurnished,1 RK,All,Ready to Move,200 sqft,Hebbal,nop
8500.0,70000,Semi Furnished,2 BHK,All,Ready to Move,700 sqft,Hebbal,nop
25000.0,250000,Semi Furnished,2 BHK,All,Ready to Move,"1,000 sqft",Hebbal,nop
25000.0,250000,Unfurnished,2 BHK,All,Ready to Move,500 sqft,Hebbal,nop
8000.0,60000,Unfurnished,1 BHK,All,Ready to Move,400 sqft,Hebbal,nop
12000.0,100000,Unfurnished,2 BHK,All,Ready to Move,600 sqft,Hebbal,nop
7000.0,100000,Unfurnished,1 BHK,Family,30-Nov-24,350 sqft,Hebbal,nop
23000.0,100000,Semi Furnished,2 BHK,All,Ready to Move,"1,200 sqft",Hebbal,nop
5000.0,30000,Semi Furnished,1 RK,Bachelor,Ready to Move,200 sqft,Hebbal,nop
4000.0,20000,Unfurnished,1 RK,Family,31-Dec-24,200 sqft,Hebbal,nop
8000.0,75000,Unfurnished,2 BHK,All,Ready to Move,800 sqft,Hebbal,nop
6500.0,50000,Unfurnished,1 BHK,Family,Ready to Move,500 sqft,Hebbal,nop
8000.0,60000,Semi Furnished,1 RK,All,Ready to Move,250 sqft,Hebbal,nop
6200.0,40000,Unfurnished,1 BHK,All,Ready to Move,300 sqft,Hebbal,nop
3700.0,30000,Unfurnished,1 BHK,All,Ready to Move,400 sqft,Hebbal,nop
11000.0,80000,Semi Furnished,1 BHK,Bachelor,Ready to Move,400 sqft,Hebbal,nop
7000.0,30000,Semi Furnished,1 RK,Family,Ready to Move,250 sqft,Hebbal,nop
10300.0,30000,Semi Furnished,1 BHK,Family,01-Dec-24,400 sqft,Hebbal,nop
4000.0,40000,Unfurnished,1 RK,All,30-Nov-24,300 sqft,Hebbal,nop
8000.0,50000,Unfurnished,1 BHK,Family,Ready to Move,500 sqft,Hebbal,nop
18000.0,150000,Unfurnished,2 BHK,Family,Ready to Move,800 sqft,Hebbal,nop
14000.0,154000,Unfurnished,1 RK,Bachelor,Ready to Move,200 sqft,Hebbal,nop
5000.0,30000,Unfurnished,1 RK,All,01-Jan-25,100 sqft,Hebbal,nop
7000.0,30000,Semi Furnished,1 RK,Bachelor,Ready to Move,260 sqft,Hebbal,nop
11000.0,120000,Unfurnished,2 BHK,Family,Ready to Move,800 sqft,Hebbal,nop
7500.0,200000,Semi Furnished,1 RK,Company,Ready to Move,450 sqft,Hebbal,nop
5000.0,40000,Semi Furnished,1 RK,All,Ready to Move,250 sqft,Hebbal,nop
15000.0,100000,Semi Furnished,2 BHK,All,01-Dec-24,950 sqft,Hebbal,nop
14000.0,100000,Unfurnished,2 BHK,Family,Ready to Move,600 sqft,Hebbal,nop
15000.0,100000,Unfurnished,2 BHK,All,Ready to Move,900 sqft,Hebbal,nop
6000.0,50000,Unfurnished,1 RK,Family,Ready to Move,300 sqft,Hebbal,nop
9500.0,100000,Fully Furnished,1 BHK,Family,01-Jan-25,600 sqft,Hebbal,2w
7500.0,50000,Unfurnished,1 BHK,"Family, Female",31-Dec-24,500 sqft,Hebbal,2w
16000.0,130000,Semi Furnished,2 BHK,All,01-Dec-24,810 sqft,Hebbal,2w
12000.0,100000,Semi Furnished,2 BHK,Family,Ready to Move,800 sqft,Hebbal,2w
8000.0,75000,Semi Furnished,1 BHK,All,Ready to Move,650 sqft,Hebbal,2w
11000.0,80000,Semi Furnished,2 BHK,All,Ready to Move,600 sqft,Hebbal,2w
6000.0,600000,Semi Furnished,1 BHK,All,10-Dec-24,800 sqft,Hebbal,2w
15000.0,15000,Unfurnished,1 BHK,Family,Ready to Move,600 sqft,Hebbal,2w
30800.0,300000,Semi Furnished,3 BHK,Family,Ready to Move,"1,200 sqft",Hebbal,2w
7000.0,50000,Unfurnished,1 BHK,Family,Ready to Move,550 sqft,Hebbal,2w
7500.0,50000,Unfurnished,1 BHK,Family,Ready to Move,450 sqft,Hebbal,2w
12000.0,120000,Unfurnished,2 BHK,Family,Ready to Move,600 sqft,Hebbal,2w
12000.0,80000,Unfurnished,1 BHK,Family,01-Jan-25,300 sqft,Hebbal,2w
6500.0,60000,Unfurnished,1 RK,Family,Ready to Move,200 sqft,Hebbal,2w
20000.0,200000,Semi Furnished,2 BHK,Family,Ready to Move,"1,000 sqft",Hebbal,2w
12000.0,100000,Unfurnished,2 BHK,Family,05-Dec-24,800 sqft,Hebbal,2w
10000.0,50000,Semi Furnished,1 BHK,All,Ready to Move,400 sqft,Hebbal,2w
16500.0,150000,Semi Furnished,2 BHK,Company,13-Dec-24,800 sqft,Hebbal,2w
15000.0,150000,Semi Furnished,2 BHK,"Female, Family, Company",Ready to Move,"1,200 sqft",Hebbal,2w
21000.0,100000,Semi Furnished,2 BHK,Family,Ready to Move,750 sqft,Hebbal,2w
11000.0,110000,Unfurnished,2 BHK,Family,Ready to Move,750 sqft,Hebbal,2w
3000.0,40000,Unfurnished,1 RK,All,01-Dec-24,200 sqft,Hebbal,2w
15500.0,150000,Semi Furnished,2 BHK,All,Ready to Move,"1,200 sqft",Hebbal,2w
6500.0,15000,Fully Furnished,1 RK,Female,Ready to Move,400 sqft,Hebbal,2w
13300.0,80000,Semi Furnished,2 BHK,Family,Ready to Move,"1,000 sqft",Hebbal,2w
26000.0,200000,Semi Furnished,3 BHK,All,01-Dec-24,"1,200 sqft",Hebbal,2w
12000.0,100000,Semi Furnished,2 BHK,Family,Ready to Move,600 sqft,Hebbal,2w
17000.0,150000,Semi Furnished,2 BHK,Family,Ready to Move,"1,000 sqft",Hebbal,2w
15000.0,60000,Semi Furnished,1 BHK,Family,10-Dec-24,650 sqft,Hebbal,2w
15000.0,130000,Semi Furnished,2 BHK,All,01-Dec-24,600 sqft,Hebbal,2w
12000.0,100000,Semi Furnished,1 BHK,All,Ready to Move,600 sqft,Hebbal,2w
4500.0,25000,Unfurnished,1 RK,Female,Ready to Move,450 sqft,Hebbal,2w
5000.0,50000,Unfurnished,1 BHK,All,Ready to Move,400 sqft,Hebbal,2w
8500.0,40000,Unfurnished,1 BHK,All,05-Dec-24,400 sqft,Hebbal,2w
8000.0,50000,Semi Furnished,2 BHK,Family,Ready to Move,800 sqft,Hebbal,2w
9200.0,50000,Semi Furnished,1 BHK,All,01-Jan-25,500 sqft,Hebbal,2w
10500.0,40000,Semi Furnished,1 BHK,All,01-Jan-25,500 sqft,Hebbal,2w
11000.0,110000,Semi Furnished,2 BHK,Company,20-Dec-24,700 sqft,Hebbal,2w
4500.0,30000,Unfurnished,1 BHK,Family,Ready to Move,500 sqft,Hebbal,2w
5000.0,50000,Unfurnished,1 RK,All,Ready to Move,200 sqft,Hebbal,2w
16500.0,150000,Semi Furnished,2 BHK,All,05-Dec-24,800 sqft,Hebbal,2w
12000.0,50000,Semi Furnished,1 BHK,Family,01-Dec-24,700 sqft,Hebbal,2w
9000.0,80000,Unfurnished,1 BHK,Bachelor,10-Dec-24,200 sqft,Hebbal,2w
5000.0,50000,Unfurnished,1 RK,Family,Ready to Move,120 sqft,Hebbal,2w
17000.0,100000,Unfurnished,2 BHK,All,Ready to Move,880 sqft,Hebbal,2w
8500.0,80000,Semi Furnished,2 BHK,Family,Ready to Move,900 sqft,Hebbal,2w
6750.0,50000,Unfurnished,1 BHK,Bachelor,Ready to Move,300 sqft,Hebbal,2w
15000.0,80000,Semi Furnished,1 BHK,"Male, Company",Ready to Move,650 sqft,Hebbal,2w
10000.0,60000,Unfurnished,1 BHK,Bachelor,Ready to Move,600 sqft,Hebbal,2w
4500.0,10000,Unfurnished,1 RK,Bachelor,Ready to Move,100 sqft,Hebbal,2w
9000.0,50000,Unfurnished,2 BHK,All,21-Jan-25,"1,400 sqft",Hebbal,2w
31000.0,300000,Semi Furnished,3 BHK,Family,Ready to Move,"2,000 sqft",Hebbal,2w
17000.0,150000,Semi Furnished,2 BHK,Family,Ready to Move,600 sqft,Hebbal,2w
13000.0,100000,Unfurnished,2 BHK,All,30-Nov-24,850 sqft,Hebbal,2w
6250.0,15000,Semi Furnished,1 RK,Male,Ready to Move,100 sqft,Hebbal,2w
5700.0,30000,Unfurnished,1 RK,Bachelor,10-Dec-24,200 sqft,Hebbal,2w
20500.0,200000,Unfurnished,2 BHK,All,Ready to Move,500 sqft,Hebbal,2w
6000.0,30000,Unfurnished,1 BHK,Family,30-Nov-24,600 sqft,Hebbal,2w
8000.0,60000,Unfurnished,1 BHK,Family,Ready to Move,400 sqft,Hebbal,2w
12000.0,150000,Semi Furnished,2 BHK,Company,01-Dec-24,600 sqft,Hebbal,2w
11000.0,100000,Unfurnished,2 BHK,Family,Ready to Move,550 sqft,Hebbal,2w
13000.0,85000,Semi Furnished,2 BHK,Family,Ready to Move,650 sqft,Hebbal,2w
5500.0,20000,Unfurnished,1 BHK,Family,Ready to Move,500 sqft,Hebbal,2w
6000.0,50000,Unfurnished,1 BHK,Family,Ready to Move,300 sqft,Hebbal,2w
7500.0,50000,Unfurnished,1 BHK,Family,25-Jan-25,400 sqft,Hebbal,2w
6000.0,30000,Unfurnished,1 BHK,Family,Ready to Move,400 sqft,Hebbal,2w
6000.0,50000,Unfurnished,1 BHK,Family,01-Jan-25,500 sqft,Hebbal,2w
15800.0,100000,Semi Furnished,2 BHK,Family,01-Dec-24,"1,000 sqft",Hebbal,2w
7500.0,40000,Semi Furnished,1 BHK,Family,Ready to Move,500 sqft,Hebbal,2w
15000.0,150000,Unfurnished,2 BHK,Family,Ready to Move,750 sqft,Hebbal,2w
17500.0,160000,Semi Furnished,2 BHK,Family,Ready to Move,"1,000 sqft",Hebbal,2w
15000.0,150000,Unfurnished,2 BHK,Family,Ready to Move,680 sqft,Hebbal,2w
4500.0,30000,Unfurnished,1 RK,All,01-Jan-25,300 sqft,Hebbal,2w
11000.0,60000,Unfurnished,2 BHK,Family,Ready to Move,702 sqft,Hebbal,2w
22000.0,100000,Semi Furnished,2 BHK,Family,Ready to Move,"1,500 sqft",Hebbal,2w
38000.0,500000,Unfurnished,3 BHK,All,Ready to Move,"1,200 sqft",Hebbal,2w
13000.0,50000,Semi Furnished,2 BHK,All,Ready to Move,"1,200 sqft",Hebbal,2w
9000.0,80000,Unfurnished,1 BHK,Family,Ready to Move,500 sqft,Hebbal,2w
10000.0,100000,Unfurnished,2 BHK,Family,Ready to Move,"1,000 sqft",Hebbal,2w
9500.0,70000,Unfurnished,1 BHK,All,Ready to Move,600 sqft,Hebbal,2w
9000.0,100000,Semi Furnished,2 BHK,Family,Ready to Move,600 sqft,Hebbal,2w
9000.0,150000,Unfurnished,1 BHK,Family,30-Nov-24,500 sqft,Hebbal,2w
9000.0,90000,Unfurnished,1 BHK,Family,Ready to Move,450 sqft,Hebbal,2w
13000.0,80000,Semi Furnished,2 BHK,All,Ready to Move,800 sqft,Hebbal,2w
6000.0,40000,Semi Furnished,1 BHK,All,Ready to Move,500 sqft,Hebbal,2w
15000.0,150000,Unfurnished,2 BHK,Family,Ready to Move,"1,100 sqft",Hebbal,2w
6000.0,30000,Unfurnished,1 BHK,Family,Ready to Move,600 sqft,Hebbal,2w
10000.0,60000,Semi Furnished,1 BHK,Family,Ready to Move,600 sqft,Hebbal,2w
12000.0,50000,Unfurnished,1 BHK,All,Ready to Move,500 sqft,Hebbal,2w
20000.0,200000,Semi Furnished,2 BHK,Family,15-Dec-24,"1,100 sqft",Hebbal,2w
15000.0,70000,Unfurnished,1 BHK,All,Ready to Move,700 sqft,Hebbal,2w
11000.0,100000,Unfurnished,2 BHK,Family,01-Dec-24,700 sqft,Hebbal,2w
9000.0,90000,Unfurnished,1 BHK,Family,Ready to Move,500 sqft,Hebbal,2w
17500.0,150000,Semi Furnished,2 BHK,All,Ready to Move,800 sqft,Hebbal,2w
13000.0,100000,Unfurnished,2 BHK,All,15-Jan-25,800 sqft,Hebbal,2w
4000.0,200000,Unfurnished,1 BHK,Family,Ready to Move,600 sqft,Hebbal,2w
9000.0,30000,Semi Furnished,1 RK,Bachelor,Ready to Move,300 sqft,Hebbal,2w
7000.0,50000,Unfurnished,1 BHK,Company,25-Dec-24,700 sqft,Hebbal,2w
5500.0,50000,Unfurnished,1 BHK,Family,01-Dec-24,500 sqft,Hebbal,2w
16000.0,150000,Semi Furnished,2 BHK,Family,Ready to Move,"1,200 sqft",Hebbal,2w
14000.0,140000,Semi Furnished,2 BHK,Family,18-Jan-25,800 sqft,Hebbal,2w
11000.0,100000,Semi Furnished,2 BHK,All,Ready to Move,600 sqft,Hebbal,2w
32000.0,320000,Fully Furnished,3 BHK,Family,Ready to Move,"1,450 sqft",Hebbal,2w
20000.0,200000,Unfurnished,3 BHK,All,Ready to Move,"1,200 sqft",Hebbal,2w
20000.0,150000,Semi Furnished,2 BHK,Family,Ready to Move,900 sqft,Hebbal,2w
7000.0,70000,Unfurnished,1 BHK,All,10-Dec-24,450 sqft,Hebbal,2w
4500.0,30000,Unfurnished,1 RK,Family,Ready to Move,200 sqft,Hebbal,2w
14000.0,120000,Semi Furnished,2 BHK,Family,30-Nov-24,850 sqft,Hebbal,2w
12000.0,100000,Semi Furnished,2 BHK,All,01-Jan-25,600 sqft,Hebbal,2w
6000.0,50000,Unfurnished,1 BHK,All,15-Jan-25,500 sqft,Hebbal,2w
30000.0,300000,Semi Furnished,3 BHK,Family,Ready to Move,"1,500 sqft",Hebbal,2w
25000.0,200000,Unfurnished,2 BHK,All,Ready to Move,900 sqft,Hebbal,2w
8500.0,50000,Semi Furnished,1 BHK,Family,Ready to Move,600 sqft,Hebbal,2w
7500.0,40000,Unfurnished,1 BHK,"Family, Female, Company",Ready to Move,499 sqft,Hebbal,2w
13000.0,130000,Semi Furnished,2 BHK,Family,Ready to Move,600 sqft,Hebbal,2w
4000.0,20000,Unfurnished,1 RK,Family,Ready to Move,200 sqft,Hebbal,2w
5000.0,50000,Unfurnished,1 RK,Family,01-Jan-25,250 sqft,Hebbal,2w
13500.0,130000,Unfurnished,2 BHK,All,01-Jan-25,"1,200 sqft",Hebbal,2w
4500.0,50000,Unfurnished,1 RK,Bachelor,Ready to Move,200 sqft,Hebbal,2w
10000.0,80000,Unfurnished,2 BHK,All,Ready to Move,450 sqft,Hebbal,2w
15000.0,150000,Semi Furnished,2 BHK,Family,Ready to Move,600 sqft,Hebbal,2w
30000.0,300000,Semi Furnished,3 BHK,All,Ready to Move,"1,800 sqft",Hebbal,2w
6500.0,50000,Semi Furnished,1 BHK,All,Ready to Move,500 sqft,Hebbal,2w
10000.0,100000,Unfurnished,1 BHK,Family,Ready to Move,350 sqft,Hebbal,2w
6500.0,100000,Unfurnished,1 BHK,Family,Ready to Move,500 sqft,Hebbal,2w
17000.0,170000,Semi Furnished,2 BHK,Family,Ready to Move,"1,000 sqft",Hebbal,2w
7000.0,60000,Unfurnished,1 BHK,Family,Ready to Move,500 sqft,Hebbal,2w
7700.0,50000,Unfurnished,1 BHK,Bachelor,01-Dec-24,300 sqft,Hebbal,2w
10000.0,100000,Unfurnished,1 BHK,All,Ready to Move,600 sqft,Hebbal,2w
6000.0,70000,Semi Furnished,1 RK,Family,Ready to Move,300 sqft,Hebbal,2w
21000.0,200000,Fully Furnished,2 BHK,Family,Ready to Move,"1,000 sqft",Hebbal,2w
6500.0,50000,Unfurnished,1 BHK,Family,Ready to Move,400 sqft,Hebbal,2w
12500.0,150000,Unfurnished,2 BHK,All,Ready to Move,700 sqft,Hebbal,2w
8000.0,50000,Unfurnished,1 BHK,Family,Ready to Move,400 sqft,Hebbal,2w
10000.0,100000,Semi Furnished,1 BHK,Family,Ready to Move,600 sqft,Hebbal,2w
12000.0,100000,Semi Furnished,2 BHK,All,Ready to Move,900 sqft,Hebbal,2w
10000.0,50000,Unfurnished,2 BHK,All,20-Dec-24,600 sqft,Hebbal,2w
18000.0,120000,Semi Furnished,2 BHK,"Family, Female",Ready to Move,784 sqft,Hebbal,2w
12500.0,125000,Unfurnished,1 RK,Bachelor,Ready to Move,121 sqft,Hebbal,2w
12000.0,75000,Unfurnished,1 BHK,Family,Ready to Move,600 sqft,Hebbal,2w
8000.0,80000,Semi Furnished,1 BHK,Family,Ready to Move,500 sqft,Hebbal,2w
8500.0,84998,Semi Furnished,1 BHK,All,Ready to Move,600 sqft,Hebbal,2w
8000.0,75000,Unfurnished,1 BHK,Family,30-Dec-24,600 sqft,Hebbal,2w
6500.0,400000,Unfurnished,1 BHK,All,Ready to Move,460 sqft,Hebbal,2w
13000.0,130000,Semi Furnished,1 BHK,Family,Ready to Move,500 sqft,Hebbal,2w
8000.0,49993,Semi Furnished,1 BHK,Family,Ready to Move,500 sqft,Hebbal,2w
8000.0,100000,Unfurnished,1 BHK,Family,Ready to Move,700 sqft,Hebbal,2w
10500.0,100000,Semi Furnished,1 BHK,All,Ready to Move,400 sqft,Hebbal,2w
9000.0,100000,Unfurnished,1 BHK,Family,Ready to Move,600 sqft,Hebbal,2w
8000.0,80000,Unfurnished,1 BHK,All,Ready to Move,500 sqft,Hebbal,2w
6000.0,50000,Semi Furnished,1 BHK,Family,Ready to Move,400 sqft,Hebbal,2w
8000.0,100000,Unfurnished,1 BHK,Family,Ready to Move,500 sqft,Hebbal,2w
8500.0,80000,Unfurnished,1 BHK,All,Ready to Move,450 sqft,Hebbal,2w
10000.0,100000,Semi Furnished,1 BHK,Family,Ready to Move,500 sqft,Hebbal,2w
11000.0,100000,Fully Furnished,1 BHK,Family,Ready to Move,600 sqft,Hebbal,2w
17000.0,50000,Semi Furnished,1 BHK,All,Ready to Move,800 sqft,Hebbal,2w
14000.0,100000,Unfurnished,2 BHK,All,Ready to Move,950 sqft,Hebbal,2w
20000.0,150000,Unfurnished,2 BHK,All,Ready to Move,"1,200 sqft",Hebbal,2w
9500.0,50000,Semi Furnished,1 BHK,All,Ready to Move,700 sqft,Hebbal,2w
4000.0,30000,Unfurnished,1 RK,Family,Ready to Move,250 sqft,Hebbal,2w
9000.0,50000,Unfurnished,1 BHK,All,Ready to Move,500 sqft,Hebbal,2w
10500.0,100000,Semi Furnished,1 BHK,All,Ready to Move,600 sqft,Hebbal,2w
7000.0,70000,Unfurnished,1 BHK,Family,Ready to Move,352 sqft,Hebbal,2w
30000.0,100000,Semi Furnished,2 BHK,Family,Ready to Move,500 sqft,Hebbal,2w
11000.0,150000,Unfurnished,1 RK,Bachelor,Ready to Move,250 sqft,Hebbal,2w
8999.0,80000,Unfurnished,1 BHK,Family,Ready to Move,600 sqft,Hebbal,2w
8000.0,50000,Unfurnished,1 BHK,Family,Ready to Move,450 sqft,Hebbal,2w
20300.0,200000,Semi Furnished,2 BHK,All,Ready to Move,700 sqft,Hebbal,2w
6500.0,66000,Semi Furnished,1 BHK,All,Ready to Move,855 sqft,Hebbal,2w
10000.0,100000,Unfurnished,2 BHK,Family,Ready to Move,650 sqft,Hebbal,2w
7500.0,40000,Unfurnished,1 BHK,All,Ready to Move,500 sqft,Hebbal,2w
15000.0,99000,Semi Furnished,2 BHK,All,Ready to Move,700 sqft,Hebbal,2w
15500.0,70000,Semi Furnished,1 BHK,Family,Ready to Move,400 sqft,Hebbal,2w
26500.0,150000,Semi Furnished,2 BHK,All,03-Dec-24,"1,070 sqft",Hebbal,2w
7000.0,50000,Unfurnished,1 BHK,Family,Ready to Move,350 sqft,Hebbal,2w
16000.0,160000,Semi Furnished,2 BHK,Family,Ready to Move,750 sqft,Hebbal,2w
26500.0,125000,Semi Furnished,2 BHK,Family,30-Nov-24,897 sqft,Hebbal,2w
22500.0,50000,Semi Furnished,2 BHK,All,Ready to Move,"1,100 sqft",Hebbal,2w
18000.0,150000,Semi Furnished,2 BHK,All,01-Jan-25,"1,000 sqft",Hebbal,2w
46500.0,180000,Fully Furnished,2 BHK,Family,Ready to Move,"1,600 sqft",Hebbal,2w
30000.0,300000,Semi Furnished,3 BHK,Family,01-Jan-25,"1,500 sqft",Hebbal,2w
21700.0,100000,Semi Furnished,2 BHK,Family,06-Jan-25,984 sqft,Hebbal,2w
27500.0,250000,Semi Furnished,2 BHK,All,10-Dec-24,"1,021 sqft",Hebbal,2w
7000.0,50000,Fully Furnished,1 BHK,Family,Ready to Move,800 sqft,Hebbal,2w
11500.0,100000,Semi Furnished,1 BHK,Family,05-Jan-25,700 sqft,Hebbal,2w
25000.0,250000,Semi Furnished,3 BHK,Family,Ready to Move,"1,250 sqft",Hebbal,2w
30000.0,180000,Semi Furnished,2 BHK,Family,Ready to Move,"1,000 sqft",Hebbal,2w
25000.0,180000,Semi Furnished,2 BHK,Family,Ready to Move,"1,000 sqft",Hebbal,2w
18500.0,150000,Semi Furnished,2 BHK,Family,Ready to Move,950 sqft,Hebbal,2w
33000.0,300000,Semi Furnished,3 BHK,Family,Ready to Move,"1,000 sqft",Hebbal,2w
18000.0,1,Fully Furnished,2 BHK,All,Ready to Move,960 sqft,Hebbal,2w
20000.0,180000,Semi Furnished,2 BHK,All,Ready to Move,"1,000 sqft",Hebbal,2w
30000.0,200000,Unfurnished,2 BHK,Family,Ready to Move,800 sqft,Hebbal,2w
12000.0,100000,Unfurnished,2 BHK,Family,Ready to Move,700 sqft,Hebbal,2w
4000.0,15000,Semi Furnished,1 RK,All,Ready to Move,150 sqft,Hebbal,2w
14000.0,50000,Semi Furnished,2 BHK,All,Ready to Move,900 sqft,Hebbal,2w
11000.0,85000,Semi Furnished,1 BHK,Family,Ready to Move,600 sqft,Hebbal,2w
14000.0,60000,Semi Furnished,2 BHK,All,Ready to Move,600 sqft,Hebbal,2w
27750.0,100000,Semi Furnished,2 BHK,All,Ready to Move,"1,100 sqft",Hebbal,2w
15500.0,70000,Semi Furnished,2 BHK,All,30-Nov-24,550 sqft,Hebbal,2w
4000.0,25000,Unfurnished,1 RK,Bachelor,Ready to Move,117 sqft,Hebbal,2w
6300.0,50000,Unfurnished,1 RK,All,04-Dec-24,225 sqft,Hebbal,2w
6000.0,50000,Unfurnished,1 BHK,All,Ready to Move,500 sqft,Hebbal,2w
15000.0,150000,Semi Furnished,2 BHK,Family,Ready to Move,"1,200 sqft",Hebbal,2w
4500.0,30000,Unfurnished,1 RK,Bachelor,Ready to Move,120 sqft,Hebbal,2w
20000.0,200000,Semi Furnished,2 BHK,Family,31-Dec-24,800 sqft,Hebbal,2w
10000.0,50000,Semi Furnished,1 BHK,All,Ready to Move,800 sqft,Hebbal,2w
11000.0,120000,Semi Furnished,1 BHK,Family,Ready to Move,400 sqft,Hebbal,2w
8500.0,30000,Semi Furnished,1 RK,All,Ready to Move,250 sqft,Hebbal,2w
20000.0,150000,Semi Furnished,2 BHK,Company,Ready to Move,600 sqft,Hebbal,2w
8500.0,60000,Unfurnished,1 BHK,All,Ready to Move,650 sqft,Hebbal,2w
10200.0,60000,Semi Furnished,2 BHK,All,10-Dec-24,700 sqft,Hebbal,2w
10500.0,75000,Semi Furnished,1 BHK,All,02-Dec-24,450 sqft,Hebbal,2w
12500.0,75000,Semi Furnished,1 BHK,All,Ready to Move,600 sqft,Hebbal,2w
9500.0,80000,Semi Furnished,1 BHK,All,01-Dec-24,450 sqft,Hebbal,2w
32000.0,320000,Semi Furnished,3 BHK,All,02-Dec-24,"1,200 sqft",Hebbal,2w
16000.0,100000,Semi Furnished,2 BHK,Family,Ready to Move,800 sqft,Hebbal,2w
16000.0,100000,Semi Furnished,2 BHK,All,30-Nov-24,"1,000 sqft",Hebbal,2w
12500.0,40000,Semi Furnished,2 BHK,All,Ready to Move,800 sqft,Hebbal,2w
21300.0,100000,Fully Furnished,2 BHK,All,30-Nov-24,600 sqft,Hebbal,2w
9500.0,95000,Unfurnished,1 BHK,Family,Ready to Move,600 sqft,Hebbal,2w
7000.0,50000,Fully Furnished,1 BHK,All,Ready to Move,400 sqft,Hebbal,2w
19500.0,60000,Fully Furnished,1 RK,All,Ready to Move,600 sqft,Hebbal,2w
13000.0,100000,Semi Furnished,2 BHK,Family,Ready to Move,"1,200 sqft",Hebbal,2w
16000.0,100000,Semi Furnished,2 BHK,All,Ready to Move,750 sqft,Hebbal,2w
10000.0,15000,Unfurnished,1 BHK,Male,Ready to Move,420 sqft,Hebbal,2w
15000.0,400000,Semi Furnished,2 BHK,Family,15-Dec-24,600 sqft,Hebbal,2w
20599.0,150000,Semi Furnished,2 BHK,Family,Ready to Move,"1,100 sqft",Hebbal,2w
8000.0,40000,Unfurnished,1 BHK,All,Ready to Move,400 sqft,Hebbal,2w
12000.0,100000,Semi Furnished,1 BHK,Family,Ready to Move,600 sqft,Hebbal,2w
8000.0,60000,Unfurnished,1 BHK,Family,Ready to Move,500 sqft,Hebbal,2w
15000.0,100000,Semi Furnished,2 BHK,All,20-Dec-24,850 sqft,Hebbal,2w
6000.0,60000,Unfurnished,1 BHK,All,01-Dec-24,550 sqft,Hebbal,2w
5300.0,50000,Unfurnished,1 BHK,Family,Ready to Move,275 sqft,Hebbal,2w
9500.0,60000,Unfurnished,1 BHK,All,Ready to Move,600 sqft,Hebbal,2w
7000.0,50000,Unfurnished,1 BHK,All,Ready to Move,300 sqft,Hebbal,2w
8500.0,60000,Semi Furnished,1 RK,Family,Ready to Move,400 sqft,Hebbal,2w
10500.0,100000,Semi Furnished,1 BHK,Bachelor,01-Dec-24,400 sqft,Hebbal,2w
11000.0,50000,Unfurnished,1 BHK,Family,Ready to Move,600 sqft,Hebbal,2w
13500.0,100000,Semi Furnished,2 BHK,Family,Ready to Move,500 sqft,Hebbal,2w
9000.0,30000,Semi Furnished,1 RK,Bachelor,Ready to Move,150 sqft,Hebbal,2w
8300.0,50000,Unfurnished,1 BHK,Family,Ready to Move,550 sqft,Hebbal,2w
11000.0,100000,Semi Furnished,2 BHK,Family,Ready to Move,650 sqft,Hebbal,2w
5500.0,50000,Unfurnished,1 BHK,Family,Ready to Move,400 sqft,Hebbal,2w
10000.0,100000,Unfurnished,2 BHK,Family,Ready to Move,600 sqft,Hebbal,2w
15000.0,75000,Semi Furnished,1 RK,Bachelor,Ready to Move,400 sqft,Hebbal,2w
20000.0,200000,Semi Furnished,2 BHK,Family,Ready to Move,"1,200 sqft",Hebbal,2w
4000.0,40000,Unfurnished,1 RK,Bachelor,Ready to Move,200 sqft,Hebbal,2w
4000.0,25000,Unfurnished,1 RK,All,Ready to Move,250 sqft,Hebbal,2w
12000.0,50000,Semi Furnished,1 BHK,All,Ready to Move,600 sqft,Hebbal,2w
12000.0,100000,Fully Furnished,2 BHK,Family,Ready to Move,550 sqft,Hebbal,2w
11000.0,100000,Unfurnished,2 BHK,Family,Ready to Move,800 sqft,Hebbal,2w
5000.0,50000,Semi Furnished,1 RK,Bachelor,Ready to Move,125 sqft,Hebbal,2w
12000.0,120000,Semi Furnished,2 BHK,Family,Ready to Move,600 sqft,Hebbal,2w
8500.0,85000,Unfurnished,1 BHK,Bachelor,Ready to Move,600 sqft,Hebbal,2w
6000.0,65000,Unfurnished,1 RK,Bachelor,Ready to Move,500 sqft,Hebbal,2w
26500.0,250000,Semi Furnished,3 BHK,Family,Ready to Move,"1,000 sqft",Hebbal,2w
18000.0,150000,Semi Furnished,2 BHK,Family,Ready to Move,900 sqft,Hebbal,2w
5000.0,50000,Unfurnished,1 BHK,Family,Ready to Move,400 sqft,Hebbal,2w
9800.0,60000,Semi Furnished,1 BHK,Bachelor,Ready to Move,500 sqft,Hebbal,2w
7000.0,50000,Semi Furnished,1 BHK,Family,Ready to Move,350 sqft,Hebbal,2w
5000.0,10000,Fully Furnished,1 BHK,Female,Ready to Move,650 sqft,Hebbal,2w
15000.0,150000,Semi Furnished,1 BHK,Family,Ready to Move,600 sqft,Hebbal,2w
7500.0,50000,Semi Furnished,1 BHK,Family,Ready to Move,550 sqft,Hebbal,2w
9500.0,60000,Semi Furnished,1 BHK,All,Ready to Move,550 sqft,Hebbal,2w
25000.0,250000,Semi Furnished,2 BHK,All,Ready to Move,800 sqft,Hebbal,2w
7000.0,70000,Unfurnished,1 BHK,All,Ready to Move,400 sqft,Hebbal,2w
10000.0,100000,Unfurnished,2 BHK,All,Ready to Move,800 sqft,Hebbal,2w
9000.0,50000,Unfurnished,1 BHK,All,01-Dec-24,330 sqft,Hebbal,2w
8000.0,49999,Unfurnished,1 RK,Bachelor,Ready to Move,550 sqft,Hebbal,2w
9001.0,100000,Unfurnished,2 BHK,Family,Ready to Move,800 sqft,Hebbal,2w
7500.0,70000,Unfurnished,1 BHK,All,Ready to Move,700 sqft,Hebbal,2w
18000.0,150000,Semi Furnished,1 BHK,All,Ready to Move,700 sqft,Hebbal,2w
7000.0,30000,Unfurnished,1 RK,Bachelor,Ready to Move,120 sqft,Hebbal,2w
10000.0,100000,Unfurnished,1 BHK,Family,Ready to Move,400 sqft,Hebbal,2w
6500.0,30000,Semi Furnished,1 BHK,All,Ready to Move,500 sqft,Hebbal,2w
18000.0,100000,Semi Furnished,2 BHK,Family,01-Dec-24,600 sqft,Hebbal,2w
17000.0,60000,Semi Furnished,2 BHK,All,Ready to Move,"1,030 sqft",Hebbal,2w
9500.0,80000,Unfurnished,1 BHK,Family,30-Nov-24,400 sqft,Hebbal,2w
19000.0,190000,Semi Furnished,2 BHK,Family,Ready to Move,"1,080 sqft",Hebbal,2w
17000.0,150000,Fully Furnished,2 BHK,Family,01-Jan-25,700 sqft,Hebbal,2w
5000.0,50000,Unfurnished,1 RK,All,Ready to Move,150 sqft,Hebbal,2w
15000.0,150000,Unfurnished,2 BHK,All,Ready to Move,600 sqft,Hebbal,2w
5500.0,500000,Semi Furnished,1 BHK,All,Ready to Move,600 sqft,Hebbal,2w
18000.0,125000,Semi Furnished,2 BHK,Family,Ready to Move,"1,200 sqft",Hebbal,2w
7500.0,50000,Unfurnished,1 BHK,All,01-Jan-25,375 sqft,Hebbal,2w
9000.0,100000,Semi Furnished,2 BHK,Family,Ready to Move,800 sqft,Hebbal,2w
19000.0,150000,Semi Furnished,2 BHK,All,Ready to Move,"1,100 sqft",Hebbal,2w
15000.0,150000,Semi Furnished,2 BHK,Family,01-Dec-24,600 sqft,Hebbal,2w
10000.0,100000,Semi Furnished,1 BHK,All,07-Dec-24,500 sqft,Hebbal,2w
26000.0,300000,Semi Furnished,3 BHK,Family,Ready to Move,"1,300 sqft",Hebbal,2w
9000.0,90000,Semi Furnished,1 BHK,Family,Ready to Move,450 sqft,Hebbal,2w
10000.0,60000,Semi Furnished,1 BHK,Family,01-Jan-25,600 sqft,Hebbal,2w
11000.0,100000,Semi Furnished,1 BHK,All,Ready to Move,500 sqft,Hebbal,2w
5500.0,50000,Unfurnished,1 BHK,All,23-Dec-24,500 sqft,Hebbal,2w
8500.0,50000,Unfurnished,1 BHK,Company,Ready to Move,400 sqft,Hebbal,2w
10000.0,60000,Semi Furnished,1 BHK,All,27-Dec-24,450 sqft,Hebbal,2w
9000.0,90000,Unfurnished,1 BHK,All,Ready to Move,500 sqft,Hebbal,2w
7000.0,60000,Unfurnished,1 BHK,All,Ready to Move,500 sqft,Hebbal,2w
9500.0,60000,Semi Furnished,2 BHK,Bachelor,Ready to Move,850 sqft,Hebbal,2w
10000.0,50000,Unfurnished,1 RK,All,01-Jan-25,300 sqft,Hebbal,2w
15000.0,150000,Semi Furnished,1 BHK,All,Ready to Move,399 sqft,Hebbal,2w
9500.0,50000,Unfurnished,1 BHK,Family,Ready to Move,400 sqft,Hebbal,2w
7500.0,30000,Unfurnished,1 RK,Bachelor,Ready to Move,150 sqft,Hebbal,2w
6000.0,50000,Unfurnished,1 RK,All,Ready to Move,250 sqft,Hebbal,2w
10000.0,100000,Semi Furnished,1 BHK,Family,15-Dec-24,600 sqft,Hebbal,2w
4500.0,20000,Unfurnished,1 RK,All,Ready to Move,250 sqft,Hebbal,2w
11000.0,60000,Unfurnished,2 BHK,Family,Ready to Move,600 sqft,Hebbal,2w
12000.0,50000,Semi Furnished,2 BHK,Family,Ready to Move,"1,000 sqft",Hebbal,2w
10500.0,115500,Semi Furnished,1 BHK,All,01-Jan-25,800 sqft,Hebbal,2w
7500.0,75000,Unfurnished,1 BHK,Family,Ready to Move,350 sqft,Hebbal,2w
12000.0,60000,Unfurnished,1 BHK,Family,Ready to Move,450 sqft,Hebbal,2w
16000.0,160000,Unfurnished,2 BHK,All,07-Dec-24,700 sqft,Hebbal,2w
6000.0,700000,Unfurnished,2 BHK,Family,Ready to Move,600 sqft,Hebbal,2w
13500.0,60000,Semi Furnished,1 RK,All,Ready to Move,200 sqft,Hebbal,2w
25000.0,250000,Semi Furnished,3 BHK,Family,Ready to Move,"1,150 sqft",Hebbal,4w
6000.0,35000,Unfurnished,1 RK,Bachelor,Ready to Move,150 sqft,Hebbal,4w
32000.0,150000,Fully Furnished,3 BHK,All,Ready to Move,"1,450 sqft",Hebbal,4w
15300.0,150000,Semi Furnished,2 BHK,Family,30-Dec-24,"1,200 sqft",Hebbal,4w
22000.0,300000,Unfurnished,2 BHK,Company,01-Dec-24,"1,200 sqft",Hebbal,4w
11000.0,100000,Unfurnished,1 BHK,All,Ready to Move,600 sqft,Hebbal,4w
20000.0,200000,Semi Furnished,3 BHK,All,Ready to Move,"1,350 sqft",Hebbal,4w
18000.0,100000,Semi Furnished,2 BHK,Family,Ready to Move,"1,200 sqft",Hebbal,4w
20000.0,149000,Unfurnished,2 BHK,All,Ready to Move,"1,000 sqft",Hebbal,4w
23000.0,200000,Semi Furnished,2 BHK,Company,Ready to Move,"1,200 sqft",Hebbal,4w
5998.0,70000,Unfurnished,1 BHK,All,Ready to Move,600 sqft,Hebbal,4w
30000.0,300000,Semi Furnished,3 BHK,Family,Ready to Move,"1,200 sqft",Hebbal,4w
10000.0,30000,Semi Furnished,1 BHK,Company,Ready to Move,600 sqft,Hebbal,4w
22000.0,150000,Semi Furnished,2 BHK,Family,Ready to Move,"1,052 sqft",Hebbal,4w
26000.0,100000,Semi Furnished,2 BHK,Family,Ready to Move,"1,150 sqft",Hebbal,4w
23500.0,100000,Semi Furnished,2 BHK,Company,01-Dec-24,"1,280 sqft",Hebbal,4w
22000.0,200000,Semi Furnished,2 BHK,All,Ready to Move,700 sqft,Hebbal,4w
25800.0,200000,Semi Furnished,2 BHK,Family,01-Dec-24,"1,150 sqft",Hebbal,4w
15000.0,100000,Semi Furnished,2 BHK,Family,01-Dec-24,900 sqft,Hebbal,4w
23000.0,175000,Semi Furnished,3 BHK,Family,30-Nov-24,"1,100 sqft",Hebbal,4w
24000.0,250000,Fully Furnished,1 BHK,All,Ready to Move,700 sqft,Hebbal,4w
21200.0,200000,Semi Furnished,2 BHK,Family,Ready to Move,"1,005 sqft",Hebbal,4w
14000.0,140000,Unfurnished,1 BHK,Family,Ready to Move,750 sqft,Hebbal,4w
10000.0,50000,Unfurnished,1 BHK,Family,Ready to Move,500 sqft,Hebbal,4w
24000.0,240000,Semi Furnished,3 BHK,Family,20-Dec-24,"1,300 sqft",Hebbal,4w
15000.0,150000,Semi Furnished,2 BHK,Family,15-Dec-24,800 sqft,Hebbal,4w
7000.0,40000,Unfurnished,1 BHK,Family,Ready to Move,500 sqft,Hebbal,4w
16000.0,100000,Unfurnished,2 BHK,All,Ready to Move,700 sqft,Hebbal,4w
60000.0,600000,Semi Furnished,3 BHK,All,Ready to Move,"1,500 sqft",Hebbal,4w
20000.0,200000,Semi Furnished,2 BHK,Family,Ready to Move,930 sqft,Hebbal,4w
25000.0,200000,Semi Furnished,2 BHK,All,Ready to Move,"1,500 sqft",Hebbal,4w
16000.0,50000,Semi Furnished,2 BHK,Family,Ready to Move,"1,000 sqft",Hebbal,4w
35000.0,250000,Semi Furnished,3 BHK,Family,Ready to Move,"1,750 sqft",Hebbal,4w
8700.0,70000,Semi Furnished,1 BHK,All,Ready to Move,500 sqft,Hebbal,4w
23000.0,230000,Semi Furnished,2 BHK,Family,Ready to Move,"1,100 sqft",Hebbal,4w
25000.0,200000,Semi Furnished,3 BHK,Family,01-Jan-25,"2,100 sqft",Hebbal,4w
15000.0,100000,Semi Furnished,2 BHK,All,Ready to Move,700 sqft,Hebbal,4w
8000.0,40000,Semi Furnished,1 BHK,Family,Ready to Move,500 sqft,Hebbal,4w
8000.0,50000,Semi Furnished,1 BHK,Family,Ready to Move,400 sqft,Hebbal,4w
28000.0,250000,Semi Furnished,2 BHK,All,Ready to Move,800 sqft,Hebbal,4w
15500.0,100000,Semi Furnished,2 BHK,Family,Ready to Move,"1,200 sqft",Hebbal,4w
13000.0,200000,Semi Furnished,1 BHK,Family,Ready to Move,600 sqft,Hebbal,4w
20000.0,200000,Semi Furnished,2 BHK,All,15-Jan-25,"1,050 sqft",Hebbal,4w
10000.0,100000,Unfurnished,1 BHK,All,Ready to Move,750 sqft,Hebbal,4w
15000.0,100000,Unfurnished,2 BHK,Family,Ready to Move,650 sqft,Hebbal,4w
23000.0,150000,Semi Furnished,3 BHK,All,Ready to Move,"1,000 sqft",Hebbal,4w
14000.0,100000,Semi Furnished,2 BHK,All,07-Dec-24,800 sqft,Hebbal,4w
12000.0,50000,Semi Furnished,1 BHK,All,Ready to Move,400 sqft,Hebbal,4w
8000.0,50000,Semi Furnished,1 BHK,Family,Ready to Move,500 sqft,Hebbal,4w
18000.0,100000,Semi Furnished,2 BHK,All,Ready to Move,800 sqft,Hebbal,4w
20000.0,200000,Unfurnished,2 BHK,All,Ready to Move,600 sqft,Hebbal,4w
15500.0,100000,Semi Furnished,2 BHK,Company,Ready to Move,700 sqft,Hebbal,4w
20000.0,150000,Semi Furnished,2 BHK,Family,Ready to Move,"1,500 sqft",Hebbal,4w
50000.0,500000,Semi Furnished,3 BHK,"Family, Company",01-Dec-24,"2,000 sqft",Hebbal,4w
20000.0,400000,Unfurnished,3 BHK,Family,01-Jan-25,990 sqft,Hebbal,4w
25000.0,250000,Semi Furnished,2 BHK,Family,Ready to Move,800 sqft,Hebbal,4w
35000.0,200000,Semi Furnished,3 BHK,Family,Ready to Move,"2,100 sqft",Hebbal,4w
21000.0,200000,Semi Furnished,2 BHK,Company,Ready to Move,"1,500 sqft",Hebbal,4w
20000.0,150000,Semi Furnished,2 BHK,Family,Ready to Move,850 sqft,Hebbal,4w
15000.0,150000,Semi Furnished,2 BHK,Family,Ready to Move,800 sqft,Hebbal,4w
13000.0,100000,Fully Furnished,1 BHK,Company,Ready to Move,350 sqft,Hebbal,4w
14500.0,140000,Semi Furnished,1 BHK,All,Ready to Move,550 sqft,Hebbal,4w
36100.0,200000,Semi Furnished,2 BHK,All,Ready to Move,"1,200 sqft",Hebbal,4w
16500.0,70000,Semi Furnished,2 BHK,All,03-Dec-24,"1,450 sqft",Hebbal,4w
25000.0,150000,Semi Furnished,2 BHK,All,Ready to Move,"1,100 sqft",Hebbal,4w
17000.0,150000,Semi Furnished,3 BHK,All,Ready to Move,"1,000 sqft",Hebbal,4w
9000.0,100000,Fully Furnished,1 BHK,Family,Ready to Move,600 sqft,Hebbal,4w
12000.0,100000,Semi Furnished,1 BHK,All,Ready to Move,400 sqft,Hebbal,4w
25000.0,200000,Semi Furnished,2 BHK,All,Ready to Move,"1,100 sqft",Hebbal,4w
22000.0,220000,Unfurnished,3 BHK,Family,Ready to Move,"1,200 sqft",Hebbal,4w
30000.0,300000,Semi Furnished,3 BHK,All,Ready to Move,"1,500 sqft",Hebbal,4w
17100.0,120000,Semi Furnished,2 BHK,All,Ready to Move,"1,020 sqft",Hebbal,4w
26000.0,150000,Semi Furnished,2 BHK,All,Ready to Move,"1,000 sqft",Hebbal,4w
30500.0,200000,Semi Furnished,2 BHK,Family,Ready to Move,985 sqft,Hebbal,4w
22000.0,200000,Unfurnished,3 BHK,Family,Ready to Move,"1,200 sqft",Hebbal,4w
30000.0,300000,Semi Furnished,3 BHK,All,Ready to Move,"2,400 sqft",Hebbal,4w
17600.0,120000,Semi Furnished,2 BHK,Family,Ready to Move,850 sqft,Hebbal,4w
21700.0,100000,Semi Furnished,2 BHK,Family,Ready to Move,"1,000 sqft",Hebbal,4w
20000.0,120000,Semi Furnished,3 BHK,Family,Ready to Move,"1,250 sqft",Hebbal,4w
25000.0,250000,Unfurnished,2 BHK,Family,Ready to Move,900 sqft,Hebbal,4w
20000.0,200000,Unfurnished,2 BHK,Family,Ready to Move,700 sqft,Hebbal,4w
30000.0,300000,Semi Furnished,3 BHK,All,Ready to Move,"1,200 sqft",Hebbal,4w
20000.0,180000,Semi Furnished,2 BHK,Family,Ready to Move,"1,050 sqft",Hebbal,4w
9000.0,90000,Semi Furnished,1 RK,Bachelor,Ready to Move,200 sqft,Hebbal,4w
19200.0,200000,Semi Furnished,2 BHK,Family,Ready to Move,800 sqft,Hebbal,4w
30000.0,300000,Semi Furnished,2 BHK,Bachelor,Ready to Move,"1,400 sqft",Hebbal,4w
18000.0,100000,Semi Furnished,2 BHK,Family,Ready to Move,"1,000 sqft",Hebbal,4w
22000.0,200000,Semi Furnished,2 BHK,All,Ready to Move,"1,200 sqft",Hebbal,4w
24000.0,100000,Semi Furnished,2 BHK,All,Ready to Move,"2,300 sqft",Hebbal,4w
27800.0,150000,Semi Furnished,3 BHK,Family,Ready to Move,"1,300 sqft",Hebbal,4w
54500.0,300000,Fully Furnished,3 BHK,Family,08-Dec-24,"1,294 sqft",Hebbal,4w
38001.0,250000,Semi Furnished,2 BHK,All,Ready to Move,"1,140 sqft",Hebbal,4w
25000.0,250000,Semi Furnished,2 BHK,Family,Ready to Move,"1,000 sqft",Hebbal,4w
70000.0,350000,Fully Furnished,3 BHK,All,Ready to Move,"1,615 sqft",Hebbal,4w
45100.0,400000,Semi Furnished,3 BHK,Family,Ready to Move,"1,489 sqft",Hebbal,4w
26000.0,150000,Semi Furnished,3 BHK,Family,Ready to Move,"1,650 sqft",Hebbal,4w
47000.0,200000,Semi Furnished,2 BHK,Family,Ready to Move,"1,141 sqft",Hebbal,4w
41700.0,300000,Semi Furnished,2 BHK,All,Ready to Move,"1,141 sqft",Hebbal,4w
45000.0,200000,Semi Furnished,2 BHK,All,Ready to Move,"1,141 sqft",Hebbal,4w
20000.0,100000,Semi Furnished,2 BHK,Family,01-Jan-25,"1,200 sqft",Whitefield,nop
22000.0,100000,Semi Furnished,2 BHK,All,Ready to Move,"1,200 sqft",Whitefield,nop
35000.0,110000,Semi Furnished,3 BHK,All,Ready to Move,"1,200 sqft",Whitefield,nop
6000.0,25000,Unfurnished,1 RK,Bachelor,01-Dec-24,250 sqft,Whitefield,nop
11000.0,25000,Unfurnished,1 BHK,Company,15-Dec-24,300 sqft,Whitefield,nop
15000.0,50000,Unfurnished,1 BHK,All,07-Dec-24,550 sqft,Whitefield,nop
16000.0,50000,Semi Furnished,2 BHK,Company,Ready to Move,600 sqft,Whitefield,nop
15000.0,50000,Semi Furnished,1 BHK,Family,Ready to Move,600 sqft,Whitefield,nop
7500.0,12000,Unfurnished,1 RK,Bachelor,Ready to Move,120 sqft,Whitefield,nop
10000.0,30000,Unfurnished,1 RK,Bachelor,13-Dec-24,350 sqft,Whitefield,nop
30000.0,70000,Semi Furnished,2 BHK,Family,10-Dec-24,"1,000 sqft",Whitefield,nop
10500.0,40000,Semi Furnished,1 BHK,All,Ready to Move,500 sqft,Whitefield,nop
17000.0,60000,Semi Furnished,1 BHK,All,01-Dec-24,500 sqft,Whitefield,nop
15000.0,50000,Unfurnished,2 BHK,All,Ready to Move,800 sqft,Whitefield,nop
13500.0,50000,Semi Furnished,1 BHK,Family,Ready to Move,600 sqft,Whitefield,nop
7000.0,30000,Unfurnished,1 BHK,All,Ready to Move,300 sqft,Whitefield,nop
16000.0,50000,Semi Furnished,1 BHK,Company,02-Dec-24,550 sqft,Whitefield,nop
18000.0,50000,Semi Furnished,1 BHK,Family,Ready to Move,600 sqft,Whitefield,nop
25000.0,70000,Semi Furnished,2 BHK,Family,22-Dec-24,900 sqft,Whitefield,nop
10500.0,31500,Unfurnished,1 BHK,Family,Ready to Move,750 sqft,Whitefield,nop
12000.0,60000,Semi Furnished,1 BHK,All,Ready to Move,700 sqft,Whitefield,nop
19000.0,80000,Semi Furnished,1 BHK,All,Ready to Move,500 sqft,Whitefield,nop
19999.0,50000,Semi Furnished,2 BHK,All,Ready to Move,600 sqft,Whitefield,nop
33000.0,80000,Fully Furnished,2 BHK,All,Ready to Move,850 sqft,Whitefield,nop
16000.0,50000,Semi Furnished,1 BHK,Company,Ready to Move,750 sqft,Whitefield,nop
17000.0,40000,Semi Furnished,1 BHK,All,01-Dec-24,650 sqft,Whitefield,nop
6000.0,15000,Unfurnished,1 RK,All,Ready to Move,200 sqft,Whitefield,nop
15000.0,50000,Semi Furnished,1 BHK,Family,Ready to Move,900 sqft,Whitefield,nop
26000.0,70000,Semi Furnished,2 BHK,Company,29-Nov-24,900 sqft,Whitefield,nop
7300.0,20000,Semi Furnished,1 RK,Male,29-Nov-24,200 sqft,Whitefield,nop
17000.0,50000,Semi Furnished,1 BHK,All,Ready to Move,450 sqft,Whitefield,nop
21000.0,70000,Semi Furnished,1 BHK,Family,05-Dec-24,650 sqft,Whitefield,nop
18500.0,50000,Semi Furnished,1 BHK,Family,Ready to Move,450 sqft,Whitefield,nop
23000.0,80000,Semi Furnished,2 BHK,Family,Ready to Move,"1,000 sqft",Whitefield,nop
28000.0,56000,Fully Furnished,3 BHK,Bachelor,Ready to Move,"1,400 sqft",Whitefield,nop
15000.0,50000,Unfurnished,1 BHK,Bachelor,Ready to Move,350 sqft,Whitefield,nop
35000.0,100000,Semi Furnished,2 BHK,All,30-Nov-24,800 sqft,Whitefield,nop
27000.0,75000,Fully Furnished,1 BHK,Family,01-Dec-24,550 sqft,Whitefield,nop
14000.0,40000,Semi Furnished,1 BHK,Family,Ready to Move,500 sqft,Whitefield,nop
8000.0,30000,Semi Furnished,1 BHK,Bachelor,Ready to Move,600 sqft,Whitefield,nop
10000.0,35000,Semi Furnished,1 BHK,Family,Ready to Move,900 sqft,Whitefield,nop
18000.0,45000,Semi Furnished,1 BHK,All,Ready to Move,600 sqft,Whitefield,nop
18000.0,50000,Semi Furnished,1 BHK,All,Ready to Move,700 sqft,Whitefield,nop
26000.0,60000,Semi Furnished,2 BHK,Family,Ready to Move,600 sqft,Whitefield,nop
20000.0,60000,Semi Furnished,1 BHK,All,03-Jan-25,500 sqft,Whitefield,nop
17000.0,50000,Semi Furnished,1 BHK,Family,Ready to Move,900 sqft,Whitefield,nop
13500.0,40000,Semi Furnished,1 BHK,Company,Ready to Move,750 sqft,Whitefield,nop
11000.0,20000,Unfurnished,1 BHK,All,Ready to Move,400 sqft,Whitefield,nop
16500.0,50000,Semi Furnished,2 BHK,Family,Ready to Move,900 sqft,Whitefield,nop
9500.0,30000,Unfurnished,1 BHK,All,Ready to Move,500 sqft,Whitefield,nop
13000.0,50000,Semi Furnished,1 BHK,All,Ready to Move,400 sqft,Whitefield,nop
20000.0,60000,Semi Furnished,1 BHK,All,Ready to Move,"1,000 sqft",Whitefield,nop
15000.0,50000,Semi Furnished,1 BHK,All,Ready to Move,500 sqft,Whitefield,nop
9000.0,27000,Semi Furnished,1 RK,All,01-Dec-24,200 sqft,Whitefield,nop
16000.0,40000,Semi Furnished,1 BHK,Family,Ready to Move,500 sqft,Whitefield,nop
13000.0,35000,Unfurnished,1 BHK,Family,Ready to Move,500 sqft,Whitefield,nop
20000.0,100000,Semi Furnished,1 BHK,All,Ready to Move,500 sqft,Whitefield,nop
14000.0,100000,Semi Furnished,2 BHK,Family,Ready to Move,601 sqft,Whitefield,nop
16000.0,70000,Semi Furnished,1 BHK,All,Ready to Move,600 sqft,Whitefield,2w
21500.0,50000,Semi Furnished,1 BHK,All,Ready to Move,500 sqft,Whitefield,2w
42000.0,200000,Semi Furnished,1 BHK,All,01-Dec-24,630 sqft,Whitefield,2w
60200.0,350000,Fully Furnished,2 BHK,Family,14-Jan-25,"1,300 sqft",Whitefield,2w
44072.0,200000,Semi Furnished,2 BHK,Family,Ready to Move,"1,230 sqft",Whitefield,2w
39000.0,150000,Semi Furnished,2 BHK,Family,Ready to Move,"1,150 sqft",Whitefield,2w
49000.0,150000,Semi Furnished,3 BHK,Family,Ready to Move,"1,656 sqft",Whitefield,2w
65000.0,200000,Semi Furnished,3 BHK,All,Ready to Move,"1,800 sqft",Whitefield,2w
31000.0,120000,Semi Furnished,2 BHK,Family,Ready to Move,850 sqft,Whitefield,2w
53103.0,250000,Semi Furnished,3 BHK,Family,01-Dec-24,"1,500 sqft",Whitefield,2w
55000.0,200000,Fully Furnished,3 BHK,Family,06-Jan-25,"1,610 sqft",Whitefield,2w
41500.0,250000,Semi Furnished,2 BHK,Family,Ready to Move,"1,265 sqft",Whitefield,2w
46500.0,150000,Fully Furnished,2 BHK,"Female, Family",Ready to Move,"1,318 sqft",Whitefield,2w
29300.0,120000,Semi Furnished,1 BHK,All,Ready to Move,800 sqft,Whitefield,2w
16000.0,50000,Semi Furnished,1 BHK,All,Ready to Move,500 sqft,Whitefield,2w
15000.0,150000,Semi Furnished,2 BHK,All,Ready to Move,"1,000 sqft",Whitefield,2w
30000.0,100000,Semi Furnished,2 BHK,All,Ready to Move,850 sqft,Whitefield,2w
11000.0,40000,Semi Furnished,1 BHK,All,Ready to Move,300 sqft,Whitefield,2w
6750.0,20000,Semi Furnished,1 RK,Bachelor,Ready to Move,250 sqft,Whitefield,2w
46500.0,100000,Fully Furnished,2 BHK,All,Ready to Move,"1,350 sqft",Whitefield,2w
18000.0,80000,Semi Furnished,2 BHK,Family,Ready to Move,"1,000 sqft",Whitefield,2w
35000.0,100000,Semi Furnished,3 BHK,All,Ready to Move,"1,200 sqft",Whitefield,2w
18000.0,60000,Semi Furnished,1 BHK,Family,30-Nov-24,600 sqft,Whitefield,2w
19000.0,70000,Semi Furnished,1 BHK,All,30-Nov-24,500 sqft,Whitefield,2w
18000.0,60000,Semi Furnished,1 BHK,Company,Ready to Move,600 sqft,Whitefield,2w
9500.0,30000,Semi Furnished,1 RK,Male,Ready to Move,250 sqft,Whitefield,2w
20000.0,50000,Semi Furnished,2 BHK,Family,07-Dec-24,600 sqft,Whitefield,2w
20000.0,100000,Semi Furnished,2 BHK,All,Ready to Move,900 sqft,Whitefield,2w
9500.0,40000,Semi Furnished,1 RK,Bachelor,Ready to Move,250 sqft,Whitefield,2w
8000.0,29998,Unfurnished,1 BHK,Bachelor,Ready to Move,500 sqft,Whitefield,2w
15000.0,50000,Unfurnished,1 BHK,All,Ready to Move,550 sqft,Whitefield,2w
12000.0,30000,Semi Furnished,1 BHK,All,Ready to Move,500 sqft,Whitefield,2w
26000.0,260000,Semi Furnished,2 BHK,Family,Ready to Move,"1,000 sqft",Whitefield,2w
13000.0,30000,Semi Furnished,1 BHK,Family,10-Dec-24,750 sqft,Whitefield,2w
17000.0,50000,Semi Furnished,2 BHK,Family,Ready to Move,800 sqft,Whitefield,2w
8000.0,99997,Unfurnished,2 BHK,Family,Ready to Move,800 sqft,Whitefield,2w
9000.0,30000,Unfurnished,1 BHK,All,Ready to Move,500 sqft,Whitefield,2w
16500.0,30000,Semi Furnished,1 BHK,All,01-Dec-24,450 sqft,Whitefield,2w
15000.0,50000,Semi Furnished,1 BHK,Family,12-Dec-24,600 sqft,Whitefield,2w
18500.0,50000,Semi Furnished,1 BHK,All,Ready to Move,450 sqft,Whitefield,2w
14000.0,40000,Semi Furnished,1 BHK,"Family, Bachelor",29-Nov-24,600 sqft,Whitefield,2w
15000.0,40000,Semi Furnished,1 BHK,All,03-Dec-24,450 sqft,Whitefield,2w
14000.0,45000,Semi Furnished,1 BHK,Company,Ready to Move,650 sqft,Whitefield,2w
12000.0,40000,Unfurnished,1 BHK,All,Ready to Move,400 sqft,Whitefield,2w
9500.0,25000,Semi Furnished,1 BHK,All,Ready to Move,450 sqft,Whitefield,2w
14000.0,55000,Semi Furnished,2 BHK,All,30-Nov-24,900 sqft,Whitefield,2w
17000.0,50000,Semi Furnished,1 BHK,Family,Ready to Move,550 sqft,Whitefield,2w
12000.0,30000,Unfurnished,1 BHK,Family,Ready to Move,450 sqft,Whitefield,2w
16500.0,50000,Unfurnished,1 BHK,"Family, Female",15-Dec-24,650 sqft,Whitefield,2w
23700.0,100000,Semi Furnished,2 BHK,All,Ready to Move,"1,800 sqft",Whitefield,2w
18000.0,53999,Semi Furnished,1 BHK,All,01-Dec-24,475 sqft,Whitefield,2w
9500.0,50000,Unfurnished,1 BHK,All,Ready to Move,450 sqft,Whitefield,2w
15200.0,50000,Unfurnished,2 BHK,All,Ready to Move,604 sqft,Whitefield,2w
10000.0,100000,Fully Furnished,1 BHK,All,01-Jan-25,400 sqft,Whitefield,2w
20000.0,60000,Semi Furnished,1 BHK,Family,15-Dec-24,500 sqft,Whitefield,2w
9000.0,40000,Semi Furnished,1 BHK,All,05-Dec-24,650 sqft,Whitefield,2w
18000.0,70000,Semi Furnished,1 BHK,Company,Ready to Move,500 sqft,Whitefield,2w
7500.0,30000,Semi Furnished,1 RK,Male,Ready to Move,500 sqft,Whitefield,2w
23000.0,60000,Semi Furnished,2 BHK,All,07-Dec-24,"1,300 sqft",Whitefield,2w
15500.0,75000,Unfurnished,1 BHK,All,Ready to Move,700 sqft,Whitefield,2w
15000.0,50000,Semi Furnished,1 BHK,All,01-Dec-24,500 sqft,Whitefield,2w
16000.0,32000,Unfurnished,1 BHK,Bachelor,Ready to Move,700 sqft,Whitefield,2w
25000.0,75000,Fully Furnished,1 BHK,Company,Ready to Move,450 sqft,Whitefield,2w
14200.0,35000,Semi Furnished,1 BHK,All,Ready to Move,350 sqft,Whitefield,2w
16000.0,50000,Semi Furnished,1 BHK,All,Ready to Move,350 sqft,Whitefield,2w
16000.0,40000,Semi Furnished,2 BHK,Company,01-Dec-24,650 sqft,Whitefield,2w
15000.0,45000,Semi Furnished,1 BHK,Male,Ready to Move,"1,200 sqft",Whitefield,2w
22500.0,100000,Semi Furnished,2 BHK,Family,01-Jan-25,600 sqft,Whitefield,2w
10000.0,25000,Unfurnished,1 BHK,Family,Ready to Move,400 sqft,Whitefield,2w
15500.0,75000,Semi Furnished,1 BHK,Family,01-Jan-25,600 sqft,Whitefield,2w
17750.0,60000,Semi Furnished,1 BHK,All,Ready to Move,500 sqft,Whitefield,2w
16500.0,50000,Semi Furnished,1 BHK,"Male, Family",30-Nov-24,500 sqft,Whitefield,2w
12000.0,40000,Semi Furnished,1 BHK,All,Ready to Move,400 sqft,Whitefield,2w
10000.0,30000,Unfurnished,1 BHK,All,Ready to Move,"1,200 sqft",Whitefield,2w
18000.0,70000,Semi Furnished,1 BHK,All,Ready to Move,500 sqft,Whitefield,2w
17000.0,40000,Semi Furnished,1 BHK,Family,Ready to Move,600 sqft,Whitefield,2w
13000.0,50000,Semi Furnished,1 BHK,Family,29-Nov-24,550 sqft,Whitefield,2w
36000.0,100000,Fully Furnished,2 BHK,"Female, Family",01-Dec-24,"1,000 sqft",Whitefield,2w
11000.0,30000,Semi Furnished,2 BHK,All,Ready to Move,600 sqft,Whitefield,2w
15000.0,50000,Unfurnished,2 BHK,Family,Ready to Move,500 sqft,Whitefield,2w
13000.0,45000,Semi Furnished,1 BHK,All,Ready to Move,650 sqft,Whitefield,2w
14000.0,50000,Unfurnished,1 BHK,"Family, Female",01-Dec-24,900 sqft,Whitefield,2w
10000.0,30000,Semi Furnished,1 RK,All,Ready to Move,200 sqft,Whitefield,2w
30000.0,100000,Semi Furnished,2 BHK,Family,Ready to Move,725 sqft,Whitefield,2w
9000.0,20000,Unfurnished,1 RK,Bachelor,Ready to Move,250 sqft,Whitefield,2w
10000.0,30000,Semi Furnished,1 RK,"Family, Bachelor",Ready to Move,500 sqft,Whitefield,2w
7500.0,25000,Semi Furnished,1 RK,All,Ready to Move,300 sqft,Whitefield,2w
18500.0,80000,Semi Furnished,1 BHK,Family,Ready to Move,500 sqft,Whitefield,2w
20000.0,50000,Semi Furnished,1 BHK,All,Ready to Move,800 sqft,Whitefield,2w
23000.0,70000,Semi Furnished,2 BHK,"Family, Bachelor",Ready to Move,"1,350 sqft",Whitefield,2w
10000.0,40000,Semi Furnished,1 BHK,All,Ready to Move,400 sqft,Whitefield,2w
35000.0,100000,Semi Furnished,3 BHK,All,Ready to Move,"1,400 sqft",Whitefield,2w
21000.0,60000,Unfurnished,2 BHK,All,Ready to Move,"1,300 sqft",Whitefield,2w
18000.0,80000,Unfurnished,2 BHK,All,Ready to Move,750 sqft,Whitefield,2w
10000.0,40000,Semi Furnished,1 BHK,All,Ready to Move,680 sqft,Whitefield,2w
25000.0,60000,Semi Furnished,2 BHK,Bachelor,30-Nov-24,"1,500 sqft",Whitefield,2w
26000.0,100000,Semi Furnished,3 BHK,All,Ready to Move,"1,200 sqft",Whitefield,2w
31000.0,150000,Semi Furnished,2 BHK,All,Ready to Move,800 sqft,Whitefield,2w
19000.0,80000,Semi Furnished,2 BHK,Family,15-Dec-24,900 sqft,Whitefield,2w
27015.0,100000,Semi Furnished,2 BHK,Family,Ready to Move,700 sqft,Whitefield,2w
7500.0,30000,Unfurnished,1 RK,"Company, Bachelor",Ready to Move,600 sqft,Whitefield,2w
7500.0,30000,Semi Furnished,1 RK,All,Ready to Move,265 sqft,Whitefield,2w
10000.0,30000,Semi Furnished,1 BHK,Family,15-Dec-24,800 sqft,Whitefield,2w
23000.0,100000,Semi Furnished,2 BHK,"Family, Female",03-Jan-25,850 sqft,Whitefield,2w
9000.0,40000,Semi Furnished,1 BHK,All,Ready to Move,500 sqft,Whitefield,2w
28500.0,100000,Fully Furnished,1 BHK,Company,Ready to Move,"1,200 sqft",Whitefield,2w
14000.0,42000,Semi Furnished,1 BHK,Family,01-Dec-24,"1,200 sqft",Whitefield,2w
9000.0,25000,Unfurnished,1 RK,All,01-Dec-24,300 sqft,Whitefield,2w
17000.0,50000,Unfurnished,1 BHK,All,01-Dec-24,550 sqft,Whitefield,2w
16000.0,50000,Semi Furnished,2 BHK,Family,Ready to Move,"1,000 sqft",Whitefield,2w
15500.0,50000,Semi Furnished,1 BHK,All,Ready to Move,600 sqft,Whitefield,2w
24000.0,70000,Semi Furnished,2 BHK,Company,01-Jan-25,"1,100 sqft",Whitefield,2w
16500.0,75000,Semi Furnished,1 BHK,Male,Ready to Move,450 sqft,Whitefield,2w
7000.0,30000,Semi Furnished,1 BHK,Company,Ready to Move,400 sqft,Whitefield,2w
12000.0,50000,Semi Furnished,1 BHK,All,Ready to Move,800 sqft,Whitefield,2w
11000.0,40000,Semi Furnished,1 BHK,Bachelor,Ready to Move,400 sqft,Whitefield,2w
16000.0,100000,Semi Furnished,2 BHK,Company,15-Dec-24,"1,200 sqft",Whitefield,2w
29000.0,90000,Fully Furnished,2 BHK,Family,Ready to Move,950 sqft,Whitefield,2w
10000.0,40000,Unfurnished,1 BHK,All,Ready to Move,600 sqft,Whitefield,2w
8000.0,25000,Semi Furnished,1 BHK,All,Ready to Move,500 sqft,Whitefield,2w
18700.0,50000,Semi Furnished,1 BHK,All,01-Jan-25,450 sqft,Whitefield,2w
12000.0,40000,Fully Furnished,1 BHK,All,Ready to Move,400 sqft,Whitefield,2w
10000.0,40000,Unfurnished,2 BHK,Family,Ready to Move,600 sqft,Whitefield,2w
14000.0,50000,Semi Furnished,1 BHK,All,Ready to Move,400 sqft,Whitefield,2w
18750.0,50000,Semi Furnished,1 BHK,All,Ready to Move,500 sqft,Whitefield,2w
13500.0,60003,Unfurnished,2 BHK,All,06-Dec-24,600 sqft,Whitefield,2w
8500.0,30000,Unfurnished,1 BHK,All,Ready to Move,900 sqft,Whitefield,2w
12500.0,50000,Semi Furnished,1 BHK,All,Ready to Move,700 sqft,Whitefield,2w
14000.0,50000,Semi Furnished,1 BHK,Family,Ready to Move,500 sqft,Whitefield,2w
10000.0,40000,Semi Furnished,1 BHK,Company,Ready to Move,500 sqft,Whitefield,2w
11000.0,50000,Fully Furnished,1 BHK,All,01-Jan-25,555 sqft,Whitefield,2w
10000.0,30000,Fully Furnished,1 RK,Bachelor,Ready to Move,300 sqft,Whitefield,2w
18000.0,100000,Unfurnished,1 BHK,Family,Ready to Move,500 sqft,Whitefield,2w
15000.0,50000,Semi Furnished,1 BHK,Family,Ready to Move,450 sqft,Whitefield,2w
28000.0,70000,Semi Furnished,2 BHK,Family,22-Dec-24,900 sqft,Whitefield,2w
23000.0,60000,Semi Furnished,1 BHK,Bachelor,Ready to Move,494 sqft,Whitefield,2w
13000.0,50000,Semi Furnished,2 BHK,Male,Ready to Move,400 sqft,Whitefield,2w
16000.0,50000,Unfurnished,2 BHK,Family,Ready to Move,600 sqft,Whitefield,2w
17000.0,60000,Unfurnished,1 BHK,All,Ready to Move,600 sqft,Whitefield,2w
28000.0,150000,Semi Furnished,3 BHK,Family,Ready to Move,"1,200 sqft",Whitefield,2w
21999.0,80000,Unfurnished,2 BHK,Male,Ready to Move,850 sqft,Whitefield,2w
10000.0,40000,Semi Furnished,1 BHK,All,Ready to Move,750 sqft,Whitefield,2w
13000.0,35000,Semi Furnished,2 BHK,All,Ready to Move,800 sqft,Whitefield,2w
15000.0,30000,Unfurnished,1 BHK,All,Ready to Move,465 sqft,Whitefield,2w
18600.0,100000,Unfurnished,2 BHK,Family,Ready to Move,950 sqft,Whitefield,2w
12000.0,30000,Unfurnished,1 BHK,All,Ready to Move,500 sqft,Whitefield,2w
12000.0,40000,Fully Furnished,1 BHK,Company,Ready to Move,600 sqft,Whitefield,2w
8500.0,48000,Fully Furnished,1 RK,Male,Ready to Move,130 sqft,Whitefield,2w
23000.0,50000,Semi Furnished,2 BHK,All,Ready to Move,500 sqft,Whitefield,2w
12500.0,40000,Semi Furnished,1 BHK,All,30-Nov-24,400 sqft,Whitefield,2w
24000.0,60000,Semi Furnished,1 BHK,"Female, Family",Ready to Move,750 sqft,Whitefield,2w
11000.0,40000,Semi Furnished,1 BHK,Bachelor,Ready to Move,600 sqft,Whitefield,2w
10000.0,50000,Semi Furnished,1 BHK,Family,Ready to Move,300 sqft,Whitefield,2w
10000.0,60000,Semi Furnished,1 BHK,Family,01-Dec-24,750 sqft,Whitefield,2w
13200.0,30000,Semi Furnished,1 BHK,All,Ready to Move,450 sqft,Whitefield,2w
12500.0,37500,Fully Furnished,1 BHK,All,Ready to Move,700 sqft,Whitefield,2w
11000.0,40000,Semi Furnished,1 BHK,All,Ready to Move,700 sqft,Whitefield,2w
7500.0,25000,Semi Furnished,1 RK,Bachelor,Ready to Move,150 sqft,Whitefield,2w
15000.0,40000,Semi Furnished,1 BHK,Bachelor,01-Dec-24,750 sqft,Whitefield,2w
13500.0,30000,Unfurnished,1 BHK,Family,Ready to Move,600 sqft,Whitefield,2w
7000.0,30000,Unfurnished,1 BHK,All,Ready to Move,350 sqft,Whitefield,2w
27000.0,150000,Semi Furnished,3 BHK,All,Ready to Move,"1,100 sqft",Whitefield,2w
12000.0,50000,Unfurnished,1 BHK,Family,01-Dec-24,550 sqft,Whitefield,2w
20000.0,70000,Unfurnished,2 BHK,All,Ready to Move,800 sqft,Whitefield,2w
13000.0,30000,Semi Furnished,2 BHK,Family,Ready to Move,700 sqft,Whitefield,2w
10000.0,30000,Unfurnished,1 RK,All,Ready to Move,500 sqft,Whitefield,2w
13000.0,20000,Semi Furnished,1 BHK,Family,Ready to Move,450 sqft,Whitefield,2w
10000.0,40000,Unfurnished,1 BHK,All,01-Dec-24,600 sqft,Whitefield,2w
14000.0,50000,Unfurnished,2 BHK,Bachelor,30-Nov-24,600 sqft,Whitefield,2w
18000.0,50000,Semi Furnished,2 BHK,All,Ready to Move,900 sqft,Whitefield,2w
13000.0,50000,Unfurnished,1 BHK,Family,Ready to Move,600 sqft,Whitefield,2w
24499.0,85000,Semi Furnished,2 BHK,"Female, Family",Ready to Move,850 sqft,Whitefield,2w
8000.0,50000,Semi Furnished,1 RK,"Female, Family",29-Nov-24,120 sqft,Whitefield,2w
15000.0,100000,Semi Furnished,1 BHK,Family,29-Nov-24,600 sqft,Whitefield,2w
19000.0,65000,Semi Furnished,2 BHK,Family,Ready to Move,"1,000 sqft",Whitefield,2w
5500.0,20000,Unfurnished,1 BHK,Family,Ready to Move,300 sqft,Whitefield,2w
11500.0,40000,Semi Furnished,1 BHK,All,Ready to Move,500 sqft,Whitefield,2w
6500.0,20000,Unfurnished,1 RK,All,Ready to Move,300 sqft,Whitefield,2w
35000.0,100000,Unfurnished,2 BHK,All,Ready to Move,"1,000 sqft",Whitefield,2w
13000.0,25000,Semi Furnished,2 BHK,Family,Ready to Move,500 sqft,Whitefield,2w
21500.0,100000,Semi Furnished,2 BHK,All,Ready to Move,700 sqft,Whitefield,2w
17000.0,70000,Semi Furnished,1 BHK,"Family, Bachelor",Ready to Move,500 sqft,Whitefield,2w
21000.0,70000,Semi Furnished,1 BHK,All,01-Jan-25,450 sqft,Whitefield,2w
22000.0,75000,Semi Furnished,2 BHK,All,Ready to Move,"1,050 sqft",Whitefield,2w
35000.0,200000,Semi Furnished,3 BHK,All,Ready to Move,"1,700 sqft",Whitefield,2w
29000.0,70000,Semi Furnished,2 BHK,Company,Ready to Move,900 sqft,Whitefield,2w
52000.0,200000,Fully Furnished,2 BHK,"Family, Bachelor",03-Jan-25,"1,322 sqft",Whitefield,2w
54500.0,300000,Fully Furnished,2 BHK,All,01-Dec-24,"1,138 sqft",Whitefield,2w
30000.0,100000,Semi Furnished,2 BHK,Family,Ready to Move,"1,050 sqft",Whitefield,2w
33000.0,200000,Semi Furnished,2 BHK,All,01-Dec-24,"1,180 sqft",Whitefield,2w
20000.0,80000,Semi Furnished,1 BHK,All,01-Dec-24,500 sqft,Whitefield,2w
28000.0,200000,Semi Furnished,2 BHK,Family,Ready to Move,"1,146 sqft",Whitefield,2w
48445.0,90000,Fully Furnished,2 BHK,Family,01-Dec-24,"1,378 sqft",Whitefield,2w
40000.0,120000,Fully Furnished,2 BHK,All,Ready to Move,"1,500 sqft",Whitefield,2w
39500.0,150000,Semi Furnished,3 BHK,Family,Ready to Move,"1,509 sqft",Whitefield,2w
37000.0,160000,Semi Furnished,2 BHK,Family,30-Nov-24,"1,020 sqft",Whitefield,2w
38000.0,200000,Fully Furnished,2 BHK,All,04-Jan-25,"1,090 sqft",Whitefield,2w
50636.0,250000,Semi Furnished,1 BHK,All,Ready to Move,613 sqft,Whitefield,2w
10000.0,30000,Unfurnished,1 RK,All,Ready to Move,200 sqft,Whitefield,2w
25000.0,100000,Semi Furnished,1 BHK,All,Ready to Move,"1,200 sqft",Whitefield,2w
29750.0,100000,Fully Furnished,1 BHK,Bachelor,01-Dec-24,900 sqft,Whitefield,2w
38000.0,150000,Fully Furnished,3 BHK,Family,Ready to Move,"1,600 sqft",Whitefield,2w
16000.0,60000,Semi Furnished,2 BHK,Family,Ready to Move,900 sqft,Whitefield,2w
60000.0,329999,Fully Furnished,3 BHK,All,Ready to Move,"1,365 sqft",Whitefield,2w
8500.0,30000,Unfurnished,1 BHK,Family,Ready to Move,700 sqft,Whitefield,2w
44000.0,140000,Semi Furnished,3 BHK,Family,Ready to Move,"1,635 sqft",Whitefield,2w
50000.0,250000,Semi Furnished,2 BHK,Family,Ready to Move,"1,352 sqft",Whitefield,2w
36001.0,100000,Semi Furnished,3 BHK,Family,Ready to Move,"1,200 sqft",Whitefield,2w
24000.0,50000,Fully Furnished,1 BHK,All,Ready to Move,400 sqft,Whitefield,2w
39500.0,200000,Fully Furnished,2 BHK,Family,29-Nov-24,"1,200 sqft",Whitefield,2w
70000.0,195000,Semi Furnished,3 BHK,All,30-Nov-24,"1,525 sqft",Whitefield,2w
41200.0,50000,Semi Furnished,3 BHK,All,Ready to Move,"1,750 sqft",Whitefield,2w
36500.0,150000,Semi Furnished,2 BHK,All,Ready to Move,"1,200 sqft",Whitefield,2w
71500.0,300000,Semi Furnished,3 BHK,Family,Ready to Move,"2,154 sqft",Whitefield,2w
65000.0,300000,Fully Furnished,3 BHK,Family,Ready to Move,"1,750 sqft",Whitefield,2w
42000.0,200000,Semi Furnished,2 BHK,All,Ready to Move,"1,300 sqft",Whitefield,2w
68929.0,300000,Semi Furnished,3 BHK,Family,Ready to Move,"1,852 sqft",Whitefield,2w
39100.0,150000,Fully Furnished,2 BHK,Family,Ready to Move,"1,197 sqft",Whitefield,2w
60000.0,250000,Semi Furnished,3 BHK,All,Ready to Move,"1,870 sqft",Whitefield,2w
37500.0,150000,Semi Furnished,2 BHK,Family,Ready to Move,"1,100 sqft",Whitefield,2w
28000.0,50000,Semi Furnished,2 BHK,All,Ready to Move,"1,250 sqft",Whitefield,2w
66500.0,500000,Semi Furnished,3 BHK,All,Ready to Move,"1,639 sqft",Whitefield,2w
70000.0,200000,Fully Furnished,3 BHK,All,Ready to Move,"1,500 sqft",Whitefield,2w
52500.0,150000,Fully Furnished,3 BHK,All,Ready to Move,"1,530 sqft",Whitefield,2w
12000.0,35000,Semi Furnished,1 BHK,All,Ready to Move,650 sqft,Whitefield,2w
17000.0,50000,Semi Furnished,1 BHK,All,Ready to Move,350 sqft,Whitefield,2w
21000.0,60000,Fully Furnished,1 BHK,Company,Ready to Move,650 sqft,Whitefield,2w
16000.0,50000,Semi Furnished,1 BHK,All,Ready to Move,550 sqft,Whitefield,2w
18000.0,75000,Semi Furnished,1 BHK,All,Ready to Move,400 sqft,Whitefield,2w
11000.0,30000,Semi Furnished,1 RK,All,Ready to Move,250 sqft,Whitefield,2w
22000.0,70000,Semi Furnished,1 BHK,All,01-Dec-24,600 sqft,Whitefield,2w
18900.0,55000,Semi Furnished,1 BHK,Company,06-Dec-24,600 sqft,Whitefield,2w
16500.0,50000,Semi Furnished,1 BHK,Family,Ready to Move,500 sqft,Whitefield,2w
12000.0,40000,Semi Furnished,1 BHK,All,Ready to Move,800 sqft,Whitefield,2w
15000.0,50000,Unfurnished,2 BHK,Bachelor,Ready to Move,660 sqft,Whitefield,2w
19000.0,50000,Semi Furnished,1 BHK,All,Ready to Move,450 sqft,Whitefield,2w
27000.0,80000,Fully Furnished,1 BHK,All,03-Dec-24,600 sqft,Whitefield,2w
19000.0,60000,Fully Furnished,1 BHK,Company,Ready to Move,600 sqft,Whitefield,2w
23000.0,80000,Semi Furnished,2 BHK,Company,07-Dec-24,700 sqft,Whitefield,2w
20000.0,50000,Semi Furnished,1 BHK,Family,09-Dec-24,550 sqft,Whitefield,2w
14500.0,60000,Unfurnished,1 BHK,Family,10-Dec-24,625 sqft,Whitefield,2w
22000.0,100000,Semi Furnished,2 BHK,Family,Ready to Move,"1,000 sqft",Whitefield,2w
24000.0,72000,Semi Furnished,2 BHK,All,Ready to Move,800 sqft,Whitefield,2w
26000.0,80000,Semi Furnished,2 BHK,"Family, Company",01-Dec-24,700 sqft,Whitefield,2w
14000.0,45000,Unfurnished,1 BHK,Bachelor,Ready to Move,350 sqft,Whitefield,2w
14000.0,50000,Semi Furnished,1 BHK,All,26-Jan-25,600 sqft,Whitefield,2w
24000.0,70000,Fully Furnished,1 BHK,All,01-Jan-25,600 sqft,Whitefield,2w
17500.0,52500,Unfurnished,1 BHK,Family,Ready to Move,500 sqft,Whitefield,2w
16000.0,40000,Fully Furnished,1 RK,Company,Ready to Move,330 sqft,Whitefield,2w
5000.0,15000,Semi Furnished,1 RK,All,10-Dec-24,350 sqft,Whitefield,2w
21000.0,70000,Semi Furnished,1 BHK,Family,Ready to Move,650 sqft,Whitefield,2w
18000.0,50000,Semi Furnished,1 BHK,All,Ready to Move,420 sqft,Whitefield,2w
35000.0,100000,Fully Furnished,2 BHK,All,Ready to Move,700 sqft,Whitefield,2w
18000.0,50000,Semi Furnished,1 BHK,All,Ready to Move,500 sqft,Whitefield,2w
35000.0,100000,Fully Furnished,2 BHK,All,Ready to Move,900 sqft,Whitefield,2w
13000.0,50000,Semi Furnished,1 BHK,Family,Ready to Move,600 sqft,Whitefield,2w
21000.0,76000,Semi Furnished,1 BHK,Company,Ready to Move,500 sqft,Whitefield,2w
30000.0,75000,Semi Furnished,2 BHK,All,01-Dec-24,800 sqft,Whitefield,2w
22000.0,60000,Semi Furnished,1 BHK,All,Ready to Move,400 sqft,Whitefield,2w
17100.0,50000,Semi Furnished,1 BHK,Company,Ready to Move,500 sqft,Whitefield,2w
20000.0,100000,Semi Furnished,1 BHK,All,Ready to Move,570 sqft,Whitefield,2w
11000.0,40000,Unfurnished,1 BHK,All,Ready to Move,500 sqft,Whitefield,2w
26000.0,75000,Fully Furnished,1 BHK,All,01-Dec-24,400 sqft,Whitefield,2w
19000.0,60000,Semi Furnished,1 BHK,"Family, Bachelor",01-Jan-25,500 sqft,Whitefield,2w
13000.0,50000,Unfurnished,1 BHK,All,01-Dec-24,500 sqft,Whitefield,2w
15000.0,50000,Semi Furnished,1 BHK,Family,01-Dec-24,600 sqft,Whitefield,2w
28000.0,99000,Semi Furnished,2 BHK,All,01-Dec-24,800 sqft,Whitefield,2w
27000.0,75000,Semi Furnished,2 BHK,Family,Ready to Move,750 sqft,Whitefield,2w
14200.0,60000,Semi Furnished,1 BHK,Family,01-Dec-24,550 sqft,Whitefield,2w
19000.0,50000,Semi Furnished,1 BHK,Family,Ready to Move,600 sqft,Whitefield,2w
12000.0,40000,Semi Furnished,1 BHK,All,Ready to Move,500 sqft,Whitefield,2w
18000.0,75000,Semi Furnished,1 BHK,All,Ready to Move,500 sqft,Whitefield,2w
25000.0,75000,Unfurnished,3 BHK,Family,Ready to Move,"1,550 sqft",Whitefield,2w
8500.0,30000,Semi Furnished,1 BHK,All,01-Dec-24,800 sqft,Whitefield,2w
18000.0,40000,Semi Furnished,1 BHK,All,01-Dec-24,500 sqft,Whitefield,2w
14000.0,40000,Semi Furnished,1 BHK,All,Ready to Move,400 sqft,Whitefield,2w
16500.0,50000,Semi Furnished,1 BHK,All,Ready to Move,550 sqft,Whitefield,2w
18000.0,50000,Semi Furnished,1 BHK,All,01-Dec-24,700 sqft,Whitefield,2w
18500.0,40000,Unfurnished,1 BHK,Family,Ready to Move,400 sqft,Whitefield,2w
16500.0,30000,Fully Furnished,1 RK,All,Ready to Move,250 sqft,Whitefield,2w
12000.0,30000,Unfurnished,2 BHK,All,Ready to Move,550 sqft,Whitefield,2w
23000.0,70000,Fully Furnished,1 BHK,All,01-Dec-24,600 sqft,Whitefield,2w
13000.0,45000,Semi Furnished,1 BHK,Company,Ready to Move,600 sqft,Whitefield,2w
11000.0,30000,Semi Furnished,1 BHK,All,Ready to Move,450 sqft,Whitefield,2w
25000.0,80000,Semi Furnished,2 BHK,Family,07-Dec-24,900 sqft,Whitefield,2w
14000.0,50000,Unfurnished,1 BHK,All,Ready to Move,500 sqft,Whitefield,2w
22000.0,60000,Semi Furnished,2 BHK,All,01-Dec-24,700 sqft,Whitefield,2w
19500.0,100000,Unfurnished,2 BHK,All,Ready to Move,850 sqft,Whitefield,2w
16000.0,60000,Semi Furnished,1 BHK,Family,Ready to Move,400 sqft,Whitefield,2w
25000.0,80000,Semi Furnished,2 BHK,All,07-Dec-24,900 sqft,Whitefield,2w
24100.0,70000,Semi Furnished,2 BHK,All,01-Jan-25,800 sqft,Whitefield,2w
13000.0,50000,Unfurnished,1 BHK,Company,Ready to Move,500 sqft,Whitefield,2w
20000.0,50000,Unfurnished,2 BHK,Family,Ready to Move,"1,300 sqft",Whitefield,2w
27000.0,75000,Semi Furnished,2 BHK,Family,Ready to Move,"1,100 sqft",Whitefield,2w
40000.0,130000,Fully Furnished,2 BHK,All,01-Jan-25,"1,100 sqft",Whitefield,2w
21000.0,60000,Semi Furnished,1 BHK,All,01-Dec-24,600 sqft,Whitefield,2w
19000.0,60000,Semi Furnished,1 BHK,All,03-Dec-24,500 sqft,Whitefield,2w
12000.0,50000,Semi Furnished,1 BHK,All,Ready to Move,750 sqft,Whitefield,2w
17000.0,50000,Semi Furnished,1 BHK,"Family, Female, Company",30-Nov-24,520 sqft,Whitefield,2w
15000.0,50000,Semi Furnished,2 BHK,All,05-Dec-24,750 sqft,Whitefield,2w
9000.0,25000,Semi Furnished,1 RK,All,30-Nov-24,250 sqft,Whitefield,2w
17000.0,50000,Semi Furnished,1 BHK,Family,Ready to Move,700 sqft,Whitefield,2w
17500.0,50000,Semi Furnished,1 BHK,All,01-Dec-24,650 sqft,Whitefield,2w
16000.0,50000,Semi Furnished,1 BHK,Bachelor,01-Dec-24,600 sqft,Whitefield,2w
12000.0,25000,Semi Furnished,1 BHK,All,Ready to Move,400 sqft,Whitefield,2w
19000.0,50000,Semi Furnished,1 BHK,Family,Ready to Move,450 sqft,Whitefield,2w
21000.0,60000,Fully Furnished,1 BHK,All,30-Nov-24,500 sqft,Whitefield,2w
25000.0,70000,Unfurnished,2 BHK,Family,Ready to Move,"1,200 sqft",Whitefield,2w
13000.0,40000,Semi Furnished,1 BHK,Company,31-Dec-24,600 sqft,Whitefield,2w
20000.0,50000,Fully Furnished,1 BHK,All,Ready to Move,450 sqft,Whitefield,2w
11000.0,50000,Unfurnished,1 BHK,Family,20-Jan-25,600 sqft,Whitefield,2w
25000.0,80000,Semi Furnished,2 BHK,Male,01-Dec-24,"1,200 sqft",Whitefield,2w
33000.0,100000,Semi Furnished,2 BHK,All,Ready to Move,950 sqft,Whitefield,2w
27000.0,50000,Fully Furnished,1 BHK,All,Ready to Move,600 sqft,Whitefield,2w
32000.0,105000,Fully Furnished,2 BHK,All,30-Nov-24,750 sqft,Whitefield,2w
25000.0,55000,Fully Furnished,1 BHK,All,Ready to Move,425 sqft,Whitefield,2w
18000.0,70000,Semi Furnished,1 BHK,Family,Ready to Move,400 sqft,Whitefield,2w
35000.0,100000,Semi Furnished,2 BHK,All,Ready to Move,800 sqft,Whitefield,2w
12000.0,40000,Unfurnished,1 BHK,All,01-Dec-24,500 sqft,Whitefield,2w
14000.0,50000,Semi Furnished,2 BHK,Family,Ready to Move,800 sqft,Whitefield,2w
12000.0,30000,Semi Furnished,2 BHK,Company,Ready to Move,800 sqft,Whitefield,2w
12000.0,30000,Semi Furnished,1 BHK,All,09-Dec-24,450 sqft,Whitefield,2w
12000.0,30000,Semi Furnished,2 BHK,All,10-Jan-25,800 sqft,Whitefield,2w
8000.0,30000,Unfurnished,1 BHK,All,Ready to Move,600 sqft,Whitefield,2w
26000.0,78000,Fully Furnished,1 BHK,All,01-Dec-24,450 sqft,Whitefield,2w
12500.0,60000,Semi Furnished,1 BHK,Family,Ready to Move,450 sqft,Whitefield,2w
24000.0,100000,Semi Furnished,2 BHK,All,Ready to Move,850 sqft,Whitefield,2w
9800.0,35000,Unfurnished,1 BHK,Family,Ready to Move,200 sqft,Whitefield,2w
10000.0,30000,Semi Furnished,1 BHK,Family,Ready to Move,550 sqft,Whitefield,2w
13000.0,40000,Semi Furnished,1 BHK,All,Ready to Move,400 sqft,Whitefield,2w
13000.0,40000,Semi Furnished,1 BHK,All,30-Nov-24,400 sqft,Whitefield,2w
19000.0,70000,Semi Furnished,1 BHK,All,15-Dec-24,400 sqft,Whitefield,2w
15000.0,60000,Semi Furnished,1 RK,All,01-Dec-24,500 sqft,Whitefield,2w
17000.0,60000,Semi Furnished,1 BHK,All,Ready to Move,500 sqft,Whitefield,2w
27000.0,100000,Semi Furnished,2 BHK,All,15-Dec-24,800 sqft,Whitefield,2w
12000.0,40000,Semi Furnished,1 BHK,All,01-Jan-25,450 sqft,Whitefield,2w
25000.0,120000,Semi Furnished,1 BHK,Family,Ready to Move,700 sqft,Whitefield,2w
27000.0,75000,Fully Furnished,1 BHK,"Family, Female",Ready to Move,550 sqft,Whitefield,2w
10000.0,30000,Unfurnished,1 BHK,Family,01-Dec-24,600 sqft,Whitefield,2w
11000.0,50000,Semi Furnished,1 BHK,All,Ready to Move,350 sqft,Whitefield,2w
24000.0,80000,Semi Furnished,2 BHK,Family,Ready to Move,700 sqft,Whitefield,2w
13700.0,60000,Semi Furnished,1 BHK,Family,Ready to Move,700 sqft,Whitefield,2w
17500.0,50000,Semi Furnished,1 BHK,All,03-Jan-25,460 sqft,Whitefield,2w
17500.0,60000,Semi Furnished,1 BHK,"Family, Female",Ready to Move,800 sqft,Whitefield,2w
25000.0,100000,Semi Furnished,2 BHK,Family,Ready to Move,900 sqft,Whitefield,2w
10500.0,30000,Semi Furnished,1 BHK,All,Ready to Move,500 sqft,Whitefield,2w
16000.0,50000,Semi Furnished,2 BHK,All,Ready to Move,600 sqft,Whitefield,2w
8000.0,20000,Unfurnished,1 BHK,All,Ready to Move,500 sqft,Whitefield,2w
19000.0,60000,Semi Furnished,1 BHK,Company,Ready to Move,500 sqft,Whitefield,2w
7000.0,30000,Unfurnished,1 RK,Bachelor,Ready to Move,200 sqft,Whitefield,2w
35000.0,200000,Semi Furnished,2 BHK,Family,Ready to Move,"1,100 sqft",Whitefield,2w
11500.0,35000,Semi Furnished,1 BHK,Family,Ready to Move,600 sqft,Whitefield,2w
13000.0,50000,Semi Furnished,2 BHK,Family,01-Dec-24,"1,200 sqft",Whitefield,2w
18000.0,60000,Semi Furnished,1 BHK,All,30-Nov-24,550 sqft,Whitefield,2w
12000.0,40000,Semi Furnished,1 BHK,All,Ready to Move,600 sqft,Whitefield,2w
18000.0,50000,Semi Furnished,1 BHK,All,Ready to Move,300 sqft,Whitefield,2w
26000.0,78000,Fully Furnished,1 BHK,All,Ready to Move,550 sqft,Whitefield,2w
12000.0,40000,Unfurnished,1 BHK,Family,Ready to Move,400 sqft,Whitefield,2w
9000.0,50000,Unfurnished,1 BHK,Family,Ready to Move,400 sqft,Whitefield,2w
12000.0,30000,Semi Furnished,1 BHK,All,Ready to Move,600 sqft,Whitefield,2w
28000.0,70000,Fully Furnished,1 BHK,All,Ready to Move,500 sqft,Whitefield,2w
15000.0,50000,Semi Furnished,1 BHK,All,01-Dec-24,700 sqft,Whitefield,2w
28000.0,100000,Semi Furnished,2 BHK,All,01-Dec-24,700 sqft,Whitefield,2w
15000.0,50000,Semi Furnished,1 BHK,Family,Ready to Move,500 sqft,Whitefield,2w
10000.0,30000,Semi Furnished,1 BHK,All,Ready to Move,480 sqft,Whitefield,2w
19000.0,80000,Semi Furnished,2 BHK,Family,Ready to Move,630 sqft,Whitefield,2w
26500.0,75000,Fully Furnished,1 BHK,All,Ready to Move,650 sqft,Whitefield,2w
18000.0,60000,Semi Furnished,1 BHK,All,Ready to Move,450 sqft,Whitefield,2w
26000.0,80000,Semi Furnished,2 BHK,Family,01-Dec-24,700 sqft,Whitefield,2w
45000.0,200000,Fully Furnished,2 BHK,All,01-Jan-25,"1,165 sqft",Whitefield,2w
19500.0,60000,Unfurnished,2 BHK,All,Ready to Move,670 sqft,Whitefield,2w
19000.0,60000,Semi Furnished,2 BHK,All,01-Dec-24,950 sqft,Whitefield,2w
15000.0,50000,Unfurnished,1 BHK,All,01-Dec-24,500 sqft,Whitefield,2w
15000.0,45000,Unfurnished,2 BHK,All,Ready to Move,700 sqft,Whitefield,2w
20000.0,150000,Unfurnished,2 BHK,Family,Ready to Move,"1,100 sqft",Whitefield,2w
31500.0,100000,Fully Furnished,1 BHK,All,Ready to Move,"1,200 sqft",Whitefield,2w
10500.0,25000,Semi Furnished,1 BHK,All,Ready to Move,600 sqft,Whitefield,2w
10000.0,30000,Unfurnished,1 BHK,Family,Ready to Move,400 sqft,Whitefield,2w
12000.0,30000,Semi Furnished,2 BHK,Family,Ready to Move,800 sqft,Whitefield,2w
14700.0,70000,Fully Furnished,1 RK,Company,Ready to Move,390 sqft,Whitefield,2w
15000.0,90000,Semi Furnished,1 BHK,All,Ready to Move,450 sqft,Whitefield,2w
22000.0,100000,Semi Furnished,2 BHK,Family,Ready to Move,900 sqft,Whitefield,2w
25000.0,100000,Semi Furnished,1 BHK,All,Ready to Move,550 sqft,Whitefield,2w
25000.0,74998,Semi Furnished,2 BHK,All,01-Dec-24,750 sqft,Whitefield,2w
14000.0,35000,Semi Furnished,2 BHK,All,Ready to Move,600 sqft,Whitefield,2w
17901.0,70000,Semi Furnished,1 BHK,All,Ready to Move,550 sqft,Whitefield,2w
14000.0,40000,Semi Furnished,1 BHK,Family,Ready to Move,550 sqft,Whitefield,2w
10000.0,30000,Semi Furnished,1 BHK,Family,Ready to Move,600 sqft,Whitefield,2w
32000.0,100000,Fully Furnished,3 BHK,Family,01-Dec-24,"1,400 sqft",Whitefield,2w
13500.0,30000,Semi Furnished,2 BHK,Company,Ready to Move,650 sqft,Whitefield,2w
18500.0,50000,Semi Furnished,1 BHK,Family,30-Nov-24,450 sqft,Whitefield,2w
9500.0,30000,Semi Furnished,1 RK,Bachelor,Ready to Move,250 sqft,Whitefield,2w
25000.0,88000,Fully Furnished,1 BHK,All,Ready to Move,500 sqft,Whitefield,2w
25000.0,75000,Semi Furnished,1 BHK,All,Ready to Move,520 sqft,Whitefield,2w
13000.0,40000,Semi Furnished,1 BHK,All,Ready to Move,450 sqft,Whitefield,2w
25000.0,50000,Fully Furnished,1 BHK,All,Ready to Move,700 sqft,Whitefield,2w
17000.0,50000,Semi Furnished,2 BHK,All,Ready to Move,700 sqft,Whitefield,2w
8000.0,20000,Unfurnished,1 RK,Bachelor,Ready to Move,200 sqft,Whitefield,2w
11000.0,45000,Unfurnished,1 RK,All,Ready to Move,300 sqft,Whitefield,2w
11000.0,55000,Unfurnished,1 BHK,Family,Ready to Move,500 sqft,Whitefield,2w
16000.0,60000,Semi Furnished,1 BHK,Family,Ready to Move,450 sqft,Whitefield,2w
16000.0,60000,Unfurnished,1 BHK,All,30-Nov-24,500 sqft,Whitefield,2w
17500.0,80000,Semi Furnished,2 BHK,Family,01-Dec-24,900 sqft,Whitefield,2w
30000.0,120000,Semi Furnished,2 BHK,Family,Ready to Move,800 sqft,Whitefield,2w
14000.0,30000,Semi Furnished,1 BHK,Family,Ready to Move,812 sqft,Whitefield,2w
27000.0,75000,Semi Furnished,2 BHK,All,Ready to Move,800 sqft,Whitefield,2w
10000.0,25000,Unfurnished,1 BHK,All,Ready to Move,400 sqft,Whitefield,2w
13000.0,50000,Semi Furnished,1 BHK,Family,Ready to Move,400 sqft,Whitefield,2w
6000.0,10000,Semi Furnished,1 BHK,All,Ready to Move,400 sqft,Whitefield,2w
28000.0,100000,Semi Furnished,1 BHK,All,Ready to Move,600 sqft,Whitefield,2w
6000.0,30000,Semi Furnished,1 RK,All,Ready to Move,400 sqft,Whitefield,2w
15000.0,50000,Unfurnished,1 BHK,Family,Ready to Move,580 sqft,Whitefield,2w
11000.0,40000,Unfurnished,1 BHK,Family,Ready to Move,400 sqft,Whitefield,2w
28000.0,100000,Semi Furnished,1 BHK,Family,Ready to Move,500 sqft,Whitefield,2w
25200.0,70000,Semi Furnished,1 BHK,Family,01-Dec-24,500 sqft,Whitefield,2w
27000.0,100000,Semi Furnished,1 BHK,Family,30-Nov-24,600 sqft,Whitefield,2w
42200.0,100000,Fully Furnished,2 BHK,All,11-Dec-24,"1,270 sqft",Whitefield,4w
37000.0,100000,Fully Furnished,2 BHK,All,Ready to Move,"1,229 sqft",Whitefield,4w
85000.0,400000,Semi Furnished,3 BHK,Family,Ready to Move,"2,560 sqft",Whitefield,4w
58000.0,250000,Semi Furnished,3 BHK,All,01-Jan-25,"2,000 sqft",Whitefield,4w
10000.0,30000,Unfurnished,1 BHK,All,Ready to Move,700 sqft,Whitefield,4w
79000.0,350000,Semi Furnished,3 BHK,All,Ready to Move,"3,000 sqft",Whitefield,4w
9500.0,30000,Unfurnished,1 BHK,Family,Ready to Move,560 sqft,Whitefield,4w
16800.0,60000,Semi Furnished,1 BHK,"Male, Family, Company",02-Dec-24,500 sqft,Whitefield,4w
15000.0,50000,Semi Furnished,1 BHK,All,Ready to Move,700 sqft,Whitefield,4w
30000.0,100000,Semi Furnished,2 BHK,"Female, Family",Ready to Move,"1,050 sqft",Whitefield,4w
32000.0,120000,Semi Furnished,2 BHK,Family,01-Dec-24,850 sqft,Whitefield,4w
14000.0,40000,Semi Furnished,1 BHK,Male,06-Dec-24,450 sqft,Whitefield,4w
13000.0,40000,Semi Furnished,1 BHK,All,Ready to Move,520 sqft,Whitefield,4w
6000.0,25000,Semi Furnished,1 RK,Family,Ready to Move,200 sqft,Whitefield,4w
16000.0,50000,Semi Furnished,1 BHK,Family,Ready to Move,500 sqft,Whitefield,4w
29000.0,130000,Semi Furnished,2 BHK,Family,Ready to Move,800 sqft,Whitefield,4w
10000.0,40000,Unfurnished,2 BHK,All,01-Dec-24,800 sqft,Whitefield,4w
18000.0,100000,Unfurnished,2 BHK,Family,Ready to Move,900 sqft,Whitefield,4w
9500.0,25000,Unfurnished,1 BHK,Family,Ready to Move,400 sqft,Whitefield,4w
16000.0,50000,Semi Furnished,1 BHK,"Female, Family",Ready to Move,625 sqft,Whitefield,4w
13000.0,40000,Semi Furnished,1 BHK,Company,Ready to Move,400 sqft,Whitefield,4w
9000.0,25000,Fully Furnished,1 BHK,Company,Ready to Move,350 sqft,Whitefield,4w
45000.0,150000,Fully Furnished,3 BHK,All,Ready to Move,"1,200 sqft",Whitefield,4w
35000.0,200000,Semi Furnished,2 BHK,All,Ready to Move,"1,050 sqft",Whitefield,4w
20000.0,200000,Semi Furnished,2 BHK,Family,29-Nov-24,800 sqft,Whitefield,4w
32000.0,100000,Semi Furnished,2 BHK,Family,Ready to Move,"1,326 sqft",Whitefield,4w
12000.0,25000,Fully Furnished,1 RK,Male,Ready to Move,120 sqft,Whitefield,4w
48500.0,90000,Semi Furnished,2 BHK,Company,05-Dec-24,"1,210 sqft",Whitefield,4w
60200.0,250000,Fully Furnished,2 BHK,Family,03-Jan-25,"1,300 sqft",Whitefield,4w
58000.0,180000,Semi Furnished,3 BHK,Family,Ready to Move,"1,717 sqft",Whitefield,4w
63000.0,300000,Semi Furnished,3 BHK,All,26-Jan-25,"1,743 sqft",Whitefield,4w
36000.0,100000,Semi Furnished,2 BHK,Family,01-Dec-24,"1,200 sqft",Whitefield,4w
37200.0,80000,Fully Furnished,3 BHK,All,01-Dec-24,"1,772 sqft",Whitefield,4w
34000.0,100000,Semi Furnished,2 BHK,All,01-Dec-24,"1,115 sqft",Whitefield,4w
5000.0,20000,Unfurnished,1 RK,All,Ready to Move,200 sqft,Whitefield,4w
46072.0,200000,Semi Furnished,2 BHK,Family,Ready to Move,"1,230 sqft",Whitefield,4w
50000.0,300000,Semi Furnished,3 BHK,Family,30-Nov-24,"1,645 sqft",Whitefield,4w
50000.0,150000,Semi Furnished,3 BHK,Family,Ready to Move,"1,660 sqft",Whitefield,4w
18000.0,1,Semi Furnished,1 BHK,Family,Ready to Move,500 sqft,Whitefield,4w
60000.0,500000,Fully Furnished,2 BHK,Family,01-Jan-25,"1,500 sqft",Whitefield,4w
45000.0,150000,Semi Furnished,2 BHK,Family,Ready to Move,"1,195 sqft",Whitefield,4w
38500.0,100000,Semi Furnished,2 BHK,All,Ready to Move,"1,329 sqft",Whitefield,4w
35000.0,150000,Fully Furnished,2 BHK,All,01-Dec-24,"1,100 sqft",Whitefield,4w
32000.0,65000,Fully Furnished,2 BHK,All,30-Nov-24,750 sqft,Whitefield,4w
66000.0,360000,Semi Furnished,3 BHK,"Family, Bachelor",05-Dec-24,"1,779 sqft",Whitefield,4w
38000.0,150000,Semi Furnished,2 BHK,Family,01-Dec-24,"1,100 sqft",Whitefield,4w
37500.0,100000,Semi Furnished,3 BHK,Family,Ready to Move,"1,800 sqft",Whitefield,4w
39600.0,220000,Semi Furnished,2 BHK,Family,01-Dec-24,"1,200 sqft",Whitefield,4w
32000.0,96000,Fully Furnished,1 BHK,All,01-Dec-24,450 sqft,Whitefield,4w
45192.0,200000,Semi Furnished,3 BHK,Family,Ready to Move,"1,800 sqft",Whitefield,4w
33000.0,105000,Semi Furnished,3 BHK,Family,Ready to Move,"1,400 sqft",Whitefield,4w
65500.0,300000,Fully Furnished,3 BHK,All,10-Dec-24,"1,679 sqft",Whitefield,4w
17500.0,50000,Semi Furnished,2 BHK,All,Ready to Move,"1,350 sqft",Whitefield,4w
65000.0,200000,Semi Furnished,3 BHK,Company,Ready to Move,"1,800 sqft",Whitefield,4w
38000.0,150000,Semi Furnished,2 BHK,All,01-Dec-24,"1,100 sqft",Whitefield,4w
60000.0,200000,Semi Furnished,3 BHK,All,Ready to Move,"1,800 sqft",Whitefield,4w
33000.0,150000,Semi Furnished,2 BHK,Company,18-Dec-24,"1,170 sqft",Whitefield,4w
56000.0,300000,Semi Furnished,2 BHK,Family,01-Dec-24,"1,350 sqft",Whitefield,4w
34500.0,100000,Unfurnished,3 BHK,Family,Ready to Move,"1,411 sqft",Whitefield,4w
44500.0,420000,Semi Furnished,3 BHK,Family,30-Nov-24,"1,535 sqft",Whitefield,4w
34500.0,125000,Semi Furnished,2 BHK,All,Ready to Move,"1,210 sqft",Whitefield,4w
33200.0,100000,Fully Furnished,2 BHK,All,01-Dec-24,"1,065 sqft",Whitefield,4w
43000.0,150000,Fully Furnished,2 BHK,All,Ready to Move,"1,270 sqft",Whitefield,4w
53000.0,300000,Fully Furnished,2 BHK,All,02-Dec-24,"1,150 sqft",Whitefield,4w
36130.0,130000,Semi Furnished,3 BHK,Family,15-Dec-24,"1,600 sqft",Whitefield,4w
37000.0,140000,Semi Furnished,3 BHK,Family,Ready to Move,"1,450 sqft",Whitefield,4w
50000.0,250000,Semi Furnished,2 BHK,All,Ready to Move,"1,435 sqft",Whitefield,4w
56000.0,200000,Semi Furnished,3 BHK,"Family, Bachelor",Ready to Move,"1,650 sqft",Whitefield,4w
57840.0,250000,Semi Furnished,3 BHK,Family,01-Dec-24,"1,460 sqft",Whitefield,4w
25000.0,80000,Fully Furnished,2 BHK,All,25-Jan-25,700 sqft,Whitefield,4w
48000.0,150000,Fully Furnished,2 BHK,All,Ready to Move,"1,290 sqft",Whitefield,4w
43500.0,150000,Fully Furnished,2 BHK,Family,01-Dec-24,"1,170 sqft",Whitefield,4w
47100.0,200000,Fully Furnished,3 BHK,"Family, Female",Ready to Move,"1,275 sqft",Whitefield,4w
35000.0,150000,Semi Furnished,2 BHK,All,Ready to Move,"1,185 sqft",Whitefield,4w
16500.0,80000,Semi Furnished,2 BHK,Company,Ready to Move,650 sqft,Whitefield,4w
43140.0,200000,Fully Furnished,2 BHK,All,01-Dec-24,"1,100 sqft",Whitefield,4w
77500.0,400000,Semi Furnished,3 BHK,All,05-Dec-24,"1,768 sqft",Whitefield,4w
25000.0,100000,Semi Furnished,2 BHK,"Family, Bachelor",01-Dec-24,750 sqft,Whitefield,4w
9000.0,30000,Semi Furnished,1 BHK,All,27-Jan-25,450 sqft,Whitefield,4w
36000.0,150000,Semi Furnished,2 BHK,All,21-Jan-25,"1,000 sqft",Whitefield,4w
43000.0,200000,Fully Furnished,2 BHK,All,Ready to Move,940 sqft,Whitefield,4w
45500.0,200000,Semi Furnished,2 BHK,All,02-Dec-24,"1,200 sqft",Whitefield,4w
38300.0,150000,Semi Furnished,3 BHK,Family,Ready to Move,"1,440 sqft",Whitefield,4w
45000.0,160000,Semi Furnished,2 BHK,All,Ready to Move,"1,400 sqft",Whitefield,4w
46000.0,125000,Semi Furnished,3 BHK,Family,05-Dec-24,"1,500 sqft",Whitefield,4w
47000.0,150000,Semi Furnished,3 BHK,All,Ready to Move,"1,414 sqft",Whitefield,4w
45000.0,150000,Semi Furnished,3 BHK,Family,Ready to Move,"1,471 sqft",Whitefield,4w
35000.0,160000,Semi Furnished,2 BHK,All,Ready to Move,"1,250 sqft",Whitefield,4w
53103.0,225000,Semi Furnished,3 BHK,Family,01-Dec-24,"1,500 sqft",Whitefield,4w
43200.0,200000,Semi Furnished,3 BHK,Family,30-Nov-24,"1,430 sqft",Whitefield,4w
55000.0,200000,Fully Furnished,3 BHK,Family,05-Jan-25,"1,610 sqft",Whitefield,4w
35000.0,150000,Semi Furnished,2 BHK,Family,Ready to Move,"1,295 sqft",Whitefield,4w
44000.0,250000,Semi Furnished,3 BHK,Family,01-Dec-24,"1,500 sqft",Whitefield,4w
53650.0,200000,Fully Furnished,3 BHK,All,18-Jan-25,"1,455 sqft",Whitefield,4w
47500.0,159000,Semi Furnished,3 BHK,All,Ready to Move,"1,757 sqft",Whitefield,4w
37000.0,200000,Semi Furnished,2 BHK,"Family, Company",01-Dec-24,"1,100 sqft",Whitefield,4w
31000.0,120000,Semi Furnished,2 BHK,Family,01-Jan-25,"1,100 sqft",Whitefield,4w
45000.0,200000,Semi Furnished,3 BHK,Family,Ready to Move,"1,535 sqft",Whitefield,4w
56000.0,300000,Semi Furnished,3 BHK,"Family, Company",Ready to Move,"1,366 sqft",Whitefield,4w
60000.0,500000,Unfurnished,3 BHK,Family,Ready to Move,"1,750 sqft",Whitefield,4w
48000.0,250000,Fully Furnished,1 BHK,Company,01-Dec-24,630 sqft,Whitefield,4w
43000.0,400000,Fully Furnished,3 BHK,Family,Ready to Move,"1,400 sqft",Whitefield,4w
77200.0,350000,Semi Furnished,3 BHK,Male,30-Nov-24,"1,447 sqft",Whitefield,4w
29800.0,120000,Fully Furnished,1 BHK,Company,30-Nov-24,622 sqft,Whitefield,4w
28000.0,112000,Semi Furnished,2 BHK,Family,15-Jan-25,728 sqft,Whitefield,4w
41250.0,150000,Semi Furnished,3 BHK,All,10-Dec-24,"1,500 sqft",Whitefield,4w
30000.0,150000,Semi Furnished,2 BHK,Family,Ready to Move,750 sqft,Whitefield,4w
37000.0,100000,Semi Furnished,3 BHK,Family,01-Dec-24,"1,565 sqft",Whitefield,4w
64150.0,260000,Semi Furnished,3 BHK,"Male, Family",01-Jan-25,"1,572 sqft",Whitefield,4w
35500.0,120000,Fully Furnished,2 BHK,Family,Ready to Move,"1,250 sqft",Whitefield,4w
53000.0,300000,Fully Furnished,2 BHK,All,Ready to Move,"1,250 sqft",Whitefield,4w
41000.0,150000,Semi Furnished,2 BHK,All,Ready to Move,"1,165 sqft",Whitefield,4w
38000.0,150000,Fully Furnished,2 BHK,All,Ready to Move,"1,000 sqft",Whitefield,4w
52236.0,200000,Fully Furnished,3 BHK,Family,Ready to Move,"1,430 sqft",Whitefield,4w
35000.0,150000,Semi Furnished,2 BHK,All,Ready to Move,"1,300 sqft",Whitefield,4w
30000.0,120000,Semi Furnished,2 BHK,Family,01-Dec-24,"1,345 sqft",Whitefield,4w
49500.0,200000,Fully Furnished,2 BHK,"Female, Family, Company",Ready to Move,"1,200 sqft",Whitefield,4w
16650.0,66000,Semi Furnished,3 BHK,Male,Ready to Move,"1,500 sqft",Whitefield,4w
28000.0,150000,Fully Furnished,3 BHK,Family,Ready to Move,"1,000 sqft",Whitefield,4w
36800.0,96000,Semi Furnished,2 BHK,All,01-Dec-24,"1,200 sqft",Whitefield,4w
39100.0,150000,Semi Furnished,2 BHK,All,Ready to Move,"1,241 sqft",Whitefield,4w
58000.0,300000,Semi Furnished,3 BHK,Family,27-Dec-24,"1,650 sqft",Whitefield,4w
29000.0,100000,Semi Furnished,1 BHK,Family,Ready to Move,500 sqft,Whitefield,4w
65000.0,180000,Fully Furnished,3 BHK,All,Ready to Move,"1,500 sqft",Whitefield,4w
50000.0,250000,Fully Furnished,3 BHK,All,Ready to Move,"1,530 sqft",Whitefield,4w
50000.0,210000,Fully Furnished,3 BHK,All,Ready to Move,"1,550 sqft",Whitefield,4w
32000.0,100000,Semi Furnished,2 BHK,Family,Ready to Move,"1,320 sqft",Whitefield,4w
61000.0,300000,Fully Furnished,2 BHK,Company,Ready to Move,"1,400 sqft",Whitefield,4w
62500.0,225000,Fully Furnished,1 BHK,All,Ready to Move,780 sqft,Whitefield,4w
20000.0,25000,Fully Furnished,3 BHK,Female,Ready to Move,"1,550 sqft",Whitefield,4w
73000.0,300000,Fully Furnished,3 BHK,Family,Ready to Move,"1,910 sqft",Whitefield,4w
28500.0,100000,Semi Furnished,2 BHK,All,Ready to Move,"1,110 sqft",Whitefield,4w
25000.0,100000,Unfurnished,2 BHK,All,01-Dec-24,650 sqft,Whitefield,4w
15000.0,80000,Semi Furnished,2 BHK,All,04-Dec-24,800 sqft,Whitefield,4w
12000.0,30000,Unfurnished,1 BHK,All,01-Dec-24,400 sqft,Whitefield,4w
13600.0,50000,Semi Furnished,2 BHK,All,Ready to Move,"1,200 sqft",Whitefield,4w
14000.0,30000,Unfurnished,1 BHK,All,15-Dec-24,540 sqft,Whitefield,4w
25000.0,100000,Semi Furnished,2 BHK,Family,15-Dec-24,600 sqft,Whitefield,4w
28000.0,100000,Fully Furnished,2 BHK,All,Ready to Move,"1,100 sqft",Whitefield,4w
18500.0,60000,Semi Furnished,1 BHK,All,25-Dec-24,500 sqft,Whitefield,4w
19000.0,75000,Semi Furnished,2 BHK,All,Ready to Move,950 sqft,Whitefield,4w
15000.0,60000,Semi Furnished,1 BHK,All,Ready to Move,600 sqft,Whitefield,4w
40000.0,150000,Semi Furnished,3 BHK,All,Ready to Move,"1,750 sqft",Whitefield,4w
15000.0,50000,Semi Furnished,2 BHK,All,Ready to Move,"1,200 sqft",Whitefield,4w
16000.0,65000,Semi Furnished,2 BHK,All,01-Dec-24,900 sqft,Whitefield,4w
29000.0,120000,Semi Furnished,2 BHK,Family,01-Dec-24,950 sqft,Whitefield,4w
11500.0,45000,Semi Furnished,1 BHK,All,01-Dec-24,450 sqft,Whitefield,4w
28250.0,750000,Semi Furnished,2 BHK,All,25-Jan-25,"1,100 sqft",Whitefield,4w
21000.0,100000,Unfurnished,3 BHK,All,Ready to Move,"1,500 sqft",Whitefield,4w
20000.0,90000,Semi Furnished,2 BHK,All,01-Dec-24,950 sqft,Whitefield,4w
50000.0,300000,Semi Furnished,3 BHK,Family,Ready to Move,800 sqft,Whitefield,4w
15000.0,40000,Semi Furnished,2 BHK,All,Ready to Move,900 sqft,Whitefield,4w
13000.0,60000,Unfurnished,1 BHK,Bachelor,Ready to Move,550 sqft,Whitefield,4w
10000.0,30000,Unfurnished,1 BHK,Family,01-Jan-25,300 sqft,Whitefield,4w
18000.0,100000,Unfurnished,2 BHK,All,Ready to Move,800 sqft,Whitefield,4w
9500.0,30000,Unfurnished,1 BHK,All,30-Nov-24,400 sqft,Whitefield,4w
16000.0,32000,Unfurnished,1 BHK,Family,Ready to Move,900 sqft,Whitefield,4w
15000.0,70000,Semi Furnished,1 BHK,All,Ready to Move,450 sqft,Whitefield,4w
80000.0,500000,Semi Furnished,3 BHK,All,Ready to Move,"3,014 sqft",Whitefield,4w
11000.0,30000,Semi Furnished,1 BHK,All,Ready to Move,560 sqft,Whitefield,4w
20000.0,60000,Semi Furnished,2 BHK,Bachelor,Ready to Move,900 sqft,Whitefield,4w
23000.0,100000,Unfurnished,2 BHK,All,03-Dec-24,650 sqft,Whitefield,4w
10000.0,30000,Unfurnished,1 BHK,All,Ready to Move,400 sqft,Whitefield,4w
20000.0,100000,Semi Furnished,1 BHK,Family,01-Jan-25,500 sqft,Whitefield,4w
7500.0,30000,Unfurnished,1 RK,Family,Ready to Move,500 sqft,Whitefield,4w
18000.0,50000,Semi Furnished,2 BHK,Family,Ready to Move,900 sqft,Whitefield,4w
60000.0,400000,Fully Furnished,3 BHK,All,Ready to Move,"1,200 sqft",Whitefield,4w
54000.0,150000,Fully Furnished,3 BHK,Female,Ready to Move,"1,700 sqft",Whitefield,4w
35800.0,150000,Semi Furnished,2 BHK,Family,01-Dec-24,"1,116 sqft",Whitefield,4w
38500.0,150000,Semi Furnished,2 BHK,All,Ready to Move,"1,280 sqft",Whitefield,4w
37000.0,222000,Semi Furnished,2 BHK,Family,Ready to Move,"1,221 sqft",Whitefield,4w
58300.0,250000,Semi Furnished,3 BHK,Family,15-Dec-24,"1,709 sqft",Whitefield,4w
54500.0,300000,Fully Furnished,2 BHK,All,03-Dec-24,"1,138 sqft",Whitefield,4w
20000.0,70000,Semi Furnished,1 BHK,All,Ready to Move,500 sqft,Whitefield,4w
47900.0,160000,Semi Furnished,3 BHK,All,04-Dec-24,"1,540 sqft",Whitefield,4w
40000.0,180000,Semi Furnished,2 BHK,Family,Ready to Move,"1,227 sqft",Whitefield,4w
44800.0,120000,Semi Furnished,3 BHK,Family,Ready to Move,"1,900 sqft",Whitefield,4w
52000.0,200000,Fully Furnished,2 BHK,"Family, Bachelor",01-Jan-25,"1,322 sqft",Whitefield,4w
76000.0,300000,Fully Furnished,3 BHK,Family,Ready to Move,"1,910 sqft",Whitefield,4w
30000.0,100000,Semi Furnished,2 BHK,Family,29-Nov-24,"1,050 sqft",Whitefield,4w
50000.0,200000,Fully Furnished,1 BHK,All,30-Nov-24,630 sqft,Whitefield,4w
30000.0,100000,Semi Furnished,2 BHK,All,Ready to Move,"1,000 sqft",Whitefield,4w
50500.0,270000,Semi Furnished,2 BHK,Family,02-Dec-24,"1,435 sqft",Whitefield,4w
47500.0,200000,Fully Furnished,2 BHK,Family,Ready to Move,"1,140 sqft",Whitefield,4w
53600.0,250000,Fully Furnished,3 BHK,All,Ready to Move,"1,512 sqft",Whitefield,4w
48600.0,200000,Semi Furnished,3 BHK,All,Ready to Move,"1,200 sqft",Whitefield,4w
46000.0,130000,Semi Furnished,3 BHK,Family,Ready to Move,"1,340 sqft",Whitefield,4w
75000.0,200000,Fully Furnished,3 BHK,Female,14-Dec-24,"1,735 sqft",Whitefield,4w
47000.0,200000,Fully Furnished,2 BHK,Family,30-Nov-24,"1,000 sqft",Whitefield,4w
49200.0,200000,Semi Furnished,3 BHK,Family,Ready to Move,"1,333 sqft",Whitefield,4w
33000.0,100000,Semi Furnished,2 BHK,Family,30-Nov-24,"1,160 sqft",Whitefield,4w
35000.0,150000,Semi Furnished,2 BHK,Family,30-Nov-24,"1,200 sqft",Whitefield,4w
20000.0,50000,Semi Furnished,2 BHK,All,Ready to Move,750 sqft,Whitefield,4w
53000.0,140000,Semi Furnished,2 BHK,Family,01-Dec-24,"1,450 sqft",Whitefield,4w
35000.0,100000,Unfurnished,2 BHK,All,Ready to Move,"1,157 sqft",Whitefield,4w
37000.0,150000,Semi Furnished,3 BHK,"Family, Company",31-Dec-24,"1,460 sqft",Whitefield,4w
40705.0,200000,Semi Furnished,2 BHK,Family,Ready to Move,"1,235 sqft",Whitefield,4w
59000.0,200000,Semi Furnished,3 BHK,Family,15-Jan-25,"1,536 sqft",Whitefield,4w
15000.0,50000,Semi Furnished,2 BHK,All,01-Dec-24,800 sqft,Whitefield,4w
33000.0,100000,Unfurnished,2 BHK,Family,Ready to Move,"1,252 sqft",Whitefield,4w
12500.0,36000,Unfurnished,1 BHK,All,29-Nov-24,600 sqft,Whitefield,4w
20000.0,200000,Unfurnished,2 BHK,All,Ready to Move,700 sqft,Whitefield,4w
69500.0,300000,Fully Furnished,3 BHK,All,28-Dec-24,"1,710 sqft",Whitefield,4w
43499.0,200000,Semi Furnished,2 BHK,Family,Ready to Move,"1,131 sqft",Whitefield,4w
45000.0,1,Semi Furnished,2 BHK,All,Ready to Move,"1,200 sqft",Whitefield,4w
43500.0,200000,Semi Furnished,2 BHK,Family,30-Nov-24,"1,170 sqft",Whitefield,4w
39500.0,200000,Semi Furnished,3 BHK,Family,04-Dec-24,"1,714 sqft",Whitefield,4w
51000.0,120000,Fully Furnished,3 BHK,All,Ready to Move,"1,500 sqft",Whitefield,4w
50000.0,200000,Fully Furnished,2 BHK,Family,15-Dec-24,"1,355 sqft",Whitefield,4w
42500.0,150000,Fully Furnished,3 BHK,All,30-Nov-24,"1,310 sqft",Whitefield,4w
64032.0,300000,Semi Furnished,2 BHK,Family,02-Jan-25,"1,260 sqft",Whitefield,4w
59000.0,300000,Fully Furnished,3 BHK,Family,Ready to Move,"1,640 sqft",Whitefield,4w
23000.0,100000,Semi Furnished,2 BHK,Family,Ready to Move,"1,385 sqft",Whitefield,4w
35000.0,200000,Semi Furnished,2 BHK,Family,24-Jan-25,"1,140 sqft",Whitefield,4w
54000.0,300000,Semi Furnished,2 BHK,Family,01-Dec-24,"1,370 sqft",Whitefield,4w
43575.0,200000,Fully Furnished,3 BHK,All,30-Nov-24,"1,335 sqft",Whitefield,4w
30000.0,50000,Fully Furnished,1 BHK,All,Ready to Move,600 sqft,Whitefield,4w
25000.0,75000,Fully Furnished,1 BHK,Bachelor,30-Nov-24,450 sqft,Whitefield,4w
48445.0,90000,Fully Furnished,2 BHK,Family,05-Dec-24,"1,378 sqft",Whitefield,4w
28000.0,75000,Semi Furnished,2 BHK,All,Ready to Move,750 sqft,Whitefield,4w
75000.0,375000,Semi Furnished,3 BHK,Family,Ready to Move,"1,740 sqft",Whitefield,4w
40250.0,120000,Unfurnished,3 BHK,Family,Ready to Move,"1,411 sqft",Whitefield,4w
45000.0,150000,Fully Furnished,2 BHK,Family,Ready to Move,"1,081 sqft",Whitefield,4w
43500.0,200000,Semi Furnished,2 BHK,Family,15-Dec-24,"1,250 sqft",Whitefield,4w
34000.0,160000,Semi Furnished,2 BHK,Family,Ready to Move,"1,050 sqft",Whitefield,4w
55000.0,165000,Semi Furnished,3 BHK,All,Ready to Move,"1,654 sqft",Whitefield,4w
61400.0,350000,Fully Furnished,2 BHK,Bachelor,Ready to Move,"1,600 sqft",Whitefield,4w
45000.0,200000,Semi Furnished,1 BHK,Family,01-Dec-24,650 sqft,Whitefield,4w
62462.0,200000,Semi Furnished,3 BHK,All,Ready to Move,"2,000 sqft",Whitefield,4w
41200.0,150000,Semi Furnished,3 BHK,All,Ready to Move,"1,950 sqft",Whitefield,4w
30000.0,80000,Fully Furnished,2 BHK,Family,02-Dec-24,"1,200 sqft",Whitefield,4w
43300.0,200000,Semi Furnished,2 BHK,Family,06-Dec-24,"1,205 sqft",Whitefield,4w
25000.0,100000,Semi Furnished,2 BHK,All,Ready to Move,"1,200 sqft",Whitefield,4w
35100.0,300000,Fully Furnished,3 BHK,Family,01-Dec-24,"1,580 sqft",Whitefield,4w
35000.0,100000,Semi Furnished,2 BHK,Family,Ready to Move,930 sqft,Whitefield,4w
50000.0,200000,Semi Furnished,3 BHK,Family,10-Dec-24,"1,500 sqft",Whitefield,4w
42500.0,250000,Semi Furnished,2 BHK,Family,15-Dec-24,"1,185 sqft",Whitefield,4w
25000.0,75000,Fully Furnished,1 BHK,All,06-Dec-24,500 sqft,Whitefield,4w
16000.0,40000,Semi Furnished,2 BHK,All,30-Nov-24,900 sqft,Whitefield,4w
41000.0,200000,Semi Furnished,3 BHK,All,01-Dec-24,"1,545 sqft",Whitefield,4w
40000.0,300000,Fully Furnished,2 BHK,Family,Ready to Move,"1,098 sqft",Whitefield,4w
47100.0,200000,Fully Furnished,3 BHK,"Family, Bachelor",01-Dec-24,"1,275 sqft",Whitefield,4w
27000.0,80000,Semi Furnished,2 BHK,All,Ready to Move,950 sqft,Whitefield,4w
56400.0,350000,Fully Furnished,2 BHK,Bachelor,Ready to Move,"1,600 sqft",Whitefield,4w
37000.0,200000,Semi Furnished,2 BHK,Family,28-Dec-24,"1,350 sqft",Whitefield,4w
46500.0,240000,Semi Furnished,3 BHK,All,03-Dec-24,"1,475 sqft",Whitefield,4w
30000.0,90000,Fully Furnished,2 BHK,All,Ready to Move,"1,100 sqft",Whitefield,4w
43800.0,150000,Semi Furnished,3 BHK,All,Ready to Move,"1,400 sqft",Whitefield,4w
75000.0,300000,Semi Furnished,3 BHK,Family,16-Dec-24,"1,800 sqft",Whitefield,4w
28750.0,100000,Semi Furnished,2 BHK,All,Ready to Move,990 sqft,Whitefield,4w
47500.0,150000,Fully Furnished,2 BHK,All,Ready to Move,"1,250 sqft",Whitefield,4w
43000.0,150000,Semi Furnished,3 BHK,All,Ready to Move,"1,545 sqft",Whitefield,4w
36500.0,100000,Semi Furnished,2 BHK,Company,01-Dec-24,"1,200 sqft",Whitefield,4w
49600.0,225000,Semi Furnished,3 BHK,Family,Ready to Move,"1,650 sqft",Whitefield,4w
50000.0,300000,Semi Furnished,3 BHK,All,Ready to Move,"1,600 sqft",Whitefield,4w
70000.0,300000,Fully Furnished,3 BHK,All,Ready to Move,"1,646 sqft",Whitefield,4w
50000.0,150000,Semi Furnished,3 BHK,All,01-Dec-24,"1,555 sqft",Whitefield,4w
72000.0,200000,Semi Furnished,3 BHK,All,30-Nov-24,"1,852 sqft",Whitefield,4w
75000.0,345000,Semi Furnished,3 BHK,All,05-Dec-24,"1,586 sqft",Whitefield,4w
34000.0,100000,Fully Furnished,2 BHK,All,Ready to Move,700 sqft,Whitefield,4w
33000.0,100000,Semi Furnished,2 BHK,All,01-Jan-25,"1,180 sqft",Whitefield,4w
22000.0,50000,Semi Furnished,2 BHK,All,10-Dec-24,700 sqft,Whitefield,4w
58000.0,120000,Fully Furnished,2 BHK,All,Ready to Move,"1,200 sqft",Whitefield,4w
22000.0,300000,Unfurnished,2 BHK,All,Ready to Move,750 sqft,Whitefield,4w
18000.0,80000,Semi Furnished,2 BHK,All,01-Dec-24,800 sqft,Whitefield,4w
65000.0,300000,Fully Furnished,3 BHK,All,30-Nov-24,"1,745 sqft",Whitefield,4w
44500.0,240000,Semi Furnished,3 BHK,Family,01-Dec-24,"1,600 sqft",Whitefield,4w
33000.0,66000,Fully Furnished,1 BHK,All,Ready to Move,650 sqft,Whitefield,4w
29500.0,60000,Fully Furnished,2 BHK,All,Ready to Move,600 sqft,Whitefield,4w
42000.0,228000,Semi Furnished,2 BHK,Family,Ready to Move,"1,215 sqft",Whitefield,4w
48000.0,200000,Semi Furnished,3 BHK,All,Ready to Move,"1,575 sqft",Whitefield,4w
19500.0,45000,Fully Furnished,2 BHK,Male,Ready to Move,"1,150 sqft",Whitefield,4w
51000.0,150000,Semi Furnished,3 BHK,All,Ready to Move,"1,414 sqft",Whitefield,4w
26000.0,60000,Fully Furnished,1 BHK,All,Ready to Move,450 sqft,Whitefield,4w
22000.0,60000,Semi Furnished,1 BHK,All,Ready to Move,450 sqft,Whitefield,4w
46700.0,150000,Semi Furnished,2 BHK,All,01-Dec-24,"1,220 sqft",Whitefield,4w
48500.0,149999,Semi Furnished,3 BHK,All,Ready to Move,"1,740 sqft",Whitefield,4w
35000.0,100000,Fully Furnished,2 BHK,All,Ready to Move,950 sqft,Whitefield,4w
39930.0,150000,Semi Furnished,3 BHK,Family,Ready to Move,"1,310 sqft",Whitefield,4w
39300.0,100000,Fully Furnished,2 BHK,Family,01-Dec-24,"1,245 sqft",Whitefield,4w
38500.0,80000,Fully Furnished,2 BHK,All,Ready to Move,"1,092 sqft",Whitefield,4w
14000.0,50000,Semi Furnished,1 BHK,All,10-Dec-24,500 sqft,Whitefield,4w
40000.0,100000,Semi Furnished,2 BHK,Family,10-Jan-25,"1,100 sqft",Whitefield,4w
54000.0,200000,Semi Furnished,2 BHK,All,07-Dec-24,900 sqft,Whitefield,4w
18000.0,50000,Semi Furnished,2 BHK,Family,Ready to Move,600 sqft,Whitefield,4w
54500.0,150000,Semi Furnished,3 BHK,All,Ready to Move,"1,414 sqft",Whitefield,4w
29000.0,80000,Semi Furnished,2 BHK,Family,Ready to Move,600 sqft,Whitefield,4w
38000.0,190000,Semi Furnished,1 BHK,All,Ready to Move,400 sqft,Whitefield,4w
30000.0,100000,Fully Furnished,2 BHK,Family,20-Dec-24,"1,058 sqft",Whitefield,4w
7000.0,30000,Semi Furnished,1 RK,All,Ready to Move,200 sqft,Whitefield,4w
27000.0,190000,Semi Furnished,2 BHK,Family,Ready to Move,800 sqft,Whitefield,4w
11000.0,30000,Unfurnished,1 BHK,Family,01-Jan-25,400 sqft,Whitefield,4w
64000.0,325000,Semi Furnished,3 BHK,Family,Ready to Move,"2,150 sqft",Whitefield,4w
38000.0,180000,Fully Furnished,2 BHK,Family,Ready to Move,"1,200 sqft",Whitefield,4w
37200.0,125000,Semi Furnished,2 BHK,All,05-Dec-24,"1,080 sqft",Whitefield,4w
54000.0,300000,Fully Furnished,3 BHK,Family,Ready to Move,"1,650 sqft",Whitefield,4w
17000.0,50000,Semi Furnished,2 BHK,All,Ready to Move,850 sqft,Whitefield,4w
17000.0,100000,Unfurnished,1 BHK,All,Ready to Move,500 sqft,Whitefield,4w
39600.0,150000,Semi Furnished,3 BHK,All,Ready to Move,"1,515 sqft",Whitefield,4w
56750.0,270000,Fully Furnished,2 BHK,All,13-Dec-24,"1,119 sqft",Whitefield,4w
50900.0,150000,Semi Furnished,3 BHK,Family,01-Dec-24,"1,400 sqft",Whitefield,4w
45000.0,150000,Fully Furnished,3 BHK,Family,Ready to Move,"1,500 sqft",Whitefield,4w
42300.0,200000,Fully Furnished,2 BHK,All,04-Dec-24,"1,155 sqft",Whitefield,4w
45000.0,200000,Fully Furnished,2 BHK,Family,13-Jan-25,"1,175 sqft",Whitefield,4w
79700.0,300000,Semi Furnished,3 BHK,Family,Ready to Move,"1,800 sqft",Whitefield,4w
80000.0,240000,Semi Furnished,3 BHK,All,Ready to Move,"1,515 sqft",Whitefield,4w
35000.0,150000,Fully Furnished,2 BHK,All,Ready to Move,"1,450 sqft",Whitefield,4w
40000.0,175000,Fully Furnished,1 BHK,All,04-Dec-24,990 sqft,Whitefield,4w
25000.0,75000,Fully Furnished,1 BHK,All,Ready to Move,500 sqft,Whitefield,4w
40000.0,380000,Semi Furnished,3 BHK,Family,Ready to Move,"1,270 sqft",Whitefield,4w
56000.0,250000,Semi Furnished,3 BHK,Family,Ready to Move,"1,395 sqft",Whitefield,4w
44500.0,150000,Semi Furnished,2 BHK,All,15-Dec-24,"1,200 sqft",Whitefield,4w
78000.0,300000,Semi Furnished,3 BHK,Family,30-Nov-24,"1,720 sqft",Whitefield,4w
18000.0,80000,Semi Furnished,2 BHK,Family,30-Nov-24,900 sqft,Whitefield,4w
45000.0,200000,Semi Furnished,3 BHK,All,01-Jan-25,"1,565 sqft",Whitefield,4w
66000.0,300000,Semi Furnished,3 BHK,Family,01-Dec-24,"1,900 sqft",Whitefield,4w
43000.0,150000,Fully Furnished,2 BHK,All,Ready to Move,"1,255 sqft",Whitefield,4w
25000.0,150000,Semi Furnished,2 BHK,Family,Ready to Move,"1,000 sqft",Whitefield,4w
61000.0,120000,Semi Furnished,3 BHK,Family,Ready to Move,"1,656 sqft",Whitefield,4w
24000.0,100000,Semi Furnished,2 BHK,Family,30-Nov-24,"1,300 sqft",Whitefield,4w
14000.0,75000,Semi Furnished,1 BHK,Family,Ready to Move,500 sqft,Whitefield,4w
42000.0,150000,Fully Furnished,2 BHK,All,Ready to Move,"1,358 sqft",Whitefield,4w
61000.0,350000,Semi Furnished,3 BHK,All,Ready to Move,"1,600 sqft",Whitefield,4w
23000.0,69000,Semi Furnished,2 BHK,Family,Ready to Move,900 sqft,Whitefield,4w
46000.0,250000,Semi Furnished,2 BHK,Family,12-Dec-24,"1,265 sqft",Whitefield,4w
28000.0,100000,Semi Furnished,2 BHK,Family,01-Dec-24,700 sqft,Whitefield,4w
20000.0,50000,Unfurnished,2 BHK,All,Ready to Move,"1,300 sqft",Whitefield,4w
44000.0,400000,Semi Furnished,3 BHK,All,01-Jan-25,"1,555 sqft",Whitefield,4w
27500.0,100000,Semi Furnished,2 BHK,All,Ready to Move,800 sqft,Whitefield,4w
35000.0,100000,Semi Furnished,3 BHK,Family,Ready to Move,"1,440 sqft",Whitefield,4w
32000.0,70000,Fully Furnished,2 BHK,Family,01-Dec-24,"1,281 sqft",Whitefield,4w
37000.0,160000,Semi Furnished,2 BHK,Family,01-Dec-24,"1,020 sqft",Whitefield,4w
36000.0,100000,Semi Furnished,2 BHK,All,01-Jan-25,950 sqft,Whitefield,4w
73500.0,390000,Fully Furnished,3 BHK,Family,01-Dec-24,"2,154 sqft",Whitefield,4w
32000.0,150000,Semi Furnished,2 BHK,Family,Ready to Move,"1,152 sqft",Whitefield,4w
38600.0,200000,Fully Furnished,2 BHK,All,31-Dec-24,"1,080 sqft",Whitefield,4w
65000.0,300000,Semi Furnished,3 BHK,Company,01-Dec-24,"1,700 sqft",Whitefield,4w
61000.0,300000,Fully Furnished,3 BHK,"Company, Bachelor",13-Jan-25,"1,700 sqft",Whitefield,4w
58825.0,200000,Semi Furnished,3 BHK,Family,Ready to Move,"1,725 sqft",Whitefield,4w
57500.0,250000,Semi Furnished,3 BHK,Family,01-Dec-24,"1,685 sqft",Whitefield,4w
52500.0,196000,Fully Furnished,3 BHK,All,Ready to Move,"1,600 sqft",Whitefield,4w
61600.0,150000,Semi Furnished,3 BHK,All,Ready to Move,"2,000 sqft",Whitefield,4w
15000.0,50000,Semi Furnished,1 BHK,Bachelor,Ready to Move,500 sqft,Whitefield,4w
30000.0,75000,Semi Furnished,2 BHK,Family,01-Dec-24,800 sqft,Whitefield,4w
44800.0,200000,Semi Furnished,2 BHK,All,Ready to Move,"1,185 sqft",Whitefield,4w
29150.0,100000,Semi Furnished,1 BHK,Family,Ready to Move,750 sqft,Whitefield,4w
50636.0,250000,Semi Furnished,1 BHK,All,06-Dec-24,613 sqft,Whitefield,4w
20000.0,100000,Unfurnished,2 BHK,Family,Ready to Move,900 sqft,Whitefield,4w
55000.0,330000,Fully Furnished,2 BHK,Family,Ready to Move,"1,150 sqft",Whitefield,4w
58500.0,165000,Fully Furnished,3 BHK,All,04-Dec-24,"1,300 sqft",Whitefield,4w
50000.0,275000,Semi Furnished,3 BHK,All,Ready to Move,"1,600 sqft",Whitefield,4w
42859.0,200000,Semi Furnished,2 BHK,Family,Ready to Move,"1,230 sqft",Whitefield,4w
15000.0,75000,Semi Furnished,1 BHK,All,Ready to Move,600 sqft,Whitefield,4w
49500.0,120000,Semi Furnished,3 BHK,All,Ready to Move,"1,675 sqft",Whitefield,4w
39300.0,120000,Semi Furnished,2 BHK,All,Ready to Move,"1,185 sqft",Whitefield,4w
40000.0,150000,Semi Furnished,3 BHK,Family,Ready to Move,"1,470 sqft",Whitefield,4w
54000.0,250000,Semi Furnished,3 BHK,All,Ready to Move,"1,665 sqft",Whitefield,4w
54300.0,200000,Semi Furnished,2 BHK,All,Ready to Move,"1,325 sqft",Whitefield,4w
54000.0,300000,Semi Furnished,2 BHK,Family,15-Dec-24,"1,355 sqft",Whitefield,4w
75000.0,450000,Semi Furnished,3 BHK,Family,Ready to Move,"1,800 sqft",Whitefield,4w
70000.0,400000,Semi Furnished,3 BHK,Family,01-Dec-24,"1,700 sqft",Whitefield,4w
72000.0,375000,Semi Furnished,3 BHK,Family,Ready to Move,"1,817 sqft",Whitefield,4w
55000.0,250000,Semi Furnished,3 BHK,Family,15-Dec-24,"1,570 sqft",Whitefield,4w
38000.0,150000,Semi Furnished,3 BHK,All,Ready to Move,"1,660 sqft",Whitefield,4w
30000.0,150000,Semi Furnished,2 BHK,All,Ready to Move,"1,175 sqft",Whitefield,4w
30000.0,120000,Semi Furnished,2 BHK,Family,01-Jan-25,"1,200 sqft",Whitefield,4w
52000.0,150000,Fully Furnished,3 BHK,All,01-Dec-24,"1,400 sqft",Whitefield,4w
36000.0,150000,Semi Furnished,2 BHK,All,01-Dec-24,"1,300 sqft",Whitefield,4w
38500.0,132000,Semi Furnished,2 BHK,Family,Ready to Move,"1,242 sqft",Whitefield,4w
46000.0,100000,Semi Furnished,2 BHK,All,02-Dec-24,"1,190 sqft",Whitefield,4w
10000.0,40000,Unfurnished,1 BHK,All,01-Dec-24,500 sqft,Whitefield,4w
15000.0,50000,Unfurnished,2 BHK,All,Ready to Move,"1,000 sqft",Whitefield,4w
20500.0,80000,Semi Furnished,2 BHK,All,30-Nov-24,650 sqft,Whitefield,4w
58000.0,200000,Fully Furnished,3 BHK,Family,10-Dec-24,"1,605 sqft",Whitefield,4w
73500.0,350000,Semi Furnished,3 BHK,All,30-Nov-24,"1,839 sqft",Whitefield,4w
79600.0,200000,Semi Furnished,3 BHK,All,12-Jan-25,"1,839 sqft",Whitefield,4w
78500.0,300000,Semi Furnished,3 BHK,All,Ready to Move,"1,839 sqft",Whitefield,4w
31000.0,100000,Semi Furnished,2 BHK,Family,Ready to Move,"1,000 sqft",Whitefield,4w
65300.0,200000,Semi Furnished,3 BHK,Family,Ready to Move,"1,865 sqft",Whitefield,4w
16000.0,50000,Semi Furnished,2 BHK,Family,25-Jan-25,"1,000 sqft",Whitefield,4w
27900.0,75000,Semi Furnished,2 BHK,Family,Ready to Move,"1,116 sqft",Whitefield,4w
29000.0,100000,Semi Furnished,2 BHK,All,Ready to Move,"1,050 sqft",Whitefield,4w
36000.0,200000,Semi Furnished,2 BHK,All,Ready to Move,"1,020 sqft",Whitefield,4w
30000.0,50000,Semi Furnished,2 BHK,Family,01-Dec-24,"1,000 sqft",Whitefield,4w
60050.0,350000,Fully Furnished,3 BHK,Bachelor,15-Jan-25,"1,700 sqft",Whitefield,4w
30000.0,100000,Semi Furnished,2 BHK,"Family, Bachelor",Ready to Move,"1,096 sqft",Whitefield,4w
47000.0,100000,Fully Furnished,3 BHK,All,01-Jan-25,"1,300 sqft",Whitefield,4w
32000.0,150000,Semi Furnished,2 BHK,Family,20-Dec-24,"1,100 sqft",Whitefield,4w
32000.0,150000,Semi Furnished,2 BHK,Family,15-Dec-24,"1,100 sqft",Whitefield,4w
18000.0,50000,Semi Furnished,2 BHK,Family,Ready to Move,"1,000 sqft",Whitefield,4w
48000.0,399999,Semi Furnished,3 BHK,Family,Ready to Move,"1,580 sqft",Whitefield,4w
20000.0,50000,Semi Furnished,2 BHK,All,Ready to Move,950 sqft,Whitefield,4w
9350.0,30000,Semi Furnished,1 BHK,All,Ready to Move,450 sqft,Whitefield,4w
45000.0,150000,Semi Furnished,3 BHK,All,01-Dec-24,"1,700 sqft",Whitefield,4w
70000.0,420000,Semi Furnished,3 BHK,All,03-Dec-24,"1,700 sqft",Whitefield,4w
55000.0,300000,Fully Furnished,3 BHK,All,Ready to Move,"2,400 sqft",Whitefield,4w
58000.0,150000,Semi Furnished,3 BHK,Family,Ready to Move,"1,465 sqft",Whitefield,4w
42500.0,200000,Semi Furnished,2 BHK,All,Ready to Move,"1,000 sqft",Whitefield,4w
13800.0,42000,Semi Furnished,1 RK,"Company, Bachelor",01-Jan-25,250 sqft,Marathahalli,nop
22999.0,150000,Semi Furnished,2 BHK,Family,15-Dec-24,800 sqft,Marathahalli,nop
7500.0,30000,Unfurnished,1 RK,All,Ready to Move,300 sqft,Marathahalli,nop
11000.0,40000,Unfurnished,1 BHK,Company,Ready to Move,300 sqft,Marathahalli,nop
20000.0,70000,Semi Furnished,2 BHK,All,Ready to Move,600 sqft,Marathahalli,nop
22000.0,60000,Unfurnished,2 BHK,All,Ready to Move,800 sqft,Marathahalli,nop
15000.0,60000,Unfurnished,1 BHK,All,Ready to Move,500 sqft,Marathahalli,nop
15000.0,60000,Semi Furnished,1 BHK,Bachelor,Ready to Move,800 sqft,Marathahalli,nop
15000.0,30000,Semi Furnished,1 BHK,All,01-Jan-25,500 sqft,Marathahalli,nop
30000.0,60000,Semi Furnished,3 BHK,All,01-Jan-25,"1,200 sqft",Marathahalli,nop
25000.0,70000,Semi Furnished,2 BHK,All,Ready to Move,"1,000 sqft",Marathahalli,nop
15000.0,60000,Semi Furnished,1 BHK,Bachelor,Ready to Move,750 sqft,Marathahalli,nop
19000.0,70000,Semi Furnished,1 BHK,Family,Ready to Move,800 sqft,Marathahalli,nop
9000.0,40000,Unfurnished,1 BHK,All,31-Dec-24,300 sqft,Marathahalli,nop
15500.0,60000,Unfurnished,2 BHK,All,Ready to Move,600 sqft,Marathahalli,nop
11000.0,30000,Unfurnished,1 BHK,All,Ready to Move,500 sqft,Marathahalli,nop
16500.0,50000,Semi Furnished,2 BHK,Family,21-Dec-24,800 sqft,Marathahalli,nop
11000.0,30000,Semi Furnished,1 BHK,All,Ready to Move,"1,000 sqft",Marathahalli,nop
13300.0,40000,Unfurnished,1 BHK,Family,Ready to Move,500 sqft,Marathahalli,nop
10000.0,30000,Semi Furnished,1 BHK,All,01-Jan-25,300 sqft,Marathahalli,nop
14000.0,50000,Semi Furnished,1 BHK,All,Ready to Move,300 sqft,Marathahalli,nop
11000.0,30000,Unfurnished,1 BHK,Family,Ready to Move,400 sqft,Marathahalli,nop
14500.0,50000,Unfurnished,1 BHK,All,01-Jan-25,300 sqft,Marathahalli,nop
9000.0,30000,Unfurnished,1 RK,All,Ready to Move,310 sqft,Marathahalli,nop
40000.0,300000,Unfurnished,1 BHK,All,31-Jan-25,550 sqft,Marathahalli,nop
20000.0,100000,Unfurnished,2 BHK,All,01-Jan-25,"1,200 sqft",Marathahalli,nop
12000.0,30000,Unfurnished,2 BHK,Family,Ready to Move,"1,000 sqft",Marathahalli,nop
10000.0,25000,Unfurnished,1 RK,All,Ready to Move,150 sqft,Marathahalli,nop
22000.0,100000,Semi Furnished,3 BHK,All,Ready to Move,"1,200 sqft",Marathahalli,nop
12000.0,30000,Semi Furnished,1 BHK,All,Ready to Move,400 sqft,Marathahalli,nop
10000.0,100000,Unfurnished,1 RK,All,Ready to Move,250 sqft,Marathahalli,nop
22000.0,70000,Unfurnished,2 BHK,Family,Ready to Move,650 sqft,Marathahalli,nop
22000.0,65000,Semi Furnished,2 BHK,Company,05-Jan-25,800 sqft,Marathahalli,nop
16500.0,60000,Semi Furnished,2 BHK,All,Ready to Move,600 sqft,Marathahalli,nop
27000.0,81000,Semi Furnished,2 BHK,All,31-Dec-24,900 sqft,Marathahalli,nop
10000.0,60000,Unfurnished,1 RK,All,Ready to Move,300 sqft,Marathahalli,nop
7000.0,25000,Unfurnished,1 RK,All,Ready to Move,100 sqft,Marathahalli,nop
15000.0,60000,Semi Furnished,1 BHK,All,Ready to Move,550 sqft,Marathahalli,nop
8500.0,25000,Semi Furnished,1 RK,Family,Ready to Move,350 sqft,Marathahalli,nop
10200.0,35000,Unfurnished,1 RK,Family,Ready to Move,250 sqft,Marathahalli,nop
14000.0,30000,Semi Furnished,1 BHK,All,Ready to Move,300 sqft,Marathahalli,nop
22000.0,100000,Semi Furnished,2 BHK,Family,Ready to Move,720 sqft,Marathahalli,nop
28000.0,100000,Semi Furnished,2 BHK,All,Ready to Move,800 sqft,Marathahalli,nop
22000.0,60000,Unfurnished,2 BHK,Bachelor,Ready to Move,800 sqft,Marathahalli,nop
10000.0,30000,Unfurnished,1 RK,Family,Ready to Move,150 sqft,Marathahalli,nop
10500.0,30000,Semi Furnished,1 BHK,Male,Ready to Move,350 sqft,Marathahalli,2w
19000.0,76000,Semi Furnished,1 BHK,All,01-Jan-25,600 sqft,Marathahalli,2w
30999.0,100000,Semi Furnished,3 BHK,Family,Ready to Move,"1,200 sqft",Marathahalli,2w
20000.0,50000,Semi Furnished,1 BHK,Family,15-Dec-24,400 sqft,Marathahalli,2w
17500.0,50000,Unfurnished,1 BHK,Family,30-Dec-24,450 sqft,Marathahalli,2w
25000.0,70000,Semi Furnished,2 BHK,All,Ready to Move,900 sqft,Marathahalli,2w
21500.0,60000,Semi Furnished,1 BHK,All,05-Jan-25,530 sqft,Marathahalli,2w
17000.0,50000,Semi Furnished,1 BHK,Bachelor,18-Dec-24,500 sqft,Marathahalli,2w
10000.0,40000,Semi Furnished,1 BHK,All,Ready to Move,600 sqft,Marathahalli,2w
28000.0,120000,Semi Furnished,3 BHK,All,22-Jan-25,"1,200 sqft",Marathahalli,2w
25000.0,60000,Unfurnished,2 BHK,Male,Ready to Move,850 sqft,Marathahalli,2w
19999.0,70000,Semi Furnished,2 BHK,All,01-Jan-25,650 sqft,Marathahalli,2w
22000.0,60000,Semi Furnished,2 BHK,All,05-Jan-25,"1,000 sqft",Marathahalli,2w
16000.0,60000,Semi Furnished,2 BHK,All,Ready to Move,800 sqft,Marathahalli,2w
13000.0,40000,Semi Furnished,1 BHK,All,Ready to Move,500 sqft,Marathahalli,2w
8500.0,24000,Semi Furnished,1 RK,All,Ready to Move,250 sqft,Marathahalli,2w
15000.0,100000,Unfurnished,1 BHK,All,20-Dec-24,600 sqft,Marathahalli,2w
32000.0,100000,Fully Furnished,3 BHK,All,Ready to Move,"1,000 sqft",Marathahalli,2w
11000.0,35000,Unfurnished,1 BHK,All,04-Jan-25,400 sqft,Marathahalli,2w
23000.0,70000,Semi Furnished,2 BHK,Family,Ready to Move,900 sqft,Marathahalli,2w
11000.0,40000,Semi Furnished,1 BHK,Company,Ready to Move,400 sqft,Marathahalli,2w
24000.0,75000,Semi Furnished,2 BHK,All,Ready to Move,"1,200 sqft",Marathahalli,2w
13000.0,35000,Unfurnished,1 BHK,All,Ready to Move,350 sqft,Marathahalli,2w
8000.0,25000,Unfurnished,1 BHK,All,Ready to Move,500 sqft,Marathahalli,2w
20000.0,70000,Semi Furnished,2 BHK,All,Ready to Move,950 sqft,Marathahalli,2w
14000.0,50000,Semi Furnished,1 BHK,All,01-Jan-25,550 sqft,Marathahalli,2w
15000.0,50000,Unfurnished,1 BHK,Family,Ready to Move,500 sqft,Marathahalli,2w
28100.0,100000,Semi Furnished,2 BHK,All,31-Dec-24,700 sqft,Marathahalli,2w
18000.0,60000,Semi Furnished,1 BHK,All,01-Jan-25,800 sqft,Marathahalli,2w
18500.0,60000,Semi Furnished,1 BHK,All,Ready to Move,600 sqft,Marathahalli,2w
7500.0,25000,Unfurnished,1 RK,Company,Ready to Move,150 sqft,Marathahalli,2w
15000.0,100000,Semi Furnished,1 BHK,Family,20-Dec-24,600 sqft,Marathahalli,2w
20000.0,60000,Unfurnished,2 BHK,Family,Ready to Move,800 sqft,Marathahalli,2w
11000.0,60000,Unfurnished,1 BHK,All,04-Jan-25,310 sqft,Marathahalli,2w
7000.0,35000,Unfurnished,1 BHK,All,Ready to Move,400 sqft,Marathahalli,2w
22500.0,100000,Semi Furnished,3 BHK,Company,Ready to Move,"1,100 sqft",Marathahalli,2w
11000.0,30000,Semi Furnished,1 BHK,Family,10-Feb-25,800 sqft,Marathahalli,2w
10500.0,100000,Semi Furnished,2 BHK,Bachelor,Ready to Move,600 sqft,Marathahalli,2w
16500.0,60000,Unfurnished,1 BHK,Family,Ready to Move,500 sqft,Marathahalli,2w
17000.0,60000,Semi Furnished,1 BHK,All,01-Jan-25,400 sqft,Marathahalli,2w
15000.0,50000,Semi Furnished,1 BHK,All,Ready to Move,500 sqft,Marathahalli,2w
30000.0,100000,Semi Furnished,2 BHK,All,Ready to Move,"1,000 sqft",Marathahalli,2w
25000.0,80000,Semi Furnished,2 BHK,All,Ready to Move,800 sqft,Marathahalli,2w
20000.0,60000,Unfurnished,2 BHK,Bachelor,Ready to Move,"1,000 sqft",Marathahalli,2w
24000.0,50000,Unfurnished,2 BHK,Family,21-Dec-24,"1,000 sqft",Marathahalli,2w
15000.0,50000,Semi Furnished,2 BHK,All,Ready to Move,500 sqft,Marathahalli,2w
18000.0,55000,Semi Furnished,2 BHK,Family,Ready to Move,"1,000 sqft",Marathahalli,2w
22000.0,100000,Unfurnished,1 BHK,Family,Ready to Move,900 sqft,Marathahalli,2w
11550.0,50500,Semi Furnished,1 RK,All,Ready to Move,200 sqft,Marathahalli,2w
18000.0,70000,Semi Furnished,2 BHK,All,18-Jan-25,800 sqft,Marathahalli,2w
15000.0,50000,Fully Furnished,1 BHK,Family,Ready to Move,"1,000 sqft",Marathahalli,2w
8000.0,20000,Unfurnished,1 RK,Bachelor,Ready to Move,300 sqft,Marathahalli,2w
18000.0,50000,Unfurnished,2 BHK,Family,Ready to Move,800 sqft,Marathahalli,2w
25000.0,80000,Semi Furnished,2 BHK,All,Ready to Move,650 sqft,Marathahalli,2w
15000.0,60000,Semi Furnished,2 BHK,All,Ready to Move,650 sqft,Marathahalli,2w
26000.0,80000,Semi Furnished,2 BHK,Bachelor,Ready to Move,800 sqft,Marathahalli,2w
29000.0,120000,Unfurnished,3 BHK,Family,01-Jan-25,"1,100 sqft",Marathahalli,2w
16000.0,80000,Semi Furnished,1 BHK,Family,Ready to Move,450 sqft,Marathahalli,2w
12000.0,40000,Unfurnished,1 BHK,All,Ready to Move,350 sqft,Marathahalli,2w
30500.0,120000,Semi Furnished,2 BHK,"Company, Bachelor",01-Jan-25,800 sqft,Marathahalli,2w
17500.0,65000,Semi Furnished,1 BHK,Company,Ready to Move,650 sqft,Marathahalli,2w
15000.0,45000,Semi Furnished,1 BHK,All,Ready to Move,500 sqft,Marathahalli,2w
21000.0,105000,Unfurnished,2 BHK,All,01-Jan-25,600 sqft,Marathahalli,2w
15000.0,50000,Unfurnished,1 BHK,Family,Ready to Move,600 sqft,Marathahalli,2w
18000.0,50000,Semi Furnished,1 BHK,All,Ready to Move,350 sqft,Marathahalli,2w
11000.0,30000,Semi Furnished,1 RK,Family,01-Jan-25,250 sqft,Marathahalli,2w
13000.0,50000,Semi Furnished,1 BHK,All,Ready to Move,500 sqft,Marathahalli,2w
30000.0,100000,Semi Furnished,3 BHK,Family,Ready to Move,800 sqft,Marathahalli,2w
29000.0,80000,Semi Furnished,2 BHK,All,Ready to Move,800 sqft,Marathahalli,2w
16000.0,80000,Semi Furnished,2 BHK,Family,Ready to Move,800 sqft,Marathahalli,2w
14000.0,40000,Semi Furnished,1 BHK,All,Ready to Move,400 sqft,Marathahalli,2w
18000.0,50000,Semi Furnished,1 BHK,Male,Ready to Move,"1,200 sqft",Marathahalli,2w
20000.0,100000,Semi Furnished,3 BHK,All,Ready to Move,800 sqft,Marathahalli,2w
8000.0,30000,Unfurnished,1 RK,Bachelor,Ready to Move,300 sqft,Marathahalli,2w
25000.0,80000,Semi Furnished,2 BHK,Bachelor,Ready to Move,700 sqft,Marathahalli,2w
20000.0,80000,Semi Furnished,1 BHK,Female,Ready to Move,550 sqft,Marathahalli,2w
10000.0,40000,Semi Furnished,1 BHK,All,Ready to Move,320 sqft,Marathahalli,2w
32000.0,150000,Semi Furnished,2 BHK,Family,Ready to Move,"1,000 sqft",Marathahalli,2w
25000.0,80000,Semi Furnished,2 BHK,All,Ready to Move,"1,000 sqft",Marathahalli,2w
9000.0,30000,Unfurnished,1 BHK,Family,01-Jan-25,500 sqft,Marathahalli,2w
14000.0,30000,Unfurnished,1 BHK,All,Ready to Move,400 sqft,Marathahalli,2w
13000.0,40000,Semi Furnished,1 BHK,Family,Ready to Move,450 sqft,Marathahalli,2w
20000.0,100000,Semi Furnished,2 BHK,All,Ready to Move,650 sqft,Marathahalli,2w
25000.0,60000,Semi Furnished,2 BHK,Family,Ready to Move,"1,200 sqft",Marathahalli,2w
13000.0,45000,Semi Furnished,1 RK,All,Ready to Move,300 sqft,Marathahalli,2w
16000.0,50000,Semi Furnished,1 RK,Company,Ready to Move,250 sqft,Marathahalli,2w
14500.0,40000,Unfurnished,1 BHK,Bachelor,Ready to Move,700 sqft,Marathahalli,2w
8000.0,50000,Unfurnished,1 BHK,Family,Ready to Move,375 sqft,Marathahalli,2w
25000.0,100000,Semi Furnished,2 BHK,All,Ready to Move,600 sqft,Marathahalli,2w
25000.0,60000,Semi Furnished,2 BHK,Company,01-Jan-25,950 sqft,Marathahalli,2w
6100.0,35000,Semi Furnished,1 RK,Bachelor,Ready to Move,200 sqft,Marathahalli,2w
20000.0,60000,Semi Furnished,1 BHK,All,Ready to Move,600 sqft,Marathahalli,2w
8700.0,25000,Semi Furnished,1 RK,Male,Ready to Move,151 sqft,Marathahalli,2w
16000.0,40000,Semi Furnished,1 BHK,All,Ready to Move,550 sqft,Marathahalli,2w
15000.0,50000,Semi Furnished,1 BHK,All,Ready to Move,550 sqft,Marathahalli,2w
22000.0,60000,Semi Furnished,2 BHK,All,Ready to Move,800 sqft,Marathahalli,2w
8499.0,30000,Semi Furnished,1 RK,Bachelor,Ready to Move,200 sqft,Marathahalli,2w
43000.0,400000,Semi Furnished,3 BHK,Family,31-Dec-24,"1,450 sqft",Marathahalli,2w
17500.0,50000,Semi Furnished,1 BHK,All,23-Dec-24,400 sqft,Marathahalli,2w
20000.0,50000,Unfurnished,2 BHK,All,Ready to Move,"1,500 sqft",Marathahalli,2w
22000.0,80000,Semi Furnished,1 BHK,All,Ready to Move,500 sqft,Marathahalli,2w
38000.0,150000,Semi Furnished,2 BHK,All,Ready to Move,"1,155 sqft",Marathahalli,2w
70000.0,250000,Semi Furnished,2 BHK,All,31-Dec-24,"1,800 sqft",Marathahalli,2w
10000.0,30000,Semi Furnished,1 RK,Bachelor,Ready to Move,150 sqft,Marathahalli,2w
27500.0,100000,Fully Furnished,2 BHK,All,Ready to Move,"1,000 sqft",Marathahalli,2w
52000.0,150000,Semi Furnished,3 BHK,All,31-Jan-25,"1,800 sqft",Marathahalli,2w
20000.0,60000,Semi Furnished,1 BHK,All,Ready to Move,550 sqft,Marathahalli,2w
24500.0,100000,Semi Furnished,2 BHK,Family,31-Jan-25,"1,000 sqft",Marathahalli,2w
35000.0,180000,Semi Furnished,3 BHK,All,16-Dec-24,"1,400 sqft",Marathahalli,2w
24000.0,80000,Semi Furnished,2 BHK,All,Ready to Move,603 sqft,Marathahalli,2w
16000.0,1,Unfurnished,1 RK,Bachelor,Ready to Move,200 sqft,Marathahalli,2w
11000.0,50000,Unfurnished,1 RK,Family,Ready to Move,250 sqft,Marathahalli,2w
25000.0,60000,Unfurnished,2 BHK,Family,Ready to Move,950 sqft,Marathahalli,2w
42100.0,200000,Semi Furnished,3 BHK,All,Ready to Move,"1,500 sqft",Marathahalli,2w
13000.0,40000,Semi Furnished,1 BHK,All,Ready to Move,400 sqft,Marathahalli,2w
23000.0,100000,Semi Furnished,2 BHK,Family,15-Dec-24,750 sqft,Marathahalli,2w
27000.0,100000,Semi Furnished,1 BHK,"Family, Female",Ready to Move,550 sqft,Marathahalli,2w
35000.0,100000,Fully Furnished,2 BHK,All,Ready to Move,"1,300 sqft",Marathahalli,2w
36000.0,70000,Fully Furnished,1 BHK,All,Ready to Move,650 sqft,Marathahalli,2w
12000.0,40000,Semi Furnished,1 BHK,All,01-Jan-25,500 sqft,Marathahalli,2w
42500.0,250000,Semi Furnished,3 BHK,All,Ready to Move,"1,300 sqft",Marathahalli,2w
22000.0,75000,Semi Furnished,2 BHK,All,Ready to Move,950 sqft,Marathahalli,2w
22000.0,75000,Semi Furnished,2 BHK,All,Ready to Move,800 sqft,Marathahalli,2w
25000.0,100000,Semi Furnished,2 BHK,Family,20-Dec-24,900 sqft,Marathahalli,2w
25000.0,70000,Semi Furnished,2 BHK,Family,Ready to Move,800 sqft,Marathahalli,2w
25500.0,100000,Unfurnished,2 BHK,All,Ready to Move,"1,000 sqft",Marathahalli,2w
26000.0,60000,Fully Furnished,2 BHK,All,24-Dec-24,"1,100 sqft",Marathahalli,2w
15000.0,30000,Semi Furnished,1 BHK,All,Ready to Move,450 sqft,Marathahalli,2w
18500.0,60000,Semi Furnished,2 BHK,All,Ready to Move,"1,000 sqft",Marathahalli,2w
27000.0,60000,Fully Furnished,2 BHK,All,01-Jan-25,"1,100 sqft",Marathahalli,2w
18000.0,54000,Unfurnished,1 BHK,All,15-Dec-24,600 sqft,Marathahalli,2w
22000.0,65000,Fully Furnished,1 BHK,All,Ready to Move,600 sqft,Marathahalli,2w
20000.0,20000,Fully Furnished,1 RK,All,Ready to Move,300 sqft,Marathahalli,2w
12000.0,35000,Semi Furnished,1 BHK,Family,Ready to Move,500 sqft,Marathahalli,2w
19000.0,60000,Semi Furnished,1 BHK,All,Ready to Move,650 sqft,Marathahalli,2w
16000.0,50000,Unfurnished,2 BHK,All,Ready to Move,"1,000 sqft",Marathahalli,2w
13000.0,60000,Unfurnished,2 BHK,All,Ready to Move,750 sqft,Marathahalli,2w
20000.0,60000,Semi Furnished,1 BHK,Family,03-Jan-25,550 sqft,Marathahalli,2w
31000.0,100000,Semi Furnished,1 BHK,All,01-Feb-25,300 sqft,Marathahalli,2w
7500.0,25000,Unfurnished,1 RK,Family,Ready to Move,300 sqft,Marathahalli,2w
15000.0,40000,Semi Furnished,1 BHK,Family,Ready to Move,500 sqft,Marathahalli,2w
11000.0,30000,Semi Furnished,1 BHK,Bachelor,Ready to Move,600 sqft,Marathahalli,2w
9500.0,50000,Fully Furnished,1 RK,All,Ready to Move,400 sqft,Marathahalli,2w
22000.0,60000,Semi Furnished,1 BHK,Family,31-Dec-24,700 sqft,Marathahalli,2w
25000.0,80000,Semi Furnished,2 BHK,All,Ready to Move,"1,200 sqft",Marathahalli,2w
18000.0,70000,Semi Furnished,1 BHK,Female,Ready to Move,550 sqft,Marathahalli,2w
37500.0,175000,Semi Furnished,2 BHK,All,01-Jan-25,"1,000 sqft",Marathahalli,2w
22000.0,65000,Semi Furnished,1 BHK,All,01-Jan-25,700 sqft,Marathahalli,2w
9000.0,30000,Unfurnished,1 RK,Bachelor,17-Dec-24,300 sqft,Marathahalli,2w
18000.0,80000,Unfurnished,1 BHK,Family,Ready to Move,600 sqft,Marathahalli,2w
22000.0,70000,Semi Furnished,1 BHK,All,01-Jan-25,450 sqft,Marathahalli,2w
35000.0,150000,Fully Furnished,2 BHK,Family,Ready to Move,"1,200 sqft",Marathahalli,2w
19000.0,80000,Semi Furnished,1 BHK,Family,Ready to Move,600 sqft,Marathahalli,2w
25000.0,80000,Semi Furnished,2 BHK,Family,Ready to Move,"1,000 sqft",Marathahalli,2w
15000.0,50000,Semi Furnished,1 BHK,Family,Ready to Move,650 sqft,Marathahalli,2w
17000.0,50000,Semi Furnished,2 BHK,Bachelor,31-Dec-24,600 sqft,Marathahalli,2w
16000.0,50000,Semi Furnished,1 BHK,Company,Ready to Move,400 sqft,Marathahalli,2w
32000.0,90000,Fully Furnished,1 BHK,All,Ready to Move,750 sqft,Marathahalli,2w
10000.0,50000,Semi Furnished,1 BHK,All,Ready to Move,700 sqft,Marathahalli,2w
16000.0,50000,Semi Furnished,1 BHK,All,Ready to Move,600 sqft,Marathahalli,2w
30000.0,100000,Semi Furnished,2 BHK,Family,Ready to Move,750 sqft,Marathahalli,2w
17000.0,50000,Semi Furnished,2 BHK,All,Ready to Move,700 sqft,Marathahalli,2w
10500.0,40000,Semi Furnished,1 RK,Bachelor,Ready to Move,250 sqft,Marathahalli,2w
20000.0,100000,Unfurnished,2 BHK,All,Ready to Move,700 sqft,Marathahalli,2w
11000.0,40000,Unfurnished,1 BHK,All,Ready to Move,300 sqft,Marathahalli,2w
16000.0,60000,Unfurnished,1 RK,Bachelor,Ready to Move,220 sqft,Marathahalli,2w
15000.0,50000,Semi Furnished,1 BHK,All,Ready to Move,750 sqft,Marathahalli,2w
20000.0,60000,Unfurnished,1 BHK,Family,Ready to Move,450 sqft,Marathahalli,2w
10000.0,50000,Unfurnished,1 RK,All,Ready to Move,500 sqft,Marathahalli,2w
6500.0,20000,Semi Furnished,1 RK,Bachelor,Ready to Move,250 sqft,Marathahalli,2w
10000.0,30000,Semi Furnished,1 BHK,Female,Ready to Move,350 sqft,Marathahalli,2w
12000.0,40000,Unfurnished,1 BHK,All,Ready to Move,450 sqft,Marathahalli,2w
17500.0,55000,Unfurnished,2 BHK,Family,Ready to Move,"1,200 sqft",Marathahalli,2w
24000.0,140000,Semi Furnished,2 BHK,Family,Ready to Move,800 sqft,Marathahalli,2w
32500.0,100000,Semi Furnished,2 BHK,All,01-Jan-25,"1,050 sqft",Marathahalli,2w
15000.0,65000,Semi Furnished,1 BHK,Family,01-Feb-25,550 sqft,Marathahalli,2w
13000.0,35000,Semi Furnished,1 BHK,Family,31-Dec-24,400 sqft,Marathahalli,2w
18000.0,80000,Semi Furnished,1 BHK,All,Ready to Move,400 sqft,Marathahalli,2w
14000.0,36700,Fully Furnished,2 BHK,Male,Ready to Move,"1,200 sqft",Marathahalli,2w
21000.0,75000,Semi Furnished,2 BHK,Family,Ready to Move,620 sqft,Marathahalli,2w
11000.0,50000,Unfurnished,1 BHK,Family,Ready to Move,500 sqft,Marathahalli,2w
27000.0,95000,Semi Furnished,2 BHK,All,Ready to Move,800 sqft,Marathahalli,2w
37000.0,120000,Semi Furnished,2 BHK,All,01-Jan-25,"1,000 sqft",Marathahalli,2w
12000.0,30000,Fully Furnished,1 RK,All,Ready to Move,200 sqft,Marathahalli,2w
18000.0,60000,Semi Furnished,1 BHK,Family,Ready to Move,600 sqft,Marathahalli,2w
29999.0,100000,Semi Furnished,2 BHK,Family,15-Dec-24,"1,200 sqft",Marathahalli,2w
17000.0,50000,Semi Furnished,1 BHK,Company,16-Dec-24,400 sqft,Marathahalli,2w
13000.0,30000,Semi Furnished,1 BHK,Company,Ready to Move,700 sqft,Marathahalli,2w
16500.0,50000,Semi Furnished,1 BHK,Family,01-Jan-25,600 sqft,Marathahalli,2w
16000.0,60000,Semi Furnished,2 BHK,All,10-Jan-25,600 sqft,Marathahalli,2w
7500.0,25000,Semi Furnished,1 RK,Bachelor,Ready to Move,150 sqft,Marathahalli,2w
20000.0,60000,Unfurnished,2 BHK,All,Ready to Move,800 sqft,Marathahalli,2w
2200.0,100000,Semi Furnished,2 BHK,Family,Ready to Move,700 sqft,Marathahalli,2w
8000.0,30000,Unfurnished,1 RK,Bachelor,Ready to Move,250 sqft,Marathahalli,2w
35001.0,140000,Semi Furnished,2 BHK,All,15-Jan-25,"1,000 sqft",Marathahalli,2w
9000.0,20000,Semi Furnished,1 RK,All,10-Jan-25,140 sqft,Marathahalli,2w
12000.0,40000,Unfurnished,1 BHK,All,Ready to Move,500 sqft,Marathahalli,2w
20000.0,100000,Semi Furnished,1 BHK,All,Ready to Move,550 sqft,Marathahalli,2w
11000.0,40000,Unfurnished,1 BHK,Family,Ready to Move,400 sqft,Marathahalli,2w
12000.0,33000,Semi Furnished,1 RK,All,Ready to Move,200 sqft,Marathahalli,2w
16000.0,40000,Semi Furnished,1 BHK,All,Ready to Move,300 sqft,Marathahalli,2w
16000.0,60000,Semi Furnished,1 BHK,All,Ready to Move,500 sqft,Marathahalli,2w
20000.0,50000,Semi Furnished,2 BHK,All,01-Jan-25,"1,100 sqft",Marathahalli,2w
13000.0,40000,Semi Furnished,1 RK,Bachelor,Ready to Move,400 sqft,Marathahalli,2w
8000.0,20000,Semi Furnished,1 RK,Family,Ready to Move,150 sqft,Marathahalli,2w
17000.0,35000,Semi Furnished,1 BHK,All,15-Dec-24,500 sqft,Marathahalli,2w
16000.0,50000,Semi Furnished,1 BHK,Bachelor,Ready to Move,500 sqft,Marathahalli,2w
17000.0,50000,Unfurnished,1 BHK,All,01-Feb-25,450 sqft,Marathahalli,2w
15000.0,50000,Unfurnished,1 BHK,Family,Ready to Move,301 sqft,Marathahalli,2w
18000.0,74997,Semi Furnished,1 BHK,Family,15-Dec-24,600 sqft,Marathahalli,2w
17000.0,50000,Unfurnished,2 BHK,Family,Ready to Move,900 sqft,Marathahalli,2w
17500.0,60000,Semi Furnished,1 BHK,"Male, Family, Company",Ready to Move,700 sqft,Marathahalli,2w
16000.0,50000,Unfurnished,2 BHK,All,Ready to Move,750 sqft,Marathahalli,2w
18000.0,70000,Semi Furnished,1 BHK,Family,15-Dec-24,600 sqft,Marathahalli,2w
20000.0,60000,Fully Furnished,2 BHK,All,Ready to Move,800 sqft,Marathahalli,2w
11000.0,50000,Semi Furnished,1 BHK,Company,20-Dec-24,500 sqft,Marathahalli,2w
18500.0,70000,Semi Furnished,1 BHK,Family,Ready to Move,600 sqft,Marathahalli,2w
17000.0,60000,Semi Furnished,2 BHK,All,Ready to Move,650 sqft,Marathahalli,2w
10000.0,25000,Semi Furnished,1 RK,All,Ready to Move,250 sqft,Marathahalli,2w
17000.0,80000,Semi Furnished,2 BHK,All,Ready to Move,900 sqft,Marathahalli,2w
23000.0,75000,Semi Furnished,2 BHK,Company,Ready to Move,800 sqft,Marathahalli,2w
11500.0,40000,Unfurnished,1 BHK,Family,01-Jan-25,600 sqft,Marathahalli,2w
12000.0,50000,Semi Furnished,1 BHK,All,Ready to Move,300 sqft,Marathahalli,2w
12000.0,30000,Unfurnished,1 BHK,All,Ready to Move,340 sqft,Marathahalli,2w
14300.0,40000,Semi Furnished,1 BHK,All,Ready to Move,500 sqft,Marathahalli,2w
7000.0,30000,Semi Furnished,1 RK,All,Ready to Move,500 sqft,Marathahalli,2w
31000.0,60000,Fully Furnished,1 BHK,All,Ready to Move,700 sqft,Marathahalli,2w
25000.0,100000,Semi Furnished,2 BHK,All,01-Jan-25,950 sqft,Marathahalli,2w
16000.0,40000,Semi Furnished,1 BHK,Bachelor,Ready to Move,500 sqft,Marathahalli,2w
28000.0,90000,Semi Furnished,2 BHK,Family,01-Jan-25,750 sqft,Marathahalli,2w
25000.0,200000,Semi Furnished,2 BHK,All,Ready to Move,800 sqft,Marathahalli,2w
26000.0,80000,Semi Furnished,2 BHK,Family,02-Jan-25,800 sqft,Marathahalli,2w
14000.0,60000,Unfurnished,1 BHK,All,Ready to Move,300 sqft,Marathahalli,2w
22500.0,100000,Semi Furnished,3 BHK,All,Ready to Move,"1,000 sqft",Marathahalli,2w
15000.0,50000,Semi Furnished,1 BHK,All,Ready to Move,400 sqft,Marathahalli,2w
25000.0,100000,Semi Furnished,2 BHK,All,Ready to Move,800 sqft,Marathahalli,2w
18000.0,60000,Semi Furnished,2 BHK,All,Ready to Move,600 sqft,Marathahalli,2w
14000.0,40000,Unfurnished,1 BHK,All,Ready to Move,610 sqft,Marathahalli,2w
12000.0,30000,Unfurnished,1 BHK,All,Ready to Move,450 sqft,Marathahalli,2w
14000.0,40000,Unfurnished,2 BHK,All,Ready to Move,750 sqft,Marathahalli,2w
20000.0,80000,Semi Furnished,1 BHK,Family,Ready to Move,550 sqft,Marathahalli,2w
24000.0,72000,Semi Furnished,2 BHK,All,15-Dec-24,600 sqft,Marathahalli,2w
10000.0,50000,Unfurnished,1 BHK,Family,Ready to Move,400 sqft,Marathahalli,2w
12000.0,50000,Semi Furnished,1 BHK,All,Ready to Move,400 sqft,Marathahalli,2w
13000.0,39000,Fully Furnished,1 RK,Family,Ready to Move,250 sqft,Marathahalli,2w
16000.0,40000,Semi Furnished,1 RK,All,Ready to Move,156 sqft,Marathahalli,2w
19000.0,70000,Semi Furnished,1 BHK,All,15-Dec-24,550 sqft,Marathahalli,2w
10000.0,40000,Unfurnished,1 BHK,All,Ready to Move,650 sqft,Marathahalli,2w
18000.0,50000,Semi Furnished,1 BHK,All,Ready to Move,400 sqft,Marathahalli,2w
13500.0,50000,Semi Furnished,1 BHK,All,Ready to Move,700 sqft,Marathahalli,2w
12500.0,50000,Semi Furnished,1 BHK,Male,Ready to Move,400 sqft,Marathahalli,2w
12000.0,50000,Unfurnished,1 RK,All,Ready to Move,250 sqft,Marathahalli,2w
22500.0,1,Semi Furnished,1 BHK,Company,Ready to Move,500 sqft,Marathahalli,2w
16000.0,50000,Semi Furnished,1 BHK,Family,Ready to Move,500 sqft,Marathahalli,2w
18000.0,60000,Semi Furnished,1 BHK,All,Ready to Move,850 sqft,Marathahalli,2w
21000.0,63000,Semi Furnished,2 BHK,All,Ready to Move,720 sqft,Marathahalli,2w
16000.0,70000,Semi Furnished,1 BHK,All,Ready to Move,300 sqft,Marathahalli,2w
15000.0,40000,Unfurnished,1 BHK,Bachelor,Ready to Move,350 sqft,Marathahalli,2w
16000.0,50000,Unfurnished,2 BHK,Family,Ready to Move,800 sqft,Marathahalli,2w
19000.0,50000,Semi Furnished,2 BHK,All,Ready to Move,700 sqft,Marathahalli,2w
29000.0,80000,Semi Furnished,2 BHK,Family,Ready to Move,600 sqft,Marathahalli,2w
24000.0,140000,Semi Furnished,3 BHK,All,15-Jan-25,"1,200 sqft",Marathahalli,2w
18000.0,50000,Semi Furnished,2 BHK,Family,Ready to Move,800 sqft,Marathahalli,2w
13500.0,50000,Semi Furnished,1 BHK,Family,Ready to Move,500 sqft,Marathahalli,2w
21000.0,63000,Semi Furnished,2 BHK,All,Ready to Move,750 sqft,Marathahalli,2w
15000.0,50000,Semi Furnished,1 BHK,All,10-Jan-25,600 sqft,Marathahalli,2w
12500.0,35000,Semi Furnished,1 BHK,All,17-Dec-24,450 sqft,Marathahalli,2w
12000.0,25000,Semi Furnished,1 RK,All,10-Jan-25,200 sqft,Marathahalli,2w
16500.0,40000,Semi Furnished,1 BHK,Family,Ready to Move,700 sqft,Marathahalli,2w
20500.0,100000,Unfurnished,2 BHK,All,Ready to Move,"1,000 sqft",Marathahalli,2w
11500.0,60000,Semi Furnished,1 BHK,Family,Ready to Move,350 sqft,Marathahalli,2w
25000.0,100000,Semi Furnished,2 BHK,Family,10-Jan-25,700 sqft,Marathahalli,2w
28000.0,100000,Unfurnished,2 BHK,Family,Ready to Move,"1,100 sqft",Marathahalli,2w
23000.0,100000,Unfurnished,2 BHK,All,Ready to Move,600 sqft,Marathahalli,2w
6000.0,20000,Semi Furnished,1 RK,All,Ready to Move,200 sqft,Marathahalli,2w
30000.0,100000,Unfurnished,3 BHK,Family,Ready to Move,"1,500 sqft",Marathahalli,2w
12000.0,40000,Semi Furnished,1 BHK,All,Ready to Move,400 sqft,Marathahalli,2w
23000.0,80000,Semi Furnished,2 BHK,All,Ready to Move,850 sqft,Marathahalli,2w
17000.0,40000,Semi Furnished,1 BHK,"Family, Bachelor",01-Jan-25,400 sqft,Marathahalli,2w
16350.0,50000,Unfurnished,1 BHK,Male,Ready to Move,725 sqft,Marathahalli,2w
27000.0,80000,Semi Furnished,2 BHK,All,Ready to Move,800 sqft,Marathahalli,2w
11000.0,30000,Unfurnished,1 BHK,All,Ready to Move,400 sqft,Marathahalli,2w
10000.0,30000,Semi Furnished,1 BHK,All,Ready to Move,400 sqft,Marathahalli,2w
13000.0,70000,Semi Furnished,2 BHK,Family,Ready to Move,650 sqft,Marathahalli,2w
18000.0,60000,Semi Furnished,1 BHK,Company,Ready to Move,600 sqft,Marathahalli,2w
11000.0,35000,Unfurnished,1 BHK,All,Ready to Move,450 sqft,Marathahalli,2w
32000.0,150000,Semi Furnished,3 BHK,Family,Ready to Move,"1,200 sqft",Marathahalli,2w
17000.0,70000,Semi Furnished,1 BHK,"Male, Family",18-Dec-24,600 sqft,Marathahalli,4w
20000.0,45000,Fully Furnished,1 BHK,All,Ready to Move,450 sqft,Marathahalli,4w
21000.0,80000,Semi Furnished,2 BHK,Family,Ready to Move,850 sqft,Marathahalli,4w
31000.0,125000,Semi Furnished,3 BHK,"Male, Family",Ready to Move,"1,400 sqft",Marathahalli,4w
35000.0,100000,Semi Furnished,2 BHK,Family,Ready to Move,850 sqft,Marathahalli,4w
58500.0,100000,Fully Furnished,3 BHK,Company,18-Dec-24,"1,371 sqft",Marathahalli,4w
37500.0,200000,Semi Furnished,2 BHK,Family,Ready to Move,"1,250 sqft",Marathahalli,4w
32500.0,100000,Semi Furnished,2 BHK,Family,10-Jan-25,"1,250 sqft",Marathahalli,4w
35000.0,100000,Semi Furnished,2 BHK,All,10-Jan-25,"1,250 sqft",Marathahalli,4w
52650.0,200000,Semi Furnished,3 BHK,Company,Ready to Move,"1,387 sqft",Marathahalli,4w
38000.0,140000,Fully Furnished,2 BHK,Female,Ready to Move,800 sqft,Marathahalli,4w
27000.0,100000,Semi Furnished,2 BHK,All,Ready to Move,850 sqft,Marathahalli,4w
38100.0,200000,Fully Furnished,2 BHK,Family,Ready to Move,"1,285 sqft",Marathahalli,4w
48000.0,250000,Fully Furnished,2 BHK,All,08-Jan-25,"1,400 sqft",Marathahalli,4w
38500.0,150000,Fully Furnished,2 BHK,All,Ready to Move,"1,005 sqft",Marathahalli,4w
14000.0,50000,Semi Furnished,1 BHK,"Family, Bachelor",Ready to Move,525 sqft,Marathahalli,4w
32000.0,90000,Semi Furnished,2 BHK,Family,Ready to Move,"1,000 sqft",Marathahalli,4w
43500.0,200000,Semi Furnished,3 BHK,Family,Ready to Move,"1,650 sqft",Marathahalli,4w
23000.0,50000,Unfurnished,2 BHK,Family,Ready to Move,950 sqft,Marathahalli,4w
45000.0,200000,Semi Furnished,3 BHK,All,Ready to Move,"1,270 sqft",Marathahalli,4w
43000.0,150000,Semi Furnished,3 BHK,All,01-Jan-25,"1,600 sqft",Marathahalli,4w
64940.0,180000,Semi Furnished,3 BHK,"Family, Company",15-Dec-24,"1,520 sqft",Marathahalli,4w
41000.0,90000,Fully Furnished,2 BHK,All,05-Jan-25,"1,000 sqft",Marathahalli,4w
39000.0,200000,Semi Furnished,3 BHK,All,20-Dec-24,"1,500 sqft",Marathahalli,4w
51600.0,200000,Fully Furnished,3 BHK,Male,Ready to Move,"1,350 sqft",Marathahalli,4w
19000.0,60000,Semi Furnished,1 BHK,"Female, Family, Company",Ready to Move,450 sqft,Marathahalli,4w
28000.0,250000,Semi Furnished,1 BHK,"Family, Bachelor",Ready to Move,"1,000 sqft",Marathahalli,4w
18000.0,50000,Semi Furnished,1 BHK,All,21-Dec-24,900 sqft,Marathahalli,4w
27000.0,100000,Semi Furnished,2 BHK,All,01-Jan-25,"1,500 sqft",Marathahalli,4w
22000.0,85000,Semi Furnished,2 BHK,Family,Ready to Move,900 sqft,Marathahalli,4w
28000.0,100000,Semi Furnished,2 BHK,Family,Ready to Move,700 sqft,Marathahalli,4w
32000.0,96000,Semi Furnished,2 BHK,All,Ready to Move,"1,000 sqft",Marathahalli,4w
45001.0,200000,Semi Furnished,3 BHK,Family,Ready to Move,"1,550 sqft",Marathahalli,4w
33000.0,150000,Semi Furnished,2 BHK,All,Ready to Move,800 sqft,Marathahalli,4w
17000.0,50000,Fully Furnished,1 BHK,All,Ready to Move,"1,200 sqft",Marathahalli,4w
22000.0,50000,Unfurnished,2 BHK,All,Ready to Move,800 sqft,Marathahalli,4w
18000.0,40000,Semi Furnished,2 BHK,All,Ready to Move,"1,000 sqft",Marathahalli,4w
70000.0,600000,Unfurnished,3 BHK,Family,15-Dec-24,"1,900 sqft",Marathahalli,4w
7500.0,20000,Semi Furnished,1 RK,All,Ready to Move,200 sqft,Marathahalli,4w
30000.0,100000,Semi Furnished,2 BHK,Family,20-Dec-24,900 sqft,Marathahalli,4w
7000.0,25000,Unfurnished,1 RK,All,Ready to Move,250 sqft,Marathahalli,4w
15000.0,50000,Semi Furnished,1 BHK,Family,Ready to Move,600 sqft,Marathahalli,4w
13000.0,70000,Unfurnished,1 BHK,All,Ready to Move,600 sqft,Marathahalli,4w
36000.0,150000,Fully Furnished,2 BHK,All,Ready to Move,"1,000 sqft",Marathahalli,4w
36000.0,80000,Unfurnished,3 BHK,All,Ready to Move,"1,200 sqft",Marathahalli,4w
17850.0,53550,Semi Furnished,1 BHK,All,15-Dec-24,400 sqft,Marathahalli,4w
10000.0,30000,Unfurnished,1 BHK,Family,Ready to Move,300 sqft,Marathahalli,4w
45000.0,150000,Semi Furnished,3 BHK,Family,Ready to Move,"1,500 sqft",Marathahalli,4w
18500.0,50000,Semi Furnished,2 BHK,Family,Ready to Move,630 sqft,Marathahalli,4w
69000.0,200000,Semi Furnished,2 BHK,All,16-Dec-24,"1,780 sqft",Marathahalli,4w
55500.0,200000,Semi Furnished,3 BHK,Family,18-Dec-24,"1,500 sqft",Marathahalli,4w
22250.0,100000,Semi Furnished,2 BHK,All,Ready to Move,"1,250 sqft",Marathahalli,4w
40000.0,100000,Semi Furnished,3 BHK,Family,Ready to Move,"1,650 sqft",Marathahalli,4w
37400.0,175000,Semi Furnished,2 BHK,Family,22-Jan-25,"1,185 sqft",Marathahalli,4w
40000.0,190000,Semi Furnished,2 BHK,All,30-Jan-25,989 sqft,Marathahalli,4w
35500.0,150000,Semi Furnished,2 BHK,All,20-Dec-24,"1,300 sqft",Marathahalli,4w
27500.0,100000,Semi Furnished,2 BHK,Family,01-Jan-25,900 sqft,Marathahalli,4w
20000.0,50000,Semi Furnished,2 BHK,Family,21-Dec-24,"1,000 sqft",Marathahalli,4w
12500.0,35000,Semi Furnished,1 BHK,Family,Ready to Move,350 sqft,Marathahalli,4w
39000.0,75000,Fully Furnished,2 BHK,All,Ready to Move,"1,033 sqft",Marathahalli,4w
7500.0,20000,Semi Furnished,1 RK,Family,Ready to Move,200 sqft,Marathahalli,4w
18500.0,80000,Unfurnished,2 BHK,All,Ready to Move,900 sqft,Marathahalli,4w
52000.0,150000,Semi Furnished,3 BHK,All,Ready to Move,"1,800 sqft",Marathahalli,4w
18000.0,60000,Semi Furnished,1 BHK,All,16-Dec-24,500 sqft,Marathahalli,4w
39000.0,75000,Fully Furnished,2 BHK,"Female, Family, Company",Ready to Move,"1,033 sqft",Marathahalli,4w
43000.0,200000,Semi Furnished,2 BHK,All,15-Dec-24,"1,100 sqft",Marathahalli,4w
15000.0,50000,Semi Furnished,1 BHK,All,16-Dec-24,500 sqft,Marathahalli,4w
24000.0,100000,Semi Furnished,2 BHK,"Family, Company",Ready to Move,950 sqft,Marathahalli,4w
55000.0,250000,Fully Furnished,2 BHK,Family,19-Dec-24,"1,400 sqft",Marathahalli,4w
13000.0,40000,Semi Furnished,1 BHK,All,Ready to Move,450 sqft,Marathahalli,4w
66300.0,180000,Semi Furnished,3 BHK,Family,Ready to Move,"1,800 sqft",Marathahalli,4w
18500.0,60000,Semi Furnished,2 BHK,All,Ready to Move,900 sqft,Marathahalli,4w
42500.0,150000,Fully Furnished,2 BHK,All,01-Jan-25,"1,100 sqft",Marathahalli,4w
71000.0,300000,Fully Furnished,2 BHK,All,01-Jan-25,"1,361 sqft",Marathahalli,4w
45500.0,150000,Fully Furnished,3 BHK,"Family, Bachelor",01-Jan-25,"1,300 sqft",Marathahalli,4w
45500.0,150000,Fully Furnished,3 BHK,"Family, Bachelor",Ready to Move,"1,300 sqft",Marathahalli,4w
38500.0,175000,Semi Furnished,2 BHK,All,Ready to Move,850 sqft,Marathahalli,4w
20000.0,60000,Semi Furnished,2 BHK,All,20-Dec-24,"1,000 sqft",Marathahalli,4w
50500.0,225000,Semi Furnished,2 BHK,Family,02-Jan-25,"1,172 sqft",Marathahalli,4w
73000.0,300000,Semi Furnished,3 BHK,Family,15-Jan-25,"1,567 sqft",Marathahalli,4w
14500.0,50000,Semi Furnished,1 BHK,Family,Ready to Move,600 sqft,Marathahalli,4w
20000.0,50000,Semi Furnished,2 BHK,All,Ready to Move,800 sqft,Marathahalli,4w
70000.0,300000,Semi Furnished,3 BHK,Family,17-Jan-25,"1,500 sqft",Marathahalli,4w
64850.0,240000,Semi Furnished,3 BHK,Family,Ready to Move,"1,555 sqft",Marathahalli,4w
30000.0,100000,Semi Furnished,2 BHK,Family,01-Jan-25,800 sqft,Marathahalli,4w
13200.0,70000,Semi Furnished,1 BHK,Family,Ready to Move,700 sqft,Marathahalli,4w
75000.0,200000,Fully Furnished,3 BHK,Family,Ready to Move,"2,200 sqft",Marathahalli,4w
14500.0,40500,Semi Furnished,1 BHK,Family,16-Dec-24,600 sqft,Marathahalli,4w
17000.0,60000,Semi Furnished,1 BHK,"Family, Bachelor",Ready to Move,800 sqft,Marathahalli,4w
30300.0,125000,Semi Furnished,2 BHK,Family,01-Feb-25,"1,000 sqft",Marathahalli,4w
17000.0,60000,Semi Furnished,1 BHK,All,Ready to Move,500 sqft,Marathahalli,4w
47858.0,270000,Fully Furnished,2 BHK,"Family, Bachelor",Ready to Move,"1,280 sqft",Marathahalli,4w
37000.0,175000,Semi Furnished,2 BHK,Family,Ready to Move,"1,300 sqft",Marathahalli,4w
46700.0,150000,Semi Furnished,3 BHK,All,15-Dec-24,"1,540 sqft",Marathahalli,4w
9000.0,40000,Unfurnished,1 RK,All,Ready to Move,200 sqft,Marathahalli,4w
60000.0,440000,Semi Furnished,3 BHK,All,Ready to Move,"1,495 sqft",Marathahalli,4w
17000.0,70000,Semi Furnished,1 BHK,All,Ready to Move,600 sqft,Marathahalli,4w
75000.0,360000,Semi Furnished,3 BHK,Male,26-Dec-24,"1,703 sqft",Marathahalli,4w
10000.0,65000,Unfurnished,1 BHK,Family,16-Dec-24,400 sqft,Horamavu,nop
7000.0,30000,Unfurnished,1 BHK,Bachelor,Ready to Move,500 sqft,Horamavu,nop
10000.0,100000,Semi Furnished,1 BHK,Bachelor,01-Jan-25,600 sqft,Horamavu,nop
8000.0,30000,Unfurnished,1 RK,Male,Ready to Move,300 sqft,Horamavu,nop
8500.0,50000,Unfurnished,1 BHK,All,Ready to Move,650 sqft,Horamavu,nop
15000.0,150000,Unfurnished,2 BHK,Family,01-Jan-25,"1,200 sqft",Horamavu,nop
17000.0,150000,Fully Furnished,2 BHK,Family,Ready to Move,"1,200 sqft",Horamavu,nop
9000.0,60000,Semi Furnished,1 BHK,All,Ready to Move,600 sqft,Horamavu,nop
12800.0,60000,Semi Furnished,1 BHK,All,Ready to Move,400 sqft,Horamavu,nop
15000.0,75000,Semi Furnished,2 BHK,Family,Ready to Move,650 sqft,Horamavu,nop
4000.0,30000,Unfurnished,1 RK,Family,Ready to Move,250 sqft,Horamavu,nop
4000.0,10000,Fully Furnished,1 BHK,Bachelor,Ready to Move,200 sqft,Horamavu,nop
12100.0,100000,Fully Furnished,1 BHK,Family,20-Dec-24,650 sqft,Horamavu,nop
5200.0,10000,Fully Furnished,1 RK,Male,Ready to Move,250 sqft,Horamavu,nop
20000.0,120000,Semi Furnished,2 BHK,All,01-Jan-25,"1,000 sqft",Horamavu,nop
8500.0,80000,Unfurnished,1 BHK,All,Ready to Move,400 sqft,Horamavu,nop
3000.0,15000,Unfurnished,1 RK,Bachelor,Ready to Move,200 sqft,Horamavu,nop
15000.0,75000,Semi Furnished,2 BHK,All,Ready to Move,600 sqft,Horamavu,nop
14000.0,50000,Unfurnished,2 BHK,Family,01-Jan-25,800 sqft,Horamavu,nop
15000.0,80000,Fully Furnished,2 BHK,Family,Ready to Move,800 sqft,Horamavu,nop
12000.0,70000,Semi Furnished,2 BHK,"Company, Bachelor",Ready to Move,600 sqft,Horamavu,nop
14000.0,60000,Semi Furnished,1 BHK,"Male, Family",30-Dec-24,450 sqft,Horamavu,nop
12000.0,120000,Unfurnished,1 BHK,Family,Ready to Move,550 sqft,Horamavu,nop
25000.0,125000,Semi Furnished,3 BHK,Family,01-Feb-25,800 sqft,Horamavu,nop
14000.0,100000,Unfurnished,2 BHK,All,Ready to Move,800 sqft,Horamavu,nop
10000.0,50000,Semi Furnished,1 BHK,All,Ready to Move,850 sqft,Horamavu,nop
16500.0,100000,Fully Furnished,2 BHK,Family,Ready to Move,800 sqft,Horamavu,nop
15000.0,100000,Semi Furnished,2 BHK,Family,Ready to Move,"1,000 sqft",Horamavu,nop
10000.0,50000,Semi Furnished,2 BHK,Family,Ready to Move,"1,000 sqft",Horamavu,nop
17000.0,100000,Semi Furnished,2 BHK,"Female, Family",Ready to Move,"1,000 sqft",Horamavu,nop
10000.0,100000,Semi Furnished,1 BHK,Family,01-Jan-25,600 sqft,Horamavu,nop
16500.0,75000,Unfurnished,2 BHK,All,Ready to Move,700 sqft,Horamavu,nop
8000.0,50000,Unfurnished,1 BHK,Family,Ready to Move,400 sqft,Horamavu,nop
10000.0,50000,Semi Furnished,1 BHK,Family,Ready to Move,400 sqft,Horamavu,nop
10300.0,40000,Semi Furnished,1 BHK,All,Ready to Move,600 sqft,Horamavu,nop
35000.0,200000,Unfurnished,3 BHK,Family,Ready to Move,"1,470 sqft",Horamavu,2w
11500.0,50000,Semi Furnished,1 BHK,Family,Ready to Move,700 sqft,Horamavu,2w
9500.0,35000,Semi Furnished,1 BHK,Female,Ready to Move,600 sqft,Horamavu,2w
8000.0,50000,Semi Furnished,1 BHK,Family,Ready to Move,600 sqft,Horamavu,2w
9000.0,50000,Fully Furnished,1 BHK,"Male, Family",Ready to Move,500 sqft,Horamavu,2w
17500.0,100000,Semi Furnished,2 BHK,Bachelor,15-Dec-24,750 sqft,Horamavu,2w
11000.0,50000,Semi Furnished,1 BHK,Family,Ready to Move,600 sqft,Horamavu,2w
25000.0,100000,Semi Furnished,3 BHK,Family,16-Dec-24,"1,500 sqft",Horamavu,2w
8500.0,50000,Semi Furnished,1 BHK,All,20-Dec-24,600 sqft,Horamavu,2w
8500.0,60000,Semi Furnished,1 BHK,"Family, Bachelor",Ready to Move,750 sqft,Horamavu,2w
10000.0,45000,Semi Furnished,1 RK,Male,15-Dec-24,600 sqft,Horamavu,2w
9000.0,40000,Semi Furnished,1 RK,Bachelor,15-Dec-24,200 sqft,Horamavu,2w
7000.0,50000,Unfurnished,1 BHK,All,Ready to Move,500 sqft,Horamavu,2w
22000.0,150000,Fully Furnished,3 BHK,All,Ready to Move,"1,200 sqft",Horamavu,2w
9000.0,100000,Semi Furnished,1 BHK,Family,Ready to Move,400 sqft,Horamavu,2w
17000.0,125000,Semi Furnished,2 BHK,Family,10-Feb-25,"1,200 sqft",Horamavu,2w
15000.0,100000,Unfurnished,3 BHK,All,Ready to Move,"2,000 sqft",Horamavu,2w
18500.0,150000,Semi Furnished,2 BHK,Family,Ready to Move,"1,335 sqft",Horamavu,2w
18000.0,150000,Semi Furnished,2 BHK,Family,Ready to Move,"1,000 sqft",Horamavu,2w
14100.0,100000,Semi Furnished,1 BHK,All,Ready to Move,600 sqft,Horamavu,2w
15000.0,60000,Semi Furnished,2 BHK,All,Ready to Move,600 sqft,Horamavu,2w
6500.0,35000,Unfurnished,1 BHK,Family,Ready to Move,500 sqft,Horamavu,2w
19000.0,175000,Semi Furnished,2 BHK,All,01-Jan-25,"1,200 sqft",Horamavu,2w
23000.0,150000,Semi Furnished,2 BHK,All,17-Dec-24,"1,350 sqft",Horamavu,2w
20000.0,150000,Semi Furnished,2 BHK,All,Ready to Move,"1,200 sqft",Horamavu,2w
26500.0,200000,Semi Furnished,2 BHK,Family,Ready to Move,"1,200 sqft",Horamavu,2w
32000.0,128000,Semi Furnished,3 BHK,Family,Ready to Move,"1,500 sqft",Horamavu,2w
16500.0,80000,Semi Furnished,2 BHK,Family,10-Jan-25,850 sqft,Horamavu,2w
20000.0,150000,Unfurnished,2 BHK,Family,Ready to Move,"1,200 sqft",Horamavu,2w
15000.0,90000,Semi Furnished,1 BHK,All,16-Dec-24,600 sqft,Horamavu,2w
7000.0,70000,Unfurnished,1 BHK,Family,Ready to Move,400 sqft,Horamavu,2w
5000.0,15000,Unfurnished,1 RK,All,Ready to Move,400 sqft,Horamavu,2w
16000.0,120000,Semi Furnished,2 BHK,Family,Ready to Move,750 sqft,Horamavu,2w
20000.0,200000,Semi Furnished,2 BHK,Family,Ready to Move,"1,000 sqft",Horamavu,2w
16000.0,150000,Semi Furnished,2 BHK,Family,Ready to Move,600 sqft,Horamavu,2w
12000.0,66000,Fully Furnished,1 BHK,Female,Ready to Move,400 sqft,Horamavu,2w
13000.0,100000,Semi Furnished,1 BHK,All,19-Dec-24,700 sqft,Horamavu,2w
6000.0,35000,Semi Furnished,1 RK,All,Ready to Move,375 sqft,Horamavu,2w
11300.0,100000,Semi Furnished,1 BHK,"Female, Family",Ready to Move,650 sqft,Horamavu,2w
15000.0,100000,Semi Furnished,1 BHK,Family,20-Dec-24,"1,150 sqft",Horamavu,2w
12500.0,60000,Semi Furnished,1 BHK,Family,Ready to Move,650 sqft,Horamavu,2w
15000.0,100000,Semi Furnished,1 BHK,Family,26-Dec-24,600 sqft,Horamavu,2w
12500.0,50000,Semi Furnished,1 BHK,All,Ready to Move,600 sqft,Horamavu,2w
8500.0,40000,Semi Furnished,1 BHK,Family,Ready to Move,400 sqft,Horamavu,2w
22000.0,120000,Semi Furnished,2 BHK,Family,Ready to Move,"1,080 sqft",Horamavu,2w
13000.0,50000,Semi Furnished,1 BHK,"Family, Female",Ready to Move,600 sqft,Horamavu,2w
15000.0,100000,Semi Furnished,2 BHK,"Family, Company",31-Dec-24,"1,250 sqft",Horamavu,2w
18300.0,60000,Unfurnished,2 BHK,Family,25-Dec-24,800 sqft,Horamavu,2w
22000.0,200000,Semi Furnished,2 BHK,Family,Ready to Move,"1,000 sqft",Horamavu,2w
20000.0,100000,Semi Furnished,2 BHK,Family,Ready to Move,900 sqft,Horamavu,2w
6000.0,50000,Unfurnished,1 RK,All,Ready to Move,250 sqft,Horamavu,2w
6000.0,15000,Unfurnished,1 RK,Bachelor,07-Feb-25,300 sqft,Horamavu,2w
21500.0,129000,Semi Furnished,2 BHK,All,Ready to Move,"1,000 sqft",Horamavu,2w
19500.0,75000,Semi Furnished,2 BHK,All,Ready to Move,"1,000 sqft",Horamavu,2w
10000.0,100000,Semi Furnished,2 BHK,All,Ready to Move,600 sqft,Horamavu,2w
16000.0,96000,Semi Furnished,2 BHK,Female,31-Jan-25,900 sqft,Horamavu,2w
11000.0,110000,Fully Furnished,1 RK,Bachelor,Ready to Move,450 sqft,Horamavu,2w
12000.0,30000,Semi Furnished,1 BHK,All,01-Feb-25,800 sqft,Horamavu,2w
20000.0,200000,Semi Furnished,2 BHK,Family,07-Feb-25,670 sqft,Horamavu,2w
10500.0,50000,Semi Furnished,1 BHK,Bachelor,15-Jan-25,700 sqft,Horamavu,2w
18500.0,100000,Semi Furnished,2 BHK,Family,01-Feb-25,"1,100 sqft",Horamavu,2w
12000.0,50000,Semi Furnished,2 BHK,All,Ready to Move,576 sqft,Horamavu,2w
7500.0,100000,Semi Furnished,1 BHK,Company,Ready to Move,600 sqft,Horamavu,2w
15000.0,60000,Fully Furnished,2 BHK,"Female, Family",Ready to Move,700 sqft,Horamavu,2w
11500.0,60000,Unfurnished,1 BHK,All,06-Jan-25,550 sqft,Horamavu,2w
15000.0,50000,Unfurnished,2 BHK,Family,Ready to Move,750 sqft,Horamavu,2w
17000.0,79998,Semi Furnished,2 BHK,Family,Ready to Move,"1,200 sqft",Horamavu,2w
13000.0,60000,Semi Furnished,1 BHK,Family,Ready to Move,600 sqft,Horamavu,2w
18000.0,100000,Fully Furnished,2 BHK,Family,Ready to Move,700 sqft,Horamavu,2w
6200.0,40000,Unfurnished,1 RK,Bachelor,Ready to Move,200 sqft,Horamavu,2w
10000.0,50000,Semi Furnished,1 BHK,All,01-Feb-25,432 sqft,Horamavu,2w
22000.0,100000,Fully Furnished,2 BHK,"Family, Female",Ready to Move,"1,480 sqft",Horamavu,2w
7000.0,35000,Unfurnished,1 BHK,Family,Ready to Move,300 sqft,Horamavu,2w
13500.0,50000,Unfurnished,2 BHK,Family,Ready to Move,700 sqft,Horamavu,2w
7000.0,30000,Unfurnished,1 BHK,Family,Ready to Move,500 sqft,Horamavu,2w
9000.0,50000,Unfurnished,1 BHK,Family,01-Jan-25,500 sqft,Horamavu,2w
6500.0,40000,Unfurnished,1 BHK,All,Ready to Move,500 sqft,Horamavu,2w
15500.0,90000,Unfurnished,2 BHK,Family,Ready to Move,900 sqft,Horamavu,2w
12000.0,70000,Semi Furnished,2 BHK,Family,30-Jan-25,600 sqft,Horamavu,2w
20000.0,100000,Semi Furnished,2 BHK,Family,Ready to Move,"1,150 sqft",Horamavu,2w
14000.0,80000,Semi Furnished,2 BHK,All,Ready to Move,750 sqft,Horamavu,2w
20000.0,100000,Semi Furnished,2 BHK,Family,28-Jan-25,"1,200 sqft",Horamavu,2w
10000.0,50000,Unfurnished,1 BHK,Family,Ready to Move,500 sqft,Horamavu,2w
18000.0,150000,Semi Furnished,2 BHK,Family,Ready to Move,700 sqft,Horamavu,2w
6500.0,35000,Unfurnished,1 RK,Bachelor,Ready to Move,300 sqft,Horamavu,2w
18000.0,180000,Unfurnished,2 BHK,All,Ready to Move,800 sqft,Horamavu,2w
12000.0,120000,Unfurnished,1 BHK,All,Ready to Move,400 sqft,Horamavu,2w
9000.0,60000,Unfurnished,2 BHK,Family,Ready to Move,800 sqft,Horamavu,2w
12000.0,149999,Semi Furnished,1 BHK,All,Ready to Move,600 sqft,Horamavu,2w
18000.0,160000,Semi Furnished,2 BHK,Family,Ready to Move,"1,030 sqft",Horamavu,2w
18000.0,100000,Semi Furnished,2 BHK,All,Ready to Move,950 sqft,Horamavu,2w
14000.0,100000,Semi Furnished,2 BHK,Family,Ready to Move,800 sqft,Horamavu,2w
12000.0,50000,Unfurnished,2 BHK,Family,Ready to Move,800 sqft,Horamavu,2w
14000.0,80000,Semi Furnished,2 BHK,Family,Ready to Move,750 sqft,Horamavu,2w
20000.0,100000,Semi Furnished,2 BHK,Family,Ready to Move,"1,000 sqft",Horamavu,2w
12000.0,100000,Semi Furnished,2 BHK,Family,Ready to Move,600 sqft,Horamavu,2w
25000.0,100000,Semi Furnished,2 BHK,Family,Ready to Move,"1,000 sqft",Horamavu,2w
4000.0,40000,Unfurnished,1 BHK,All,Ready to Move,300 sqft,Horamavu,2w
17500.0,120000,Semi Furnished,1 BHK,Family,Ready to Move,600 sqft,Horamavu,2w
16000.0,150000,Semi Furnished,2 BHK,"Family, Bachelor",Ready to Move,"1,000 sqft",Horamavu,2w
12000.0,50000,Semi Furnished,1 BHK,Family,Ready to Move,360 sqft,Horamavu,2w
16300.0,150000,Unfurnished,2 BHK,All,Ready to Move,"1,000 sqft",Horamavu,2w
10000.0,50000,Semi Furnished,1 BHK,Family,30-Dec-24,600 sqft,Horamavu,2w
15000.0,100000,Semi Furnished,1 BHK,Family,Ready to Move,450 sqft,Horamavu,2w
8500.0,60000,Semi Furnished,1 RK,All,Ready to Move,500 sqft,Horamavu,2w
18000.0,100000,Semi Furnished,2 BHK,"Female, Family",Ready to Move,"1,200 sqft",Horamavu,2w
15000.0,80000,Semi Furnished,2 BHK,Family,Ready to Move,"1,100 sqft",Horamavu,2w
5000.0,20002,Unfurnished,1 RK,All,Ready to Move,250 sqft,Horamavu,2w
27000.0,150000,Unfurnished,3 BHK,Family,Ready to Move,600 sqft,Horamavu,2w
14000.0,75000,Semi Furnished,2 BHK,Family,Ready to Move,550 sqft,Horamavu,2w
18000.0,130000,Semi Furnished,1 BHK,Family,Ready to Move,600 sqft,Horamavu,2w
15000.0,100000,Unfurnished,2 BHK,All,Ready to Move,700 sqft,Horamavu,2w
19600.0,130000,Semi Furnished,2 BHK,Family,Ready to Move,"1,100 sqft",Horamavu,2w
10000.0,60000,Semi Furnished,1 BHK,All,15-Jan-25,600 sqft,Horamavu,2w
15000.0,50000,Unfurnished,2 BHK,All,Ready to Move,800 sqft,Horamavu,2w
6000.0,25000,Unfurnished,1 RK,All,Ready to Move,300 sqft,Horamavu,2w
31000.0,200000,Unfurnished,2 BHK,Male,Ready to Move,"1,000 sqft",Horamavu,2w
12000.0,50000,Unfurnished,1 BHK,All,30-Dec-24,500 sqft,Horamavu,2w
17000.0,75000,Semi Furnished,2 BHK,Family,Ready to Move,950 sqft,Horamavu,2w
25000.0,100000,Fully Furnished,3 BHK,All,Ready to Move,"1,400 sqft",Horamavu,2w
14000.0,50000,Unfurnished,2 BHK,All,Ready to Move,800 sqft,Horamavu,2w
15000.0,100000,Unfurnished,2 BHK,All,Ready to Move,"1,200 sqft",Horamavu,2w
17500.0,100000,Semi Furnished,2 BHK,Family,Ready to Move,750 sqft,Horamavu,2w
15000.0,100000,Semi Furnished,1 BHK,Company,29-Jan-25,800 sqft,Horamavu,2w
7000.0,40000,Semi Furnished,1 RK,Bachelor,Ready to Move,500 sqft,Horamavu,2w
10500.0,60000,Semi Furnished,1 BHK,Company,01-Jan-25,400 sqft,Horamavu,2w
11500.0,50000,Semi Furnished,1 BHK,Family,Ready to Move,550 sqft,Horamavu,2w
15000.0,100000,Semi Furnished,2 BHK,Family,Ready to Move,800 sqft,Horamavu,2w
16500.0,60000,Semi Furnished,2 BHK,All,Ready to Move,"1,200 sqft",Horamavu,2w
10000.0,100000,Unfurnished,2 BHK,All,Ready to Move,600 sqft,Horamavu,2w
5500.0,20000,Unfurnished,1 RK,All,Ready to Move,150 sqft,Horamavu,2w
15000.0,150000,Semi Furnished,1 BHK,Family,Ready to Move,800 sqft,Horamavu,2w
12000.0,50000,Semi Furnished,1 BHK,Family,01-Jan-25,500 sqft,Horamavu,2w
14000.0,75000,Unfurnished,2 BHK,Family,Ready to Move,800 sqft,Horamavu,2w
7500.0,40000,Unfurnished,1 BHK,Family,Ready to Move,400 sqft,Horamavu,2w
18000.0,180000,Semi Furnished,2 BHK,Family,Ready to Move,"1,050 sqft",Horamavu,2w
19100.0,130000,Semi Furnished,2 BHK,Family,Ready to Move,"1,100 sqft",Horamavu,2w
32000.0,190000,Fully Furnished,2 BHK,All,16-Dec-24,982 sqft,Horamavu,2w
41500.0,300000,Fully Furnished,2 BHK,Company,Ready to Move,"1,200 sqft",Horamavu,2w
7000.0,30000,Semi Furnished,1 RK,Bachelor,Ready to Move,250 sqft,Horamavu,2w
10000.0,50000,Unfurnished,2 BHK,All,Ready to Move,400 sqft,Horamavu,2w
30000.0,150000,Semi Furnished,2 BHK,Family,Ready to Move,"1,200 sqft",Horamavu,2w
33000.0,150000,Semi Furnished,2 BHK,Family,Ready to Move,"1,200 sqft",Horamavu,2w
42000.0,320000,Fully Furnished,3 BHK,All,15-Jan-25,"1,200 sqft",Horamavu,2w
30500.0,280000,Semi Furnished,2 BHK,All,Ready to Move,"1,250 sqft",Horamavu,2w
28500.0,50000,Semi Furnished,2 BHK,All,10-Feb-25,"1,000 sqft",Horamavu,2w
32000.0,300000,Fully Furnished,2 BHK,All,10-Jan-25,"1,307 sqft",Horamavu,2w
45000.0,500000,Fully Furnished,3 BHK,Family,Ready to Move,"1,862 sqft",Horamavu,2w
27500.0,200000,Semi Furnished,2 BHK,All,Ready to Move,"1,050 sqft",Horamavu,2w
73000.0,200000,Fully Furnished,3 BHK,All,Ready to Move,"1,623 sqft",Horamavu,2w
15000.0,100000,Semi Furnished,2 BHK,All,Ready to Move,850 sqft,Horamavu,2w
40400.0,200000,Semi Furnished,3 BHK,Family,Ready to Move,"1,500 sqft",Horamavu,2w
28750.0,150000,Semi Furnished,2 BHK,All,Ready to Move,"1,085 sqft",Horamavu,2w
6000.0,25000,Semi Furnished,1 BHK,All,Ready to Move,550 sqft,Horamavu,2w
30000.0,150000,Semi Furnished,2 BHK,All,Ready to Move,"1,050 sqft",Horamavu,2w
54500.0,400000,Fully Furnished,2 BHK,Family,Ready to Move,"1,565 sqft",Horamavu,2w
12000.0,70000,Unfurnished,1 BHK,Family,Ready to Move,400 sqft,Horamavu,2w
31500.0,120000,Fully Furnished,2 BHK,Family,31-Dec-24,"1,300 sqft",Horamavu,2w
18000.0,60000,Semi Furnished,1 BHK,All,Ready to Move,700 sqft,Horamavu,2w
16000.0,96000,Semi Furnished,2 BHK,Family,15-Dec-24,680 sqft,Horamavu,2w
23000.0,200000,Semi Furnished,2 BHK,All,16-Dec-24,900 sqft,Horamavu,2w
14500.0,100000,Semi Furnished,1 BHK,All,15-Jan-25,600 sqft,Horamavu,2w
20000.0,120000,Fully Furnished,2 BHK,Family,14-Jan-25,"1,000 sqft",Horamavu,2w
27500.0,100000,Fully Furnished,1 RK,All,16-Dec-24,350 sqft,Horamavu,2w
7500.0,50000,Unfurnished,1 BHK,All,10-Feb-25,550 sqft,Horamavu,2w
10300.0,60000,Semi Furnished,1 BHK,All,Ready to Move,450 sqft,Horamavu,2w
18000.0,108000,Semi Furnished,2 BHK,Family,Ready to Move,"1,000 sqft",Horamavu,2w
15000.0,100000,Semi Furnished,2 BHK,All,Ready to Move,"1,000 sqft",Horamavu,2w
12000.0,60000,Semi Furnished,2 BHK,All,Ready to Move,"1,050 sqft",Horamavu,2w
20000.0,140000,Semi Furnished,2 BHK,Family,Ready to Move,"1,000 sqft",Horamavu,2w
13000.0,100000,Semi Furnished,2 BHK,Family,Ready to Move,"1,200 sqft",Horamavu,2w
13500.0,100000,Semi Furnished,1 BHK,Family,Ready to Move,600 sqft,Horamavu,2w
12000.0,120000,Semi Furnished,2 BHK,All,Ready to Move,"1,200 sqft",Horamavu,2w
18000.0,100000,Semi Furnished,2 BHK,Company,Ready to Move,"1,000 sqft",Horamavu,2w
14000.0,100000,Semi Furnished,2 BHK,Family,Ready to Move,600 sqft,Horamavu,2w
8000.0,50000,Semi Furnished,1 BHK,Family,05-Feb-25,400 sqft,Horamavu,2w
18000.0,180000,Semi Furnished,2 BHK,Family,09-Jan-25,800 sqft,Horamavu,2w
17000.0,80000,Semi Furnished,2 BHK,Family,Ready to Move,"1,000 sqft",Horamavu,2w
15000.0,60000,Unfurnished,2 BHK,All,Ready to Move,630 sqft,Horamavu,2w
15000.0,100000,Semi Furnished,1 BHK,Family,Ready to Move,650 sqft,Horamavu,2w
9000.0,50000,Semi Furnished,1 BHK,Family,Ready to Move,550 sqft,Horamavu,2w
9000.0,50000,Semi Furnished,1 BHK,Family,Ready to Move,500 sqft,Horamavu,2w
13000.0,50000,Semi Furnished,2 BHK,All,Ready to Move,750 sqft,Horamavu,2w
10000.0,80000,Unfurnished,1 BHK,All,Ready to Move,677 sqft,Horamavu,2w
9000.0,50000,Semi Furnished,1 BHK,Family,01-Feb-25,500 sqft,Horamavu,2w
30000.0,300000,Fully Furnished,3 BHK,Family,Ready to Move,"1,200 sqft",Horamavu,2w
10000.0,80000,Semi Furnished,1 BHK,All,Ready to Move,500 sqft,Horamavu,2w
16000.0,60000,Semi Furnished,2 BHK,All,Ready to Move,500 sqft,Horamavu,2w
13000.0,50000,Semi Furnished,1 BHK,Family,Ready to Move,800 sqft,Horamavu,2w
7000.0,70000,Semi Furnished,1 BHK,All,01-Feb-25,540 sqft,Horamavu,2w
9000.0,40000,Unfurnished,1 BHK,All,Ready to Move,550 sqft,Horamavu,2w
14000.0,80000,Semi Furnished,2 BHK,"Female, Family",Ready to Move,800 sqft,Horamavu,2w
28000.0,200000,Semi Furnished,3 BHK,Family,Ready to Move,"1,200 sqft",Horamavu,2w
12000.0,60000,Semi Furnished,2 BHK,All,Ready to Move,750 sqft,Horamavu,2w
15000.0,100000,Semi Furnished,2 BHK,All,Ready to Move,550 sqft,Horamavu,2w
15200.0,150000,Semi Furnished,2 BHK,Family,Ready to Move,"1,200 sqft",Horamavu,2w
11000.0,70000,Semi Furnished,1 BHK,Family,01-Jan-25,500 sqft,Horamavu,2w
12500.0,100000,Semi Furnished,1 BHK,All,Ready to Move,650 sqft,Horamavu,2w
22700.0,150000,Fully Furnished,2 BHK,Family,Ready to Move,"1,000 sqft",Horamavu,2w
15000.0,80000,Semi Furnished,2 BHK,Family,01-Jan-25,"1,100 sqft",Horamavu,2w
16000.0,100000,Semi Furnished,2 BHK,Family,20-Dec-24,"1,200 sqft",Horamavu,2w
6500.0,40000,Semi Furnished,1 RK,Bachelor,Ready to Move,400 sqft,Horamavu,2w
23000.0,150000,Semi Furnished,2 BHK,All,Ready to Move,826 sqft,Horamavu,2w
10000.0,100000,Semi Furnished,1 BHK,Family,Ready to Move,550 sqft,Horamavu,2w
7500.0,40000,Unfurnished,1 RK,Bachelor,Ready to Move,150 sqft,Horamavu,2w
30000.0,300000,Semi Furnished,3 BHK,Family,Ready to Move,"1,400 sqft",Horamavu,2w
18000.0,70000,Unfurnished,2 BHK,Family,Ready to Move,"1,000 sqft",Horamavu,2w
14000.0,90000,Semi Furnished,2 BHK,All,15-Dec-24,800 sqft,Horamavu,2w
16000.0,100000,Semi Furnished,2 BHK,Family,15-Dec-24,"1,300 sqft",Horamavu,2w
25000.0,250000,Semi Furnished,2 BHK,Family,Ready to Move,"1,100 sqft",Horamavu,2w
20000.0,50000,Semi Furnished,2 BHK,All,01-Jan-25,"1,000 sqft",Horamavu,2w
28000.0,100000,Semi Furnished,2 BHK,Family,Ready to Move,"1,250 sqft",Horamavu,2w
60000.0,600000,Semi Furnished,3 BHK,All,Ready to Move,"2,500 sqft",Horamavu,4w
18000.0,180000,Semi Furnished,2 BHK,All,Ready to Move,930 sqft,Horamavu,4w
85000.0,0,Semi Furnished,3 BHK,Family,17-Dec-24,"2,400 sqft",Horamavu,4w
8750.0,70000,Semi Furnished,1 BHK,Bachelor,31-Dec-24,450 sqft,Horamavu,4w
20000.0,100000,Semi Furnished,2 BHK,Family,Ready to Move,"1,500 sqft",Horamavu,4w
18000.0,150000,Fully Furnished,2 BHK,Family,Ready to Move,"1,000 sqft",Horamavu,4w
20000.0,60000,Semi Furnished,2 BHK,All,20-Jan-25,"1,100 sqft",Horamavu,4w
16000.0,80000,Semi Furnished,1 BHK,Family,15-Dec-24,900 sqft,Horamavu,4w
5000.0,50000,Fully Furnished,1 RK,Bachelor,Ready to Move,300 sqft,Horamavu,4w
18000.0,100000,Semi Furnished,3 BHK,All,Ready to Move,"1,500 sqft",Horamavu,4w
19000.0,150000,Semi Furnished,2 BHK,Family,20-Dec-24,"1,200 sqft",Horamavu,4w
14000.0,100000,Semi Furnished,1 BHK,Family,01-Jan-25,500 sqft,Horamavu,4w
23652.0,100001,Semi Furnished,2 BHK,Family,Ready to Move,"1,500 sqft",Horamavu,4w
28000.0,168000,Unfurnished,2 BHK,Family,27-Jan-25,800 sqft,Horamavu,4w
26000.0,100000,Semi Furnished,2 BHK,Family,16-Dec-24,"1,200 sqft",Horamavu,4w
18000.0,75000,Unfurnished,2 BHK,Family,Ready to Move,600 sqft,Horamavu,4w
22901.0,120000,Semi Furnished,2 BHK,Family,Ready to Move,"1,500 sqft",Horamavu,4w
23000.0,120000,Semi Furnished,2 BHK,Family,Ready to Move,"1,000 sqft",Horamavu,4w
24000.0,100000,Semi Furnished,2 BHK,Family,Ready to Move,"1,500 sqft",Horamavu,4w
20000.0,200000,Unfurnished,2 BHK,Family,Ready to Move,800 sqft,Horamavu,4w
22000.0,100000,Semi Furnished,2 BHK,All,Ready to Move,"1,100 sqft",Horamavu,4w
18000.0,150000,Fully Furnished,2 BHK,Family,Ready to Move,950 sqft,Horamavu,4w
23000.0,100000,Semi Furnished,3 BHK,"Female, Family",Ready to Move,"1,100 sqft",Horamavu,4w
26000.0,120000,Semi Furnished,2 BHK,All,Ready to Move,"1,250 sqft",Horamavu,4w
35000.0,300000,Semi Furnished,3 BHK,Family,Ready to Move,"2,400 sqft",Horamavu,4w
32000.0,300000,Semi Furnished,2 BHK,Family,15-Dec-24,"1,150 sqft",Horamavu,4w
27500.0,250000,Semi Furnished,2 BHK,"Family, Bachelor",Ready to Move,"1,022 sqft",Horamavu,4w
28000.0,250000,Semi Furnished,2 BHK,"Family, Bachelor",Ready to Move,"1,010 sqft",Horamavu,4w
33000.0,300000,Fully Furnished,2 BHK,Family,15-Dec-24,"1,150 sqft",Horamavu,4w
24400.0,150000,Semi Furnished,2 BHK,"Family, Bachelor",Ready to Move,"1,230 sqft",Horamavu,4w
28500.0,100000,Fully Furnished,2 BHK,Family,Ready to Move,"1,500 sqft",Horamavu,4w
28500.0,150000,Semi Furnished,2 BHK,Family,Ready to Move,"1,300 sqft",Horamavu,4w
29000.0,150000,Semi Furnished,2 BHK,Family,01-Jan-25,"1,250 sqft",Horamavu,4w
18200.0,125000,Semi Furnished,2 BHK,Company,01-Jan-25,840 sqft,Horamavu,4w
28000.0,80000,Semi Furnished,2 BHK,Male,Ready to Move,"1,200 sqft",Horamavu,4w
37500.0,150000,Fully Furnished,3 BHK,Family,Ready to Move,"1,200 sqft",Horamavu,4w
15000.0,70000,Semi Furnished,1 BHK,Family,Ready to Move,750 sqft,Horamavu,4w
32500.0,100000,Semi Furnished,3 BHK,All,Ready to Move,"2,000 sqft",Horamavu,4w
31000.0,150000,Fully Furnished,2 BHK,All,Ready to Move,"1,100 sqft",Horamavu,4w
40000.0,400000,Fully Furnished,2 BHK,Company,Ready to Move,"1,200 sqft",Horamavu,4w
30000.0,200000,Semi Furnished,3 BHK,Family,Ready to Move,"1,300 sqft",Horamavu,4w
28000.0,150000,Semi Furnished,2 BHK,All,15-Dec-24,"1,020 sqft",Horamavu,4w
29000.0,100000,Semi Furnished,2 BHK,Family,15-Jan-25,"1,170 sqft",Horamavu,4w
47500.0,200000,Fully Furnished,2 BHK,Company,01-Jan-25,"1,300 sqft",Horamavu,4w
21000.0,100000,Semi Furnished,2 BHK,Family,Ready to Move,750 sqft,Horamavu,4w
33000.0,150000,Fully Furnished,2 BHK,All,Ready to Move,"1,035 sqft",Horamavu,4w
20000.0,100000,Semi Furnished,3 BHK,All,01-Jan-25,"1,200 sqft",Horamavu,4w
32500.0,240000,Semi Furnished,2 BHK,All,Ready to Move,"1,300 sqft",Horamavu,4w
27000.0,250000,Semi Furnished,2 BHK,Family,Ready to Move,"1,320 sqft",Horamavu,4w
20500.0,150000,Semi Furnished,2 BHK,All,Ready to Move,800 sqft,Horamavu,4w
36500.0,240000,Fully Furnished,3 BHK,Family,Ready to Move,"1,408 sqft",Horamavu,4w
37800.0,300000,Fully Furnished,2 BHK,Family,Ready to Move,"1,100 sqft",Horamavu,4w
26000.0,100000,Semi Furnished,2 BHK,"Female, Family, Company",Ready to Move,"1,195 sqft",Horamavu,4w
24000.0,100000,Semi Furnished,3 BHK,Family,Ready to Move,"1,200 sqft",Horamavu,4w
18000.0,120000,Semi Furnished,2 BHK,Family,Ready to Move,"1,000 sqft",Horamavu,4w
15000.0,140000,Semi Furnished,2 BHK,All,Ready to Move,800 sqft,Horamavu,4w
16000.0,120000,Semi Furnished,2 BHK,Family,25-Dec-24,900 sqft,Horamavu,4w
28000.0,200000,Semi Furnished,2 BHK,"Family, Female",Ready to Move,"1,300 sqft",Horamavu,4w
23000.0,150000,Unfurnished,2 BHK,Family,Ready to Move,"1,100 sqft",Horamavu,4w
20000.0,200000,Semi Furnished,3 BHK,Family,Ready to Move,"1,100 sqft",Horamavu,4w
12500.0,50000,Semi Furnished,1 BHK,Family,Ready to Move,550 sqft,Horamavu,4w
11000.0,50000,Semi Furnished,2 BHK,All,Ready to Move,"1,200 sqft",Horamavu,4w
18000.0,180000,Fully Furnished,2 BHK,All,01-Jan-25,900 sqft,Horamavu,4w
30000.0,300000,Unfurnished,2 BHK,All,Ready to Move,"1,250 sqft",Horamavu,4w
23000.0,200000,Semi Furnished,2 BHK,All,Ready to Move,"1,500 sqft",Horamavu,4w
16000.0,100000,Semi Furnished,2 BHK,Family,Ready to Move,750 sqft,Horamavu,4w
10000.0,100000,Unfurnished,2 BHK,Family,Ready to Move,"1,200 sqft",Horamavu,4w
14000.0,140000,Semi Furnished,1 BHK,Family,Ready to Move,450 sqft,Horamavu,4w
29000.0,150000,Semi Furnished,2 BHK,Family,01-Jan-25,"1,100 sqft",Horamavu,4w
40000.0,200000,Semi Furnished,3 BHK,Family,Ready to Move,"2,000 sqft",Horamavu,4w
20000.0,200000,Semi Furnished,2 BHK,All,20-Dec-24,"1,260 sqft",Horamavu,4w
25000.0,100000,Semi Furnished,2 BHK,All,Ready to Move,"1,350 sqft",Horamavu,4w
20500.0,100000,Semi Furnished,2 BHK,Family,01-Feb-25,"1,100 sqft",Horamavu,4w
16000.0,100000,Semi Furnished,2 BHK,"Family, Bachelor",Ready to Move,"1,250 sqft",Horamavu,4w
18000.0,100000,Semi Furnished,2 BHK,Family,Ready to Move,750 sqft,Horamavu,4w
20001.0,100000,Semi Furnished,2 BHK,Family,01-Jan-25,800 sqft,Horamavu,4w
30000.0,150000,Semi Furnished,3 BHK,All,Ready to Move,"1,550 sqft",Horamavu,4w
5500.0,25000,Unfurnished,1 RK,Company,Ready to Move,168 sqft,Horamavu,4w
43000.0,300000,Semi Furnished,3 BHK,All,18-Dec-24,"1,400 sqft",Horamavu,4w
40000.0,300000,Semi Furnished,3 BHK,Family,Ready to Move,"1,200 sqft",Horamavu,4w
15000.0,100000,Unfurnished,2 BHK,Family,Ready to Move,900 sqft,Horamavu,4w
20000.0,150000,Semi Furnished,2 BHK,Family,Ready to Move,"1,200 sqft",Horamavu,4w
15000.0,100000,Semi Furnished,2 BHK,Family,15-Dec-24,"1,200 sqft",Horamavu,4w
8000.0,56000,Semi Furnished,1 RK,Family,15-Dec-24,300 sqft,Horamavu,4w
19000.0,150000,Semi Furnished,1 BHK,All,Ready to Move,900 sqft,Horamavu,4w
22000.0,100000,Semi Furnished,2 BHK,Family,Ready to Move,"1,200 sqft",Horamavu,4w
28500.0,150000,Semi Furnished,2 BHK,All,01-Jan-25,"1,125 sqft",Horamavu,4w
29500.0,125000,Fully Furnished,2 BHK,Family,20-Dec-24,"1,200 sqft",Horamavu,4w
40000.0,150000,Semi Furnished,3 BHK,Family,Ready to Move,"1,295 sqft",Horamavu,4w
21000.0,80000,Semi Furnished,2 BHK,All,26-Dec-24,"1,200 sqft",Horamavu,4w
51100.0,150000,Fully Furnished,3 BHK,All,Ready to Move,"1,600 sqft",Horamavu,4w
27000.0,125000,Semi Furnished,2 BHK,All,01-Feb-25,"1,545 sqft",Horamavu,4w
43600.0,240000,Semi Furnished,3 BHK,All,01-Jan-25,"1,650 sqft",Horamavu,4w
31000.0,100000,Semi Furnished,2 BHK,All,Ready to Move,"1,280 sqft",Horamavu,4w
43400.0,180000,Fully Furnished,3 BHK,All,Ready to Move,"1,597 sqft",Horamavu,4w
35000.0,350000,Fully Furnished,3 BHK,All,Ready to Move,"1,800 sqft",Horamavu,4w
31500.0,300000,Unfurnished,2 BHK,Family,Ready to Move,"1,185 sqft",Horamavu,4w
40150.0,150000,Fully Furnished,2 BHK,Family,Ready to Move,"1,260 sqft",Horamavu,4w
28500.0,125000,Semi Furnished,2 BHK,All,01-Jan-25,"1,100 sqft",Horamavu,4w
18000.0,150000,Semi Furnished,3 BHK,Family,Ready to Move,"1,200 sqft",Horamavu,4w
5000.0,2500000,Semi Furnished,3 BHK,Company,Ready to Move,"1,450 sqft",Horamavu,4w
28500.0,180000,Semi Furnished,3 BHK,Family,Ready to Move,"1,500 sqft",Horamavu,4w
28000.0,200000,Semi Furnished,2 BHK,All,Ready to Move,"1,170 sqft",Horamavu,4w
27000.0,100000,Semi Furnished,2 BHK,Family,03-Feb-25,850 sqft,Horamavu,4w
30000.0,180000,Semi Furnished,3 BHK,Family,Ready to Move,"1,650 sqft",Horamavu,4w
6500.0,40000,Semi Furnished,1 RK,Bachelor,Ready to Move,144 sqft,Horamavu,4w
33500.0,360000,Fully Furnished,2 BHK,Family,Ready to Move,"1,280 sqft",Horamavu,4w
32000.0,150000,Semi Furnished,3 BHK,Family,01-Jan-25,"1,300 sqft",Horamavu,4w
38600.0,210000,Semi Furnished,3 BHK,All,Ready to Move,"1,550 sqft",Horamavu,4w
25000.0,150000,Semi Furnished,2 BHK,Family,11-Feb-25,"1,050 sqft",Horamavu,4w
20000.0,100000,Semi Furnished,2 BHK,Family,Ready to Move,800 sqft,Horamavu,4w
39500.0,350000,Unfurnished,3 BHK,Family,Ready to Move,"1,885 sqft",Horamavu,4w
51500.0,300000,Semi Furnished,2 BHK,Family,01-Feb-25,"1,169 sqft",Horamavu,4w
37300.0,200000,Semi Furnished,3 BHK,All,Ready to Move,"1,498 sqft",Horamavu,4w
35000.0,175000,Semi Furnished,3 BHK,Family,Ready to Move,"1,600 sqft",Horamavu,4w
10500.0,50000,Unfurnished,1 BHK,All,15-Dec-24,400 sqft,Horamavu,4w
30000.0,100000,Semi Furnished,2 BHK,Family,Ready to Move,"1,200 sqft",Horamavu,4w
27500.0,150000,Semi Furnished,3 BHK,"Family, Bachelor",Ready to Move,"1,100 sqft",Horamavu,4w
37000.0,250000,Semi Furnished,3 BHK,All,Ready to Move,"1,345 sqft",Horamavu,4w
41000.0,150000,Semi Furnished,3 BHK,All,26-Dec-24,"1,700 sqft",Horamavu,4w
25000.0,150000,Semi Furnished,2 BHK,Family,Ready to Move,"1,050 sqft",Horamavu,4w
30000.0,100000,Semi Furnished,3 BHK,All,Ready to Move,"1,500 sqft",Horamavu,4w
24000.0,175000,Semi Furnished,2 BHK,All,17-Dec-24,"1,009 sqft",Horamavu,4w
22000.0,220000,Semi Furnished,2 BHK,Family,Ready to Move,700 sqft,Horamavu,4w
16000.0,150000,Semi Furnished,1 BHK,Family,17-Dec-24,650 sqft,Horamavu,4w
25000.0,250000,Fully Furnished,2 BHK,All,Ready to Move,"1,200 sqft",Horamavu,4w
26000.0,150000,Semi Furnished,2 BHK,Family,Ready to Move,"1,050 sqft",Horamavu,4w
45000.0,200000,Fully Furnished,3 BHK,All,Ready to Move,"1,285 sqft",Horamavu,4w
9000.0,50000,Semi Furnished,2 BHK,All,Ready to Move,"1,300 sqft",Horamavu,4w
54500.0,120000,Fully Furnished,3 BHK,Bachelor,Ready to Move,"1,348 sqft",Horamavu,4w
25000.0,100000,Fully Furnished,2 BHK,Family,20-Dec-24,700 sqft,Horamavu,4w
12000.0,50000,Semi Furnished,2 BHK,All,Ready to Move,"1,300 sqft",Horamavu,4w
9000.0,30000,Unfurnished,1 BHK,All,Ready to Move,"1,000 sqft",Horamavu,4w
32500.0,250000,Semi Furnished,3 BHK,Family,Ready to Move,"1,200 sqft",Horamavu,4w
28000.0,160000,Semi Furnished,3 BHK,All,18-Dec-24,"1,000 sqft",Horamavu,4w
36000.0,100000,Semi Furnished,3 BHK,All,Ready to Move,"1,700 sqft",Horamavu,4w
35000.0,100000,Semi Furnished,3 BHK,Family,Ready to Move,"1,520 sqft",Horamavu,4w
18000.0,60000,Semi Furnished,2 BHK,All,Ready to Move,850 sqft,Horamavu,4w
38800.0,160000,Fully Furnished,3 BHK,All,Ready to Move,"1,600 sqft",Horamavu,4w
27000.0,200000,Semi Furnished,2 BHK,Family,04-Jan-25,"1,055 sqft",Horamavu,4w
22000.0,120000,Semi Furnished,2 BHK,All,Ready to Move,900 sqft,Horamavu,4w
32000.0,150000,Semi Furnished,2 BHK,All,Ready to Move,"1,030 sqft",Horamavu,4w
18000.0,50000,Semi Furnished,2 BHK,Family,Ready to Move,"1,000 sqft",Horamavu,4w
22000.0,80000,Semi Furnished,2 BHK,Male,03-Jan-25,"1,090 sqft",Horamavu,4w
20200.0,100000,Semi Furnished,2 BHK,All,Ready to Move,"1,180 sqft",Horamavu,4w
18000.0,60000,Semi Furnished,2 BHK,Family,Ready to Move,800 sqft,Horamavu,4w
30000.0,200000,Semi Furnished,2 BHK,Family,Ready to Move,"1,200 sqft",Horamavu,4w
33000.0,200000,Semi Furnished,2 BHK,Family,Ready to Move,"1,200 sqft",Horamavu,4w
40500.0,300000,Semi Furnished,3 BHK,All,Ready to Move,"1,750 sqft",Horamavu,4w
25000.0,250000,Semi Furnished,3 BHK,Family,Ready to Move,"1,504 sqft",Horamavu,4w
15150.0,60000,Unfurnished,2 BHK,Family,01-Jan-25,600 sqft,Horamavu,4w
36000.0,175000,Semi Furnished,3 BHK,"Male, Family, Company",Ready to Move,"1,300 sqft",Horamavu,4w
27000.0,200000,Fully Furnished,2 BHK,Family,Ready to Move,"1,000 sqft",Horamavu,4w
11000.0,50000,Semi Furnished,1 RK,Bachelor,Ready to Move,500 sqft,Horamavu,4w
37500.0,340000,Semi Furnished,2 BHK,All,Ready to Move,"1,200 sqft",Horamavu,4w
28000.0,200000,Semi Furnished,2 BHK,All,18-Dec-24,"1,200 sqft",Horamavu,4w
23000.0,150000,Semi Furnished,2 BHK,Family,Ready to Move,"1,300 sqft",Horamavu,4w
30000.0,200000,Semi Furnished,2 BHK,All,Ready to Move,"1,000 sqft",Horamavu,4w
9000.0,90000,Semi Furnished,1 RK,All,01-Jan-25,300 sqft,Naagarabhaavi,nop
5000.0,50000,Unfurnished,1 BHK,All,Ready to Move,400 sqft,Naagarabhaavi,nop
6500.0,50000,Unfurnished,1 BHK,All,01-Jan-25,500 sqft,Naagarabhaavi,nop
7000.0,70000,Semi Furnished,1 BHK,All,Ready to Move,600 sqft,Naagarabhaavi,nop
11000.0,100000,Unfurnished,2 BHK,Family,30-Jan-25,850 sqft,Naagarabhaavi,nop
15500.0,100000,Semi Furnished,2 BHK,All,Ready to Move,"1,000 sqft",Naagarabhaavi,nop
6500.0,50000,Unfurnished,1 BHK,Family,Ready to Move,400 sqft,Naagarabhaavi,nop
6000.0,25000,Unfurnished,1 BHK,Family,Ready to Move,"1,000 sqft",Naagarabhaavi,nop
10000.0,100000,Semi Furnished,2 BHK,Family,Ready to Move,600 sqft,Naagarabhaavi,nop
5600.0,30000,Unfurnished,1 BHK,All,Ready to Move,500 sqft,Naagarabhaavi,nop
25500.0,150000,Fully Furnished,2 BHK,All,Ready to Move,"1,200 sqft",Naagarabhaavi,nop
10000.0,150000,Semi Furnished,2 BHK,Family,01-Jan-25,600 sqft,Naagarabhaavi,nop
10000.0,70000,Semi Furnished,2 BHK,Family,Ready to Move,600 sqft,Naagarabhaavi,nop
20300.0,150000,Semi Furnished,2 BHK,Family,Ready to Move,"1,200 sqft",Naagarabhaavi,nop
9500.0,100000,Semi Furnished,1 BHK,All,Ready to Move,400 sqft,Naagarabhaavi,nop
14000.0,140000,Semi Furnished,1 RK,Male,Ready to Move,500 sqft,Naagarabhaavi,nop
7500.0,70000,Unfurnished,1 BHK,Family,Ready to Move,500 sqft,Naagarabhaavi,nop
10000.0,100000,Unfurnished,2 BHK,All,01-Jan-25,600 sqft,Naagarabhaavi,nop
23000.0,200000,Semi Furnished,2 BHK,Family,28-Jan-25,800 sqft,Naagarabhaavi,nop
6000.0,50000,Unfurnished,1 BHK,Family,01-Jan-25,600 sqft,Naagarabhaavi,nop
18000.0,100000,Semi Furnished,2 BHK,Family,20-Dec-24,"1,000 sqft",Naagarabhaavi,nop
15000.0,150000,Unfurnished,2 BHK,Family,29-Jan-25,800 sqft,Naagarabhaavi,nop
7500.0,60000,Unfurnished,1 BHK,Family,Ready to Move,400 sqft,Naagarabhaavi,nop
14000.0,140000,Unfurnished,2 BHK,All,Ready to Move,600 sqft,Naagarabhaavi,nop
7000.0,60000,Unfurnished,1 BHK,Family,Ready to Move,450 sqft,Naagarabhaavi,nop
10000.0,50000,Unfurnished,1 BHK,Family,Ready to Move,500 sqft,Naagarabhaavi,nop
16000.0,100000,Semi Furnished,2 BHK,Bachelor,Ready to Move,600 sqft,Naagarabhaavi,nop
15000.0,150000,Unfurnished,2 BHK,All,28-Jan-25,800 sqft,Naagarabhaavi,nop
6500.0,80000,Unfurnished,1 BHK,Family,Ready to Move,400 sqft,Naagarabhaavi,nop
20500.0,200000,Unfurnished,3 BHK,Family,Ready to Move,"1,200 sqft",Naagarabhaavi,nop
7000.0,50000,Unfurnished,1 RK,Bachelor,Ready to Move,250 sqft,Naagarabhaavi,nop
26000.0,200000,Semi Furnished,2 BHK,All,Ready to Move,"1,100 sqft",Naagarabhaavi,2w
3500.0,20000,Fully Furnished,1 BHK,All,Ready to Move,400 sqft,Naagarabhaavi,2w
15000.0,100000,Semi Furnished,2 BHK,Family,Ready to Move,800 sqft,Naagarabhaavi,2w
20000.0,200000,Semi Furnished,2 BHK,Family,31-Dec-24,"1,300 sqft",Naagarabhaavi,2w
3500.0,10000,Semi Furnished,1 RK,Male,Ready to Move,150 sqft,Naagarabhaavi,2w
7500.0,50000,Semi Furnished,1 RK,Family,Ready to Move,400 sqft,Naagarabhaavi,2w
17500.0,175000,Semi Furnished,2 BHK,All,05-Feb-25,"1,200 sqft",Naagarabhaavi,2w
10000.0,80000,Fully Furnished,1 BHK,Female,01-Feb-25,500 sqft,Naagarabhaavi,2w
22000.0,200000,Semi Furnished,3 BHK,Family,Ready to Move,"1,200 sqft",Naagarabhaavi,2w
15500.0,100000,Semi Furnished,2 BHK,Family,Ready to Move,800 sqft,Naagarabhaavi,2w
17000.0,150000,Semi Furnished,2 BHK,All,Ready to Move,"1,200 sqft",Naagarabhaavi,2w
10000.0,100000,Semi Furnished,1 BHK,All,Ready to Move,600 sqft,Naagarabhaavi,2w
12000.0,100000,Semi Furnished,1 BHK,"Family, Bachelor",Ready to Move,800 sqft,Naagarabhaavi,2w
5000.0,45000,Fully Furnished,1 RK,Bachelor,Ready to Move,150 sqft,Naagarabhaavi,2w
20000.0,200000,Semi Furnished,3 BHK,Company,Ready to Move,"1,200 sqft",Naagarabhaavi,2w
5000.0,50000,Unfurnished,1 RK,Family,Ready to Move,400 sqft,Naagarabhaavi,2w
11500.0,100000,Unfurnished,2 BHK,Family,Ready to Move,800 sqft,Naagarabhaavi,2w
18600.0,100000,Semi Furnished,2 BHK,Family,Ready to Move,800 sqft,Naagarabhaavi,2w
10000.0,100000,Semi Furnished,1 BHK,Family,Ready to Move,400 sqft,Naagarabhaavi,2w
25000.0,200000,Unfurnished,2 BHK,Family,Ready to Move,700 sqft,Naagarabhaavi,2w
6750.0,50000,Unfurnished,1 BHK,Family,Ready to Move,550 sqft,Naagarabhaavi,2w
14000.0,140000,Semi Furnished,2 BHK,Family,01-Jan-25,850 sqft,Naagarabhaavi,2w
13500.0,80000,Semi Furnished,1 BHK,Family,Ready to Move,500 sqft,Naagarabhaavi,2w
27750.0,250000,Unfurnished,3 BHK,Family,Ready to Move,"1,000 sqft",Naagarabhaavi,2w
4000.0,25000,Unfurnished,1 BHK,Family,Ready to Move,425 sqft,Naagarabhaavi,2w
5000.0,25000,Unfurnished,1 RK,Bachelor,Ready to Move,200 sqft,Naagarabhaavi,2w
15000.0,150000,Semi Furnished,2 BHK,Family,Ready to Move,750 sqft,Naagarabhaavi,2w
9000.0,50000,Unfurnished,1 BHK,Family,Ready to Move,750 sqft,Naagarabhaavi,2w
6000.0,40000,Unfurnished,1 BHK,All,Ready to Move,400 sqft,Naagarabhaavi,2w
24000.0,100000,Fully Furnished,2 BHK,All,Ready to Move,700 sqft,Naagarabhaavi,2w
9500.0,80000,Semi Furnished,1 BHK,Family,Ready to Move,600 sqft,Naagarabhaavi,2w
13500.0,130000,Fully Furnished,1 BHK,Family,31-Jan-25,600 sqft,Naagarabhaavi,2w
17000.0,204000,Semi Furnished,1 BHK,All,Ready to Move,500 sqft,Naagarabhaavi,2w
15000.0,100000,Fully Furnished,2 BHK,Family,Ready to Move,900 sqft,Naagarabhaavi,2w
7000.0,50000,Semi Furnished,1 BHK,All,Ready to Move,300 sqft,Naagarabhaavi,2w
8000.0,80000,Fully Furnished,1 RK,Female,Ready to Move,500 sqft,Naagarabhaavi,2w
13800.0,100000,Unfurnished,2 BHK,Family,Ready to Move,800 sqft,Naagarabhaavi,2w
12000.0,100000,Unfurnished,2 BHK,Family,Ready to Move,800 sqft,Naagarabhaavi,2w
20300.0,150000,Semi Furnished,3 BHK,All,Ready to Move,850 sqft,Naagarabhaavi,2w
8000.0,60000,Semi Furnished,2 BHK,Family,30-Jan-25,650 sqft,Naagarabhaavi,2w
6000.0,50000,Semi Furnished,1 BHK,All,Ready to Move,350 sqft,Naagarabhaavi,2w
10500.0,50000,Semi Furnished,1 BHK,Family,Ready to Move,500 sqft,Naagarabhaavi,2w
16000.0,150000,Semi Furnished,2 BHK,Family,Ready to Move,800 sqft,Naagarabhaavi,2w
13000.0,70000,Unfurnished,2 BHK,Family,Ready to Move,700 sqft,Naagarabhaavi,2w
10500.0,75000,Fully Furnished,1 RK,All,Ready to Move,300 sqft,Naagarabhaavi,2w
10500.0,80000,Semi Furnished,2 BHK,Family,Ready to Move,700 sqft,Naagarabhaavi,2w
31500.0,300000,Semi Furnished,2 BHK,All,Ready to Move,"1,100 sqft",Naagarabhaavi,2w
15000.0,150000,Semi Furnished,2 BHK,All,Ready to Move,600 sqft,Naagarabhaavi,2w
11000.0,70000,Semi Furnished,1 BHK,Family,Ready to Move,450 sqft,Naagarabhaavi,2w
5500.0,50000,Unfurnished,1 BHK,Family,Ready to Move,400 sqft,Naagarabhaavi,2w
15000.0,100000,Semi Furnished,2 BHK,All,Ready to Move,700 sqft,Naagarabhaavi,2w
9000.0,70000,Unfurnished,1 BHK,Family,Ready to Move,600 sqft,Naagarabhaavi,2w
5500.0,50000,Semi Furnished,1 RK,Family,Ready to Move,250 sqft,Naagarabhaavi,2w
15000.0,100000,Fully Furnished,1 BHK,Family,Ready to Move,500 sqft,Naagarabhaavi,2w
10000.0,70000,Semi Furnished,1 BHK,All,14-Jan-25,500 sqft,Naagarabhaavi,2w
8500.0,85000,Semi Furnished,1 BHK,Family,Ready to Move,400 sqft,Naagarabhaavi,2w
6500.0,60000,Unfurnished,1 BHK,Family,17-Jan-25,400 sqft,Naagarabhaavi,2w
17000.0,170000,Semi Furnished,2 BHK,Family,Ready to Move,"1,200 sqft",Naagarabhaavi,2w
14000.0,100000,Fully Furnished,1 BHK,Family,Ready to Move,500 sqft,Naagarabhaavi,2w
4500.0,35000,Unfurnished,1 RK,Family,Ready to Move,300 sqft,Naagarabhaavi,2w
6000.0,50000,Unfurnished,1 BHK,Family,Ready to Move,600 sqft,Naagarabhaavi,2w
16000.0,150000,Semi Furnished,2 BHK,Family,Ready to Move,750 sqft,Naagarabhaavi,2w
14000.0,100000,Unfurnished,2 BHK,All,Ready to Move,700 sqft,Naagarabhaavi,2w
18500.0,150000,Semi Furnished,2 BHK,Family,Ready to Move,"1,200 sqft",Naagarabhaavi,2w
15000.0,100000,Semi Furnished,2 BHK,All,Ready to Move,550 sqft,Naagarabhaavi,2w
9000.0,90000,Unfurnished,1 BHK,Family,01-Jan-25,500 sqft,Naagarabhaavi,2w
14000.0,100000,Unfurnished,2 BHK,Family,Ready to Move,800 sqft,Naagarabhaavi,2w
9800.0,95000,Unfurnished,2 BHK,Family,Ready to Move,900 sqft,Naagarabhaavi,2w
10000.0,100000,Unfurnished,1 BHK,Family,Ready to Move,600 sqft,Naagarabhaavi,2w
4000.0,25000,Unfurnished,1 RK,Bachelor,Ready to Move,300 sqft,Naagarabhaavi,2w
12000.0,50000,Semi Furnished,2 BHK,Family,Ready to Move,700 sqft,Naagarabhaavi,2w
9000.0,50000,Unfurnished,1 BHK,Bachelor,Ready to Move,250 sqft,Naagarabhaavi,2w
26000.0,240000,Semi Furnished,2 BHK,Family,01-Jan-25,"1,200 sqft",Naagarabhaavi,2w
17500.0,200000,Semi Furnished,2 BHK,All,Ready to Move,"1,000 sqft",Naagarabhaavi,2w
10000.0,50000,Unfurnished,2 BHK,Family,14-Jan-25,550 sqft,Naagarabhaavi,2w
30000.0,300000,Fully Furnished,2 BHK,All,Ready to Move,"1,500 sqft",Naagarabhaavi,2w
28000.0,250000,Semi Furnished,3 BHK,Family,Ready to Move,"1,200 sqft",Naagarabhaavi,2w
25000.0,250000,Semi Furnished,3 BHK,All,Ready to Move,"1,200 sqft",Naagarabhaavi,2w
10000.0,100000,Semi Furnished,1 BHK,Family,01-Feb-25,500 sqft,Naagarabhaavi,2w
7000.0,70000,Unfurnished,1 BHK,All,Ready to Move,600 sqft,Naagarabhaavi,2w
25000.0,200000,Semi Furnished,3 BHK,All,Ready to Move,"1,250 sqft",Naagarabhaavi,2w
25000.0,200000,Fully Furnished,2 BHK,Family,Ready to Move,"1,250 sqft",Naagarabhaavi,2w
12000.0,100000,Unfurnished,1 BHK,Family,Ready to Move,550 sqft,Naagarabhaavi,2w
20000.0,200000,Semi Furnished,2 BHK,Family,15-Jan-25,800 sqft,Naagarabhaavi,2w
25000.0,300000,Semi Furnished,3 BHK,Family,Ready to Move,"1,200 sqft",Naagarabhaavi,2w
20000.0,200000,Semi Furnished,2 BHK,Family,Ready to Move,"1,000 sqft",Naagarabhaavi,2w
20000.0,200000,Semi Furnished,2 BHK,Family,Ready to Move,800 sqft,Naagarabhaavi,2w
25000.0,250000,Semi Furnished,1 BHK,Family,Ready to Move,800 sqft,Naagarabhaavi,2w
6500.0,60000,Semi Furnished,2 BHK,All,Ready to Move,600 sqft,Naagarabhaavi,2w
16500.0,150000,Semi Furnished,2 BHK,Family,Ready to Move,700 sqft,Naagarabhaavi,2w
22000.0,200000,Unfurnished,3 BHK,Family,Ready to Move,"1,200 sqft",Naagarabhaavi,2w
9875.0,90000,Semi Furnished,1 BHK,Family,01-Jan-25,600 sqft,Naagarabhaavi,2w
12000.0,100000,Semi Furnished,2 BHK,Family,Ready to Move,800 sqft,Naagarabhaavi,2w
6500.0,30000,Semi Furnished,1 RK,All,Ready to Move,350 sqft,Naagarabhaavi,2w
12000.0,80000,Unfurnished,2 BHK,Company,Ready to Move,"1,000 sqft",Naagarabhaavi,2w
12000.0,120000,Semi Furnished,1 BHK,Family,01-Jan-25,600 sqft,Naagarabhaavi,2w
8000.0,60000,Semi Furnished,1 BHK,All,Ready to Move,600 sqft,Naagarabhaavi,2w
13000.0,130000,Semi Furnished,2 BHK,All,01-Jan-25,730 sqft,Naagarabhaavi,2w
18000.0,180000,Semi Furnished,2 BHK,Family,Ready to Move,"1,000 sqft",Naagarabhaavi,2w
16000.0,100000,Semi Furnished,2 BHK,Family,Ready to Move,"1,200 sqft",Naagarabhaavi,2w
9000.0,80000,Unfurnished,1 BHK,Family,Ready to Move,600 sqft,Naagarabhaavi,2w
10000.0,100000,Semi Furnished,2 BHK,Family,Ready to Move,"1,250 sqft",Naagarabhaavi,2w
8200.0,60000,Semi Furnished,1 BHK,"Family, Male",Ready to Move,500 sqft,Naagarabhaavi,2w
6000.0,35000,Unfurnished,1 BHK,Family,23-Dec-24,600 sqft,Naagarabhaavi,2w
5000.0,40000,Semi Furnished,1 RK,All,Ready to Move,250 sqft,Naagarabhaavi,2w
10000.0,100000,Semi Furnished,2 BHK,All,Ready to Move,"1,200 sqft",Naagarabhaavi,2w
10000.0,100000,Semi Furnished,1 BHK,Family,Ready to Move,500 sqft,Naagarabhaavi,2w
14000.0,100000,Semi Furnished,2 BHK,Family,20-Dec-24,800 sqft,Naagarabhaavi,2w
7000.0,50000,Semi Furnished,1 RK,All,Ready to Move,150 sqft,Naagarabhaavi,2w
7000.0,50000,Unfurnished,1 BHK,Family,Ready to Move,600 sqft,Naagarabhaavi,2w
6000.0,70000,Unfurnished,1 BHK,Family,01-Feb-25,400 sqft,Naagarabhaavi,2w
18000.0,100000,Semi Furnished,2 BHK,Family,31-Jan-25,900 sqft,Naagarabhaavi,2w
18500.0,200000,Semi Furnished,2 BHK,Family,Ready to Move,950 sqft,Naagarabhaavi,2w
6000.0,60000,Unfurnished,1 BHK,Family,Ready to Move,600 sqft,Naagarabhaavi,2w
6500.0,30000,Unfurnished,1 BHK,All,10-Jan-25,350 sqft,Naagarabhaavi,2w
15000.0,150000,Fully Furnished,2 BHK,All,15-Dec-24,800 sqft,Naagarabhaavi,2w
5000.0,50000,Unfurnished,1 BHK,Family,Ready to Move,650 sqft,Naagarabhaavi,2w
11600.0,100000,Unfurnished,2 BHK,All,Ready to Move,600 sqft,Naagarabhaavi,2w
6000.0,50000,Semi Furnished,1 BHK,Company,Ready to Move,400 sqft,Naagarabhaavi,2w
13000.0,100000,Semi Furnished,2 BHK,Family,Ready to Move,850 sqft,Naagarabhaavi,2w
7500.0,60000,Unfurnished,1 BHK,All,Ready to Move,"1,000 sqft",Naagarabhaavi,2w
3000.0,20000,Semi Furnished,1 RK,Family,Ready to Move,300 sqft,Naagarabhaavi,2w
8500.0,50000,Semi Furnished,1 BHK,All,Ready to Move,500 sqft,Naagarabhaavi,2w
25000.0,80000,Fully Furnished,2 BHK,All,16-Dec-24,800 sqft,Naagarabhaavi,4w
60000.0,330000,Fully Furnished,3 BHK,Company,Ready to Move,"2,000 sqft",Naagarabhaavi,4w
20000.0,200000,Semi Furnished,2 BHK,Company,Ready to Move,"1,200 sqft",Naagarabhaavi,4w
8500.0,50000,Unfurnished,1 BHK,All,Ready to Move,500 sqft,Naagarabhaavi,4w
9000.0,100000,Unfurnished,2 BHK,Family,Ready to Move,"1,000 sqft",Naagarabhaavi,4w
20500.0,200000,Unfurnished,2 BHK,"Family, Company",Ready to Move,900 sqft,Naagarabhaavi,4w
10000.0,100000,Semi Furnished,1 BHK,Family,15-Dec-24,550 sqft,Naagarabhaavi,4w
30000.0,250000,Semi Furnished,3 BHK,Family,Ready to Move,"1,782 sqft",Naagarabhaavi,4w
40000.0,200000,Semi Furnished,3 BHK,"Family, Male",Ready to Move,"1,800 sqft",Naagarabhaavi,4w
27000.0,200000,Semi Furnished,2 BHK,Company,01-Jan-25,"1,100 sqft",Naagarabhaavi,4w
38000.0,300000,Fully Furnished,2 BHK,All,Ready to Move,"1,000 sqft",Naagarabhaavi,4w
24000.0,225000,Semi Furnished,2 BHK,Family,Ready to Move,"1,050 sqft",Naagarabhaavi,4w
6500.0,50000,Semi Furnished,1 RK,All,Ready to Move,450 sqft,Naagarabhaavi,4w
20000.0,200000,Semi Furnished,2 BHK,All,Ready to Move,800 sqft,Naagarabhaavi,4w
25000.0,300000,Semi Furnished,3 BHK,Family,Ready to Move,900 sqft,Naagarabhaavi,4w
23000.0,100000,Semi Furnished,2 BHK,Family,Ready to Move,750 sqft,Naagarabhaavi,4w
19000.0,150000,Semi Furnished,2 BHK,Family,Ready to Move,900 sqft,Naagarabhaavi,4w
35500.0,500000,Fully Furnished,3 BHK,Family,31-Dec-24,950 sqft,Naagarabhaavi,4w
26000.0,180000,Fully Furnished,3 BHK,Family,Ready to Move,"1,200 sqft",Naagarabhaavi,4w
25000.0,250000,Semi Furnished,2 BHK,All,Ready to Move,"1,500 sqft",Naagarabhaavi,4w
8500.0,90000,Semi Furnished,1 BHK,Family,Ready to Move,600 sqft,Naagarabhaavi,4w
15000.0,150000,Semi Furnished,2 BHK,All,01-Jan-25,"1,200 sqft",Naagarabhaavi,4w
12000.0,100000,Unfurnished,2 BHK,Family,01-Jan-25,"1,000 sqft",Naagarabhaavi,4w
15000.0,150000,Semi Furnished,2 BHK,Family,Ready to Move,"1,200 sqft",Naagarabhaavi,4w
10000.0,60000,Semi Furnished,1 BHK,Family,Ready to Move,600 sqft,Naagarabhaavi,4w
26500.0,260000,Fully Furnished,3 BHK,Family,31-Jan-25,"1,200 sqft",Naagarabhaavi,4w
15300.0,130000,Semi Furnished,2 BHK,Family,01-Feb-25,900 sqft,Naagarabhaavi,4w
50000.0,500000,Semi Furnished,3 BHK,Family,Ready to Move,"2,500 sqft",Naagarabhaavi,4w
11300.0,100000,Fully Furnished,1 BHK,All,01-Jan-25,700 sqft,Naagarabhaavi,4w
45000.0,450000,Semi Furnished,3 BHK,Family,16-Dec-24,"2,200 sqft",Naagarabhaavi,4w
15000.0,150000,Semi Furnished,2 BHK,Family,Ready to Move,600 sqft,Naagarabhaavi,4w
12350.0,100000,Fully Furnished,2 BHK,All,01-Jan-25,600 sqft,Naagarabhaavi,4w
26000.0,250000,Semi Furnished,2 BHK,Family,30-Jan-25,800 sqft,Naagarabhaavi,4w
22000.0,300000,Semi Furnished,3 BHK,All,01-Jan-25,"1,500 sqft",Naagarabhaavi,4w
35000.0,300000,Semi Furnished,3 BHK,All,Ready to Move,"1,500 sqft",Naagarabhaavi,4w
20000.0,200000,Fully Furnished,2 BHK,Family,Ready to Move,"1,200 sqft",Naagarabhaavi,4w
50000.0,500000,Semi Furnished,3 BHK,Family,Ready to Move,"1,800 sqft",Naagarabhaavi,4w
30200.0,250000,Fully Furnished,2 BHK,Family,09-Jan-25,"1,240 sqft",Naagarabhaavi,4w
3800.0,20000,Semi Furnished,1 BHK,All,Ready to Move,320 sqft,Naagarabhaavi,4w
16500.0,20000,Semi Furnished,2 BHK,All,Ready to Move,"1,000 sqft",Naagarabhaavi,4w
12000.0,120000,Unfurnished,2 BHK,Family,Ready to Move,800 sqft,Naagarabhaavi,4w
25000.0,250000,Semi Furnished,2 BHK,Family,Ready to Move,"1,400 sqft",Naagarabhaavi,4w
8000.0,60000,Semi Furnished,2 BHK,Family,Ready to Move,"1,200 sqft",Naagarabhaavi,4w
20000.0,200000,Unfurnished,3 BHK,All,27-Jan-25,"1,200 sqft",Naagarabhaavi,4w
4500.0,60000,Unfurnished,1 RK,All,Ready to Move,200 sqft,Naagarabhaavi,4w
6500.0,65000,Unfurnished,1 BHK,Family,Ready to Move,350 sqft,Naagarabhaavi,4w
8000.0,80000,Fully Furnished,2 BHK,Family,05-Feb-25,"1,200 sqft",Naagarabhaavi,4w
10000.0,50000,Semi Furnished,1 BHK,Family,Ready to Move,600 sqft,Naagarabhaavi,4w
20000.0,200000,Semi Furnished,2 BHK,Family,Ready to Move,"1,200 sqft",Naagarabhaavi,4w
30000.0,300000,Semi Furnished,3 BHK,Family,Ready to Move,"1,200 sqft",Naagarabhaavi,4w
35000.0,350000,Fully Furnished,3 BHK,Family,20-Dec-24,"2,500 sqft",Naagarabhaavi,4w
20000.0,200000,Unfurnished,2 BHK,All,15-Jan-25,"1,200 sqft",Naagarabhaavi,4w
22000.0,200000,Semi Furnished,3 BHK,All,Ready to Move,"1,200 sqft",Naagarabhaavi,4w
30000.0,200000,Fully Furnished,2 BHK,Family,Ready to Move,"1,000 sqft",Naagarabhaavi,4w
21500.0,200000,Semi Furnished,2 BHK,All,Ready to Move,"1,000 sqft",Naagarabhaavi,4w
13000.0,100000,Semi Furnished,2 BHK,All,Ready to Move,800 sqft,Naagarabhaavi,4w
23200.0,220000,Semi Furnished,3 BHK,All,01-Jan-25,"1,300 sqft",Naagarabhaavi,4w
23000.0,150000,Semi Furnished,2 BHK,Family,Ready to Move,"1,130 sqft",Naagarabhaavi,4w
16500.0,150000,Semi Furnished,2 BHK,Family,20-Jan-25,800 sqft,Naagarabhaavi,4w
9000.0,50000,Semi Furnished,1 BHK,Family,Ready to Move,400 sqft,Naagarabhaavi,4w
